ISO-10303-21;
HEADER;
/* Generated by software containing ST-Developer
 * from STEP Tools, Inc. (www.steptools.com) 
 */

FILE_DESCRIPTION(
/* description */ (''),
/* implementation_level */ '2;1');

FILE_NAME(
/* name */ 'Case Top.step',
/* time_stamp */ '2026-09-27T19:03:39+02:00',
/* author */ (''),
/* organization */ (''),
/* preprocessor_version */ 'ST-DEVELOPER v20.1',
/* originating_system */ 'Autodesk Translation Framework v15.8.0.0',
/* authorisation */ '');

FILE_SCHEMA (('AUTOMOTIVE_DESIGN { 1 0 10303 214 3 1 1 }'));
ENDSEC;

DATA;
#10=MECHANICAL_DESIGN_GEOMETRIC_PRESENTATION_REPRESENTATION('',(#13),#4594);
#11=SHAPE_REPRESENTATION_RELATIONSHIP('SRR','None',#4600,#12);
#12=ADVANCED_BREP_SHAPE_REPRESENTATION('',(#14),#4593);
#13=STYLED_ITEM('',(#4609),#14);
#14=MANIFOLD_SOLID_BREP('Case Top',#2656);
#15=CYLINDRICAL_SURFACE('',#2726,0.999999999999996);
#16=CYLINDRICAL_SURFACE('',#2728,1.);
#17=CYLINDRICAL_SURFACE('',#2730,0.999999999999996);
#18=CYLINDRICAL_SURFACE('',#2732,1.);
#19=CYLINDRICAL_SURFACE('',#2738,1.25);
#20=CYLINDRICAL_SURFACE('',#2741,3.5);
#21=CYLINDRICAL_SURFACE('',#2746,2.99999999999999);
#22=CYLINDRICAL_SURFACE('',#2752,1.24999999999999);
#23=CYLINDRICAL_SURFACE('',#2755,3.5);
#24=CYLINDRICAL_SURFACE('',#2759,3.);
#25=CYLINDRICAL_SURFACE('',#2766,1.25);
#26=CYLINDRICAL_SURFACE('',#2769,3.5);
#27=CYLINDRICAL_SURFACE('',#2773,3.);
#28=CYLINDRICAL_SURFACE('',#2779,1.25);
#29=CYLINDRICAL_SURFACE('',#2782,3.5);
#30=CYLINDRICAL_SURFACE('',#2787,3.);
#31=CYLINDRICAL_SURFACE('',#2792,3.5);
#32=CYLINDRICAL_SURFACE('',#2798,3.5);
#33=CYLINDRICAL_SURFACE('',#2804,1.15);
#34=CYLINDRICAL_SURFACE('',#2806,2.5);
#35=CYLINDRICAL_SURFACE('',#2809,1.15);
#36=CYLINDRICAL_SURFACE('',#2811,2.5);
#37=CYLINDRICAL_SURFACE('',#2814,1.15);
#38=CYLINDRICAL_SURFACE('',#2817,2.5);
#39=CYLINDRICAL_SURFACE('',#2821,1.15);
#40=CYLINDRICAL_SURFACE('',#2824,2.5);
#41=CYLINDRICAL_SURFACE('',#2828,1.15);
#42=CYLINDRICAL_SURFACE('',#2832,1.15);
#43=CYLINDRICAL_SURFACE('',#2838,1.);
#44=CYLINDRICAL_SURFACE('',#2840,1.);
#45=CYLINDRICAL_SURFACE('',#2842,0.999999999999999);
#46=CYLINDRICAL_SURFACE('',#2844,1.);
#47=CYLINDRICAL_SURFACE('',#2845,1.00000001490116);
#48=CYLINDRICAL_SURFACE('',#2846,1.00000001490116);
#49=CYLINDRICAL_SURFACE('',#2847,1.00000001490116);
#50=CYLINDRICAL_SURFACE('',#2848,2.5);
#51=CYLINDRICAL_SURFACE('',#2849,2.5);
#52=CYLINDRICAL_SURFACE('',#2857,4.);
#53=CYLINDRICAL_SURFACE('',#2864,4.);
#54=CYLINDRICAL_SURFACE('',#2865,2.6);
#55=CYLINDRICAL_SURFACE('',#2867,1.15);
#56=CYLINDRICAL_SURFACE('',#2869,4.);
#57=CYLINDRICAL_SURFACE('',#2871,1.15);
#58=CYLINDRICAL_SURFACE('',#2873,4.);
#59=CYLINDRICAL_SURFACE('',#2876,3.);
#60=CYLINDRICAL_SURFACE('',#2878,2.99999999999999);
#61=CYLINDRICAL_SURFACE('',#2881,3.);
#62=CYLINDRICAL_SURFACE('',#2882,3.);
#63=CYLINDRICAL_SURFACE('',#2884,5.00000007450581);
#64=CYLINDRICAL_SURFACE('',#2888,3.00000004470348);
#65=CYLINDRICAL_SURFACE('',#2893,1.00000001490116);
#66=CYLINDRICAL_SURFACE('',#2897,13.0000001937151);
#67=CYLINDRICAL_SURFACE('',#2901,11.0000001639128);
#68=CYLINDRICAL_SURFACE('',#2906,9.00000013411045);
#69=CYLINDRICAL_SURFACE('',#2910,7.00000010430813);
#70=CYLINDRICAL_SURFACE('',#2915,5.00000007450581);
#71=CYLINDRICAL_SURFACE('',#2919,3.00000004470348);
#72=CYLINDRICAL_SURFACE('',#2924,9.00000013411045);
#73=CYLINDRICAL_SURFACE('',#2928,7.00000010430813);
#74=CYLINDRICAL_SURFACE('',#2933,13.0000001937151);
#75=CYLINDRICAL_SURFACE('',#2937,11.0000001639128);
#76=CYLINDRICAL_SURFACE('',#2947,1.);
#77=CYLINDRICAL_SURFACE('',#2949,5.);
#78=CYLINDRICAL_SURFACE('',#2955,1.);
#79=CYLINDRICAL_SURFACE('',#2957,5.);
#80=CYLINDRICAL_SURFACE('',#2963,1.);
#81=CYLINDRICAL_SURFACE('',#2965,4.99999999999999);
#82=CYLINDRICAL_SURFACE('',#2971,1.);
#83=CYLINDRICAL_SURFACE('',#2972,5.);
#84=CONICAL_SURFACE('',#2677,4.,0.0831412318884413);
#85=CONICAL_SURFACE('',#2683,4.,0.0831412318884413);
#86=FACE_BOUND('',#771,.T.);
#87=FACE_BOUND('',#772,.T.);
#88=FACE_BOUND('',#773,.T.);
#89=FACE_BOUND('',#774,.T.);
#90=FACE_BOUND('',#775,.T.);
#91=FACE_BOUND('',#776,.T.);
#92=FACE_BOUND('',#777,.T.);
#93=FACE_BOUND('',#783,.T.);
#94=FACE_BOUND('',#784,.T.);
#95=FACE_BOUND('',#785,.T.);
#96=FACE_BOUND('',#786,.T.);
#97=FACE_BOUND('',#787,.T.);
#98=FACE_BOUND('',#788,.T.);
#99=FACE_BOUND('',#789,.T.);
#100=FACE_BOUND('',#793,.T.);
#101=FACE_BOUND('',#796,.T.);
#102=FACE_BOUND('',#797,.T.);
#103=FACE_BOUND('',#798,.T.);
#104=FACE_BOUND('',#799,.T.);
#105=FACE_BOUND('',#800,.T.);
#106=FACE_BOUND('',#801,.T.);
#107=FACE_BOUND('',#802,.T.);
#108=FACE_BOUND('',#812,.T.);
#109=FACE_BOUND('',#818,.T.);
#110=FACE_BOUND('',#822,.T.);
#111=FACE_BOUND('',#828,.T.);
#112=FACE_BOUND('',#831,.T.);
#113=FACE_BOUND('',#837,.T.);
#114=FACE_BOUND('',#840,.T.);
#115=FACE_BOUND('',#846,.T.);
#116=FACE_BOUND('',#858,.T.);
#117=FACE_BOUND('',#862,.T.);
#118=FACE_BOUND('',#866,.T.);
#119=FACE_BOUND('',#871,.T.);
#120=FACE_BOUND('',#875,.T.);
#121=FACE_BOUND('',#878,.T.);
#122=FACE_BOUND('',#894,.T.);
#123=FACE_BOUND('',#897,.T.);
#124=FACE_BOUND('',#899,.T.);
#125=FACE_BOUND('',#959,.T.);
#126=FACE_BOUND('',#960,.T.);
#127=FACE_BOUND('',#961,.T.);
#128=FACE_BOUND('',#962,.T.);
#129=FACE_BOUND('',#963,.T.);
#130=FACE_BOUND('',#964,.T.);
#131=FACE_BOUND('',#965,.T.);
#132=FACE_BOUND('',#966,.T.);
#133=FACE_BOUND('',#969,.T.);
#134=LINE('',#3832,#339);
#135=LINE('',#3836,#340);
#136=LINE('',#3840,#341);
#137=LINE('',#3844,#342);
#138=LINE('',#3868,#343);
#139=LINE('',#3878,#344);
#140=LINE('',#3885,#345);
#141=LINE('',#3887,#346);
#142=LINE('',#3889,#347);
#143=LINE('',#3890,#348);
#144=LINE('',#3894,#349);
#145=LINE('',#3896,#350);
#146=LINE('',#3898,#351);
#147=LINE('',#3899,#352);
#148=LINE('',#3902,#353);
#149=LINE('',#3906,#354);
#150=LINE('',#3910,#355);
#151=LINE('',#3914,#356);
#152=LINE('',#3918,#357);
#153=LINE('',#3922,#358);
#154=LINE('',#3926,#359);
#155=LINE('',#3930,#360);
#156=LINE('',#3945,#361);
#157=LINE('',#3947,#362);
#158=LINE('',#3949,#363);
#159=LINE('',#3950,#364);
#160=LINE('',#3964,#365);
#161=LINE('',#3968,#366);
#162=LINE('',#3972,#367);
#163=LINE('',#3975,#368);
#164=LINE('',#3982,#369);
#165=LINE('',#3984,#370);
#166=LINE('',#3986,#371);
#167=LINE('',#3988,#372);
#168=LINE('',#3990,#373);
#169=LINE('',#3992,#374);
#170=LINE('',#3994,#375);
#171=LINE('',#3996,#376);
#172=LINE('',#3998,#377);
#173=LINE('',#4000,#378);
#174=LINE('',#4001,#379);
#175=LINE('',#4014,#380);
#176=LINE('',#4018,#381);
#177=LINE('',#4022,#382);
#178=LINE('',#4026,#383);
#179=LINE('',#4029,#384);
#180=LINE('',#4030,#385);
#181=LINE('',#4032,#386);
#182=LINE('',#4034,#387);
#183=LINE('',#4036,#388);
#184=LINE('',#4038,#389);
#185=LINE('',#4040,#390);
#186=LINE('',#4042,#391);
#187=LINE('',#4047,#392);
#188=LINE('',#4051,#393);
#189=LINE('',#4053,#394);
#190=LINE('',#4056,#395);
#191=LINE('',#4061,#396);
#192=LINE('',#4063,#397);
#193=LINE('',#4064,#398);
#194=LINE('',#4068,#399);
#195=LINE('',#4071,#400);
#196=LINE('',#4073,#401);
#197=LINE('',#4074,#402);
#198=LINE('',#4079,#403);
#199=LINE('',#4081,#404);
#200=LINE('',#4085,#405);
#201=LINE('',#4087,#406);
#202=LINE('',#4089,#407);
#203=LINE('',#4091,#408);
#204=LINE('',#4093,#409);
#205=LINE('',#4095,#410);
#206=LINE('',#4096,#411);
#207=LINE('',#4097,#412);
#208=LINE('',#4099,#413);
#209=LINE('',#4104,#414);
#210=LINE('',#4106,#415);
#211=LINE('',#4109,#416);
#212=LINE('',#4114,#417);
#213=LINE('',#4116,#418);
#214=LINE('',#4117,#419);
#215=LINE('',#4120,#420);
#216=LINE('',#4124,#421);
#217=LINE('',#4125,#422);
#218=LINE('',#4130,#423);
#219=LINE('',#4134,#424);
#220=LINE('',#4140,#425);
#221=LINE('',#4142,#426);
#222=LINE('',#4145,#427);
#223=LINE('',#4150,#428);
#224=LINE('',#4152,#429);
#225=LINE('',#4153,#430);
#226=LINE('',#4157,#431);
#227=LINE('',#4160,#432);
#228=LINE('',#4161,#433);
#229=LINE('',#4166,#434);
#230=LINE('',#4169,#435);
#231=LINE('',#4173,#436);
#232=LINE('',#4176,#437);
#233=LINE('',#4179,#438);
#234=LINE('',#4184,#439);
#235=LINE('',#4185,#440);
#236=LINE('',#4189,#441);
#237=LINE('',#4192,#442);
#238=LINE('',#4194,#443);
#239=LINE('',#4195,#444);
#240=LINE('',#4200,#445);
#241=LINE('',#4204,#446);
#242=LINE('',#4206,#447);
#243=LINE('',#4207,#448);
#244=LINE('',#4208,#449);
#245=LINE('',#4218,#450);
#246=LINE('',#4228,#451);
#247=LINE('',#4238,#452);
#248=LINE('',#4242,#453);
#249=LINE('',#4247,#454);
#250=LINE('',#4251,#455);
#251=LINE('',#4258,#456);
#252=LINE('',#4262,#457);
#253=LINE('',#4270,#458);
#254=LINE('',#4274,#459);
#255=LINE('',#4282,#460);
#256=LINE('',#4289,#461);
#257=LINE('',#4294,#462);
#258=LINE('',#4295,#463);
#259=LINE('',#4297,#464);
#260=LINE('',#4299,#465);
#261=LINE('',#4301,#466);
#262=LINE('',#4303,#467);
#263=LINE('',#4305,#468);
#264=LINE('',#4307,#469);
#265=LINE('',#4310,#470);
#266=LINE('',#4312,#471);
#267=LINE('',#4314,#472);
#268=LINE('',#4316,#473);
#269=LINE('',#4318,#474);
#270=LINE('',#4333,#475);
#271=LINE('',#4334,#476);
#272=LINE('',#4346,#477);
#273=LINE('',#4347,#478);
#274=LINE('',#4351,#479);
#275=LINE('',#4355,#480);
#276=LINE('',#4357,#481);
#277=LINE('',#4362,#482);
#278=LINE('',#4364,#483);
#279=LINE('',#4372,#484);
#280=LINE('',#4374,#485);
#281=LINE('',#4375,#486);
#282=LINE('',#4384,#487);
#283=LINE('',#4387,#488);
#284=LINE('',#4390,#489);
#285=LINE('',#4392,#490);
#286=LINE('',#4393,#491);
#287=LINE('',#4398,#492);
#288=LINE('',#4401,#493);
#289=LINE('',#4402,#494);
#290=LINE('',#4408,#495);
#291=LINE('',#4416,#496);
#292=LINE('',#4419,#497);
#293=LINE('',#4422,#498);
#294=LINE('',#4424,#499);
#295=LINE('',#4425,#500);
#296=LINE('',#4430,#501);
#297=LINE('',#4433,#502);
#298=LINE('',#4434,#503);
#299=LINE('',#4441,#504);
#300=LINE('',#4444,#505);
#301=LINE('',#4447,#506);
#302=LINE('',#4449,#507);
#303=LINE('',#4450,#508);
#304=LINE('',#4455,#509);
#305=LINE('',#4458,#510);
#306=LINE('',#4459,#511);
#307=LINE('',#4466,#512);
#308=LINE('',#4469,#513);
#309=LINE('',#4472,#514);
#310=LINE('',#4474,#515);
#311=LINE('',#4475,#516);
#312=LINE('',#4480,#517);
#313=LINE('',#4483,#518);
#314=LINE('',#4484,#519);
#315=LINE('',#4491,#520);
#316=LINE('',#4494,#521);
#317=LINE('',#4497,#522);
#318=LINE('',#4499,#523);
#319=LINE('',#4500,#524);
#320=LINE('',#4505,#525);
#321=LINE('',#4508,#526);
#322=LINE('',#4509,#527);
#323=LINE('',#4516,#528);
#324=LINE('',#4519,#529);
#325=LINE('',#4522,#530);
#326=LINE('',#4524,#531);
#327=LINE('',#4525,#532);
#328=LINE('',#4530,#533);
#329=LINE('',#4533,#534);
#330=LINE('',#4534,#535);
#331=LINE('',#4545,#536);
#332=LINE('',#4556,#537);
#333=LINE('',#4568,#538);
#334=LINE('',#4570,#539);
#335=LINE('',#4575,#540);
#336=LINE('',#4582,#541);
#337=LINE('',#4585,#542);
#338=LINE('',#4589,#543);
#339=VECTOR('',#2989,10.);
#340=VECTOR('',#2992,10.);
#341=VECTOR('',#2995,10.);
#342=VECTOR('',#2998,10.);
#343=VECTOR('',#3023,4.);
#344=VECTOR('',#3036,4.);
#345=VECTOR('',#3043,10.);
#346=VECTOR('',#3044,10.);
#347=VECTOR('',#3045,10.);
#348=VECTOR('',#3046,10.);
#349=VECTOR('',#3049,10.);
#350=VECTOR('',#3050,10.);
#351=VECTOR('',#3051,10.);
#352=VECTOR('',#3052,10.);
#353=VECTOR('',#3053,10.);
#354=VECTOR('',#3056,10.);
#355=VECTOR('',#3059,10.);
#356=VECTOR('',#3062,10.);
#357=VECTOR('',#3065,10.);
#358=VECTOR('',#3068,10.);
#359=VECTOR('',#3071,10.);
#360=VECTOR('',#3074,10.);
#361=VECTOR('',#3089,10.);
#362=VECTOR('',#3090,10.);
#363=VECTOR('',#3091,10.);
#364=VECTOR('',#3092,10.);
#365=VECTOR('',#3107,10.);
#366=VECTOR('',#3110,10.);
#367=VECTOR('',#3113,10.);
#368=VECTOR('',#3116,10.);
#369=VECTOR('',#3125,10.);
#370=VECTOR('',#3126,10.);
#371=VECTOR('',#3127,10.);
#372=VECTOR('',#3128,10.);
#373=VECTOR('',#3129,10.);
#374=VECTOR('',#3130,10.);
#375=VECTOR('',#3131,5.);
#376=VECTOR('',#3132,10.);
#377=VECTOR('',#3133,10.);
#378=VECTOR('',#3134,10.);
#379=VECTOR('',#3135,5.);
#380=VECTOR('',#3146,10.);
#381=VECTOR('',#3149,10.);
#382=VECTOR('',#3152,10.);
#383=VECTOR('',#3155,10.);
#384=VECTOR('',#3160,10.);
#385=VECTOR('',#3161,10.);
#386=VECTOR('',#3164,10.);
#387=VECTOR('',#3167,10.);
#388=VECTOR('',#3170,10.);
#389=VECTOR('',#3173,10.);
#390=VECTOR('',#3176,10.);
#391=VECTOR('',#3179,10.);
#392=VECTOR('',#3184,10.);
#393=VECTOR('',#3187,10.);
#394=VECTOR('',#3188,10.);
#395=VECTOR('',#3191,10.);
#396=VECTOR('',#3196,10.);
#397=VECTOR('',#3197,10.);
#398=VECTOR('',#3198,10.);
#399=VECTOR('',#3203,1.6);
#400=VECTOR('',#3206,10.);
#401=VECTOR('',#3207,10.);
#402=VECTOR('',#3208,10.);
#403=VECTOR('',#3215,10.);
#404=VECTOR('',#3216,10.);
#405=VECTOR('',#3221,10.);
#406=VECTOR('',#3222,10.);
#407=VECTOR('',#3223,10.);
#408=VECTOR('',#3224,10.);
#409=VECTOR('',#3225,10.);
#410=VECTOR('',#3226,10.);
#411=VECTOR('',#3227,4.99999999999999);
#412=VECTOR('',#3228,4.99999999999999);
#413=VECTOR('',#3231,10.);
#414=VECTOR('',#3236,10.);
#415=VECTOR('',#3237,10.);
#416=VECTOR('',#3240,10.);
#417=VECTOR('',#3245,10.);
#418=VECTOR('',#3246,10.);
#419=VECTOR('',#3247,10.);
#420=VECTOR('',#3250,1.24999999999999);
#421=VECTOR('',#3255,10.);
#422=VECTOR('',#3256,10.);
#423=VECTOR('',#3263,10.);
#424=VECTOR('',#3268,5.);
#425=VECTOR('',#3275,10.);
#426=VECTOR('',#3276,10.);
#427=VECTOR('',#3279,10.);
#428=VECTOR('',#3284,10.);
#429=VECTOR('',#3285,10.);
#430=VECTOR('',#3286,10.);
#431=VECTOR('',#3291,1.6);
#432=VECTOR('',#3294,10.);
#433=VECTOR('',#3295,10.);
#434=VECTOR('',#3302,10.);
#435=VECTOR('',#3307,10.);
#436=VECTOR('',#3310,10.);
#437=VECTOR('',#3313,10.);
#438=VECTOR('',#3316,10.);
#439=VECTOR('',#3321,10.);
#440=VECTOR('',#3322,10.);
#441=VECTOR('',#3327,1.6);
#442=VECTOR('',#3330,10.);
#443=VECTOR('',#3331,10.);
#444=VECTOR('',#3332,10.);
#445=VECTOR('',#3339,10.);
#446=VECTOR('',#3344,10.);
#447=VECTOR('',#3345,10.);
#448=VECTOR('',#3346,5.);
#449=VECTOR('',#3347,5.);
#450=VECTOR('',#3360,3.5);
#451=VECTOR('',#3373,3.5);
#452=VECTOR('',#3386,1.15);
#453=VECTOR('',#3391,2.5);
#454=VECTOR('',#3398,1.15);
#455=VECTOR('',#3403,2.5);
#456=VECTOR('',#3412,1.15);
#457=VECTOR('',#3417,2.5);
#458=VECTOR('',#3428,1.15);
#459=VECTOR('',#3433,2.5);
#460=VECTOR('',#3444,1.15);
#461=VECTOR('',#3453,1.15);
#462=VECTOR('',#3462,10.);
#463=VECTOR('',#3463,10.);
#464=VECTOR('',#3466,10.);
#465=VECTOR('',#3469,10.);
#466=VECTOR('',#3472,10.);
#467=VECTOR('',#3475,10.);
#468=VECTOR('',#3478,10.);
#469=VECTOR('',#3481,10.);
#470=VECTOR('',#3486,1.00000001490116);
#471=VECTOR('',#3489,1.00000001490116);
#472=VECTOR('',#3492,1.00000001490116);
#473=VECTOR('',#3495,2.5);
#474=VECTOR('',#3498,2.5);
#475=VECTOR('',#3515,10.);
#476=VECTOR('',#3516,10.);
#477=VECTOR('',#3531,10.);
#478=VECTOR('',#3532,10.);
#479=VECTOR('',#3537,2.6);
#480=VECTOR('',#3542,1.15);
#481=VECTOR('',#3545,4.);
#482=VECTOR('',#3552,1.15);
#483=VECTOR('',#3555,4.);
#484=VECTOR('',#3568,10.);
#485=VECTOR('',#3571,10.);
#486=VECTOR('',#3572,5.);
#487=VECTOR('',#3583,10.);
#488=VECTOR('',#3586,10.);
#489=VECTOR('',#3589,10.);
#490=VECTOR('',#3590,10.);
#491=VECTOR('',#3591,10.);
#492=VECTOR('',#3596,10.);
#493=VECTOR('',#3601,10.);
#494=VECTOR('',#3602,10.);
#495=VECTOR('',#3609,1.00000001490116);
#496=VECTOR('',#3618,10.);
#497=VECTOR('',#3621,10.);
#498=VECTOR('',#3624,10.);
#499=VECTOR('',#3625,10.);
#500=VECTOR('',#3626,10.);
#501=VECTOR('',#3631,10.);
#502=VECTOR('',#3636,10.);
#503=VECTOR('',#3637,10.);
#504=VECTOR('',#3644,10.);
#505=VECTOR('',#3647,10.);
#506=VECTOR('',#3650,10.);
#507=VECTOR('',#3651,10.);
#508=VECTOR('',#3652,10.);
#509=VECTOR('',#3657,10.);
#510=VECTOR('',#3662,10.);
#511=VECTOR('',#3663,10.);
#512=VECTOR('',#3670,10.);
#513=VECTOR('',#3673,10.);
#514=VECTOR('',#3676,10.);
#515=VECTOR('',#3677,10.);
#516=VECTOR('',#3678,10.);
#517=VECTOR('',#3683,10.);
#518=VECTOR('',#3688,10.);
#519=VECTOR('',#3689,10.);
#520=VECTOR('',#3696,10.);
#521=VECTOR('',#3699,10.);
#522=VECTOR('',#3702,10.);
#523=VECTOR('',#3703,10.);
#524=VECTOR('',#3704,10.);
#525=VECTOR('',#3709,10.);
#526=VECTOR('',#3714,10.);
#527=VECTOR('',#3715,10.);
#528=VECTOR('',#3722,10.);
#529=VECTOR('',#3725,10.);
#530=VECTOR('',#3728,10.);
#531=VECTOR('',#3729,10.);
#532=VECTOR('',#3730,10.);
#533=VECTOR('',#3735,10.);
#534=VECTOR('',#3740,10.);
#535=VECTOR('',#3741,10.);
#536=VECTOR('',#3756,10.);
#537=VECTOR('',#3773,10.);
#538=VECTOR('',#3790,10.);
#539=VECTOR('',#3791,10.);
#540=VECTOR('',#3798,10.);
#541=VECTOR('',#3809,10.);
#542=VECTOR('',#3812,10.);
#543=VECTOR('',#3819,10.);
#544=PLANE('',#2662);
#545=PLANE('',#2686);
#546=PLANE('',#2687);
#547=PLANE('',#2701);
#548=PLANE('',#2707);
#549=PLANE('',#2715);
#550=PLANE('',#2725);
#551=PLANE('',#2727);
#552=PLANE('',#2729);
#553=PLANE('',#2731);
#554=PLANE('',#2733);
#555=PLANE('',#2737);
#556=PLANE('',#2740);
#557=PLANE('',#2743);
#558=PLANE('',#2745);
#559=PLANE('',#2747);
#560=PLANE('',#2751);
#561=PLANE('',#2754);
#562=PLANE('',#2757);
#563=PLANE('',#2761);
#564=PLANE('',#2765);
#565=PLANE('',#2768);
#566=PLANE('',#2771);
#567=PLANE('',#2774);
#568=PLANE('',#2778);
#569=PLANE('',#2781);
#570=PLANE('',#2784);
#571=PLANE('',#2786);
#572=PLANE('',#2800);
#573=PLANE('',#2802);
#574=PLANE('',#2808);
#575=PLANE('',#2813);
#576=PLANE('',#2819);
#577=PLANE('',#2820);
#578=PLANE('',#2826);
#579=PLANE('',#2827);
#580=PLANE('',#2831);
#581=PLANE('',#2835);
#582=PLANE('',#2836);
#583=PLANE('',#2837);
#584=PLANE('',#2839);
#585=PLANE('',#2841);
#586=PLANE('',#2843);
#587=PLANE('',#2850);
#588=PLANE('',#2858);
#589=PLANE('',#2861);
#590=PLANE('',#2870);
#591=PLANE('',#2874);
#592=PLANE('',#2875);
#593=PLANE('',#2880);
#594=PLANE('',#2887);
#595=PLANE('',#2891);
#596=PLANE('',#2892);
#597=PLANE('',#2896);
#598=PLANE('',#2900);
#599=PLANE('',#2904);
#600=PLANE('',#2905);
#601=PLANE('',#2909);
#602=PLANE('',#2913);
#603=PLANE('',#2914);
#604=PLANE('',#2918);
#605=PLANE('',#2922);
#606=PLANE('',#2923);
#607=PLANE('',#2927);
#608=PLANE('',#2931);
#609=PLANE('',#2932);
#610=PLANE('',#2936);
#611=PLANE('',#2940);
#612=PLANE('',#2941);
#613=PLANE('',#2974);
#614=PLANE('',#2975);
#615=PLANE('',#2976);
#616=FACE_OUTER_BOUND('',#769,.T.);
#617=FACE_OUTER_BOUND('',#770,.T.);
#618=FACE_OUTER_BOUND('',#778,.T.);
#619=FACE_OUTER_BOUND('',#779,.T.);
#620=FACE_OUTER_BOUND('',#780,.T.);
#621=FACE_OUTER_BOUND('',#781,.T.);
#622=FACE_OUTER_BOUND('',#782,.T.);
#623=FACE_OUTER_BOUND('',#790,.T.);
#624=FACE_OUTER_BOUND('',#791,.T.);
#625=FACE_OUTER_BOUND('',#792,.T.);
#626=FACE_OUTER_BOUND('',#794,.T.);
#627=FACE_OUTER_BOUND('',#795,.T.);
#628=FACE_OUTER_BOUND('',#803,.T.);
#629=FACE_OUTER_BOUND('',#804,.T.);
#630=FACE_OUTER_BOUND('',#805,.T.);
#631=FACE_OUTER_BOUND('',#806,.T.);
#632=FACE_OUTER_BOUND('',#807,.T.);
#633=FACE_OUTER_BOUND('',#808,.T.);
#634=FACE_OUTER_BOUND('',#809,.T.);
#635=FACE_OUTER_BOUND('',#810,.T.);
#636=FACE_OUTER_BOUND('',#811,.T.);
#637=FACE_OUTER_BOUND('',#813,.T.);
#638=FACE_OUTER_BOUND('',#814,.T.);
#639=FACE_OUTER_BOUND('',#815,.T.);
#640=FACE_OUTER_BOUND('',#816,.T.);
#641=FACE_OUTER_BOUND('',#817,.T.);
#642=FACE_OUTER_BOUND('',#819,.T.);
#643=FACE_OUTER_BOUND('',#820,.T.);
#644=FACE_OUTER_BOUND('',#821,.T.);
#645=FACE_OUTER_BOUND('',#823,.T.);
#646=FACE_OUTER_BOUND('',#824,.T.);
#647=FACE_OUTER_BOUND('',#825,.T.);
#648=FACE_OUTER_BOUND('',#826,.T.);
#649=FACE_OUTER_BOUND('',#827,.T.);
#650=FACE_OUTER_BOUND('',#829,.T.);
#651=FACE_OUTER_BOUND('',#830,.T.);
#652=FACE_OUTER_BOUND('',#832,.T.);
#653=FACE_OUTER_BOUND('',#833,.T.);
#654=FACE_OUTER_BOUND('',#834,.T.);
#655=FACE_OUTER_BOUND('',#835,.T.);
#656=FACE_OUTER_BOUND('',#836,.T.);
#657=FACE_OUTER_BOUND('',#838,.T.);
#658=FACE_OUTER_BOUND('',#839,.T.);
#659=FACE_OUTER_BOUND('',#841,.T.);
#660=FACE_OUTER_BOUND('',#842,.T.);
#661=FACE_OUTER_BOUND('',#843,.T.);
#662=FACE_OUTER_BOUND('',#844,.T.);
#663=FACE_OUTER_BOUND('',#845,.T.);
#664=FACE_OUTER_BOUND('',#847,.T.);
#665=FACE_OUTER_BOUND('',#848,.T.);
#666=FACE_OUTER_BOUND('',#849,.T.);
#667=FACE_OUTER_BOUND('',#850,.T.);
#668=FACE_OUTER_BOUND('',#851,.T.);
#669=FACE_OUTER_BOUND('',#852,.T.);
#670=FACE_OUTER_BOUND('',#853,.T.);
#671=FACE_OUTER_BOUND('',#854,.T.);
#672=FACE_OUTER_BOUND('',#855,.T.);
#673=FACE_OUTER_BOUND('',#856,.T.);
#674=FACE_OUTER_BOUND('',#857,.T.);
#675=FACE_OUTER_BOUND('',#859,.T.);
#676=FACE_OUTER_BOUND('',#860,.T.);
#677=FACE_OUTER_BOUND('',#861,.T.);
#678=FACE_OUTER_BOUND('',#863,.T.);
#679=FACE_OUTER_BOUND('',#864,.T.);
#680=FACE_OUTER_BOUND('',#865,.T.);
#681=FACE_OUTER_BOUND('',#867,.T.);
#682=FACE_OUTER_BOUND('',#868,.T.);
#683=FACE_OUTER_BOUND('',#869,.T.);
#684=FACE_OUTER_BOUND('',#870,.T.);
#685=FACE_OUTER_BOUND('',#872,.T.);
#686=FACE_OUTER_BOUND('',#873,.T.);
#687=FACE_OUTER_BOUND('',#874,.T.);
#688=FACE_OUTER_BOUND('',#876,.T.);
#689=FACE_OUTER_BOUND('',#877,.T.);
#690=FACE_OUTER_BOUND('',#879,.T.);
#691=FACE_OUTER_BOUND('',#880,.T.);
#692=FACE_OUTER_BOUND('',#881,.T.);
#693=FACE_OUTER_BOUND('',#882,.T.);
#694=FACE_OUTER_BOUND('',#883,.T.);
#695=FACE_OUTER_BOUND('',#884,.T.);
#696=FACE_OUTER_BOUND('',#885,.T.);
#697=FACE_OUTER_BOUND('',#886,.T.);
#698=FACE_OUTER_BOUND('',#887,.T.);
#699=FACE_OUTER_BOUND('',#888,.T.);
#700=FACE_OUTER_BOUND('',#889,.T.);
#701=FACE_OUTER_BOUND('',#890,.T.);
#702=FACE_OUTER_BOUND('',#891,.T.);
#703=FACE_OUTER_BOUND('',#892,.T.);
#704=FACE_OUTER_BOUND('',#893,.T.);
#705=FACE_OUTER_BOUND('',#895,.T.);
#706=FACE_OUTER_BOUND('',#896,.T.);
#707=FACE_OUTER_BOUND('',#898,.T.);
#708=FACE_OUTER_BOUND('',#900,.T.);
#709=FACE_OUTER_BOUND('',#901,.T.);
#710=FACE_OUTER_BOUND('',#902,.T.);
#711=FACE_OUTER_BOUND('',#903,.T.);
#712=FACE_OUTER_BOUND('',#904,.T.);
#713=FACE_OUTER_BOUND('',#905,.T.);
#714=FACE_OUTER_BOUND('',#906,.T.);
#715=FACE_OUTER_BOUND('',#907,.T.);
#716=FACE_OUTER_BOUND('',#908,.T.);
#717=FACE_OUTER_BOUND('',#909,.T.);
#718=FACE_OUTER_BOUND('',#910,.T.);
#719=FACE_OUTER_BOUND('',#911,.T.);
#720=FACE_OUTER_BOUND('',#912,.T.);
#721=FACE_OUTER_BOUND('',#913,.T.);
#722=FACE_OUTER_BOUND('',#914,.T.);
#723=FACE_OUTER_BOUND('',#915,.T.);
#724=FACE_OUTER_BOUND('',#916,.T.);
#725=FACE_OUTER_BOUND('',#917,.T.);
#726=FACE_OUTER_BOUND('',#918,.T.);
#727=FACE_OUTER_BOUND('',#919,.T.);
#728=FACE_OUTER_BOUND('',#920,.T.);
#729=FACE_OUTER_BOUND('',#921,.T.);
#730=FACE_OUTER_BOUND('',#922,.T.);
#731=FACE_OUTER_BOUND('',#923,.T.);
#732=FACE_OUTER_BOUND('',#924,.T.);
#733=FACE_OUTER_BOUND('',#925,.T.);
#734=FACE_OUTER_BOUND('',#926,.T.);
#735=FACE_OUTER_BOUND('',#927,.T.);
#736=FACE_OUTER_BOUND('',#928,.T.);
#737=FACE_OUTER_BOUND('',#929,.T.);
#738=FACE_OUTER_BOUND('',#930,.T.);
#739=FACE_OUTER_BOUND('',#931,.T.);
#740=FACE_OUTER_BOUND('',#932,.T.);
#741=FACE_OUTER_BOUND('',#933,.T.);
#742=FACE_OUTER_BOUND('',#934,.T.);
#743=FACE_OUTER_BOUND('',#935,.T.);
#744=FACE_OUTER_BOUND('',#936,.T.);
#745=FACE_OUTER_BOUND('',#937,.T.);
#746=FACE_OUTER_BOUND('',#938,.T.);
#747=FACE_OUTER_BOUND('',#939,.T.);
#748=FACE_OUTER_BOUND('',#940,.T.);
#749=FACE_OUTER_BOUND('',#941,.T.);
#750=FACE_OUTER_BOUND('',#942,.T.);
#751=FACE_OUTER_BOUND('',#943,.T.);
#752=FACE_OUTER_BOUND('',#944,.T.);
#753=FACE_OUTER_BOUND('',#945,.T.);
#754=FACE_OUTER_BOUND('',#946,.T.);
#755=FACE_OUTER_BOUND('',#947,.T.);
#756=FACE_OUTER_BOUND('',#948,.T.);
#757=FACE_OUTER_BOUND('',#949,.T.);
#758=FACE_OUTER_BOUND('',#950,.T.);
#759=FACE_OUTER_BOUND('',#951,.T.);
#760=FACE_OUTER_BOUND('',#952,.T.);
#761=FACE_OUTER_BOUND('',#953,.T.);
#762=FACE_OUTER_BOUND('',#954,.T.);
#763=FACE_OUTER_BOUND('',#955,.T.);
#764=FACE_OUTER_BOUND('',#956,.T.);
#765=FACE_OUTER_BOUND('',#957,.T.);
#766=FACE_OUTER_BOUND('',#958,.T.);
#767=FACE_OUTER_BOUND('',#967,.T.);
#768=FACE_OUTER_BOUND('',#968,.T.);
#769=EDGE_LOOP('',(#1751,#1752,#1753,#1754));
#770=EDGE_LOOP('',(#1755,#1756,#1757,#1758,#1759,#1760,#1761,#1762));
#771=EDGE_LOOP('',(#1763));
#772=EDGE_LOOP('',(#1764));
#773=EDGE_LOOP('',(#1765));
#774=EDGE_LOOP('',(#1766));
#775=EDGE_LOOP('',(#1767));
#776=EDGE_LOOP('',(#1768,#1769,#1770,#1771,#1772));
#777=EDGE_LOOP('',(#1773));
#778=EDGE_LOOP('',(#1774,#1775,#1776,#1777,#1778));
#779=EDGE_LOOP('',(#1779,#1780,#1781,#1782));
#780=EDGE_LOOP('',(#1783,#1784,#1785,#1786,#1787));
#781=EDGE_LOOP('',(#1788,#1789,#1790,#1791));
#782=EDGE_LOOP('',(#1792,#1793,#1794,#1795));
#783=EDGE_LOOP('',(#1796,#1797,#1798,#1799,#1800,#1801,#1802,#1803));
#784=EDGE_LOOP('',(#1804,#1805,#1806,#1807,#1808,#1809,#1810,#1811));
#785=EDGE_LOOP('',(#1812));
#786=EDGE_LOOP('',(#1813));
#787=EDGE_LOOP('',(#1814));
#788=EDGE_LOOP('',(#1815));
#789=EDGE_LOOP('',(#1816));
#790=EDGE_LOOP('',(#1817,#1818,#1819,#1820));
#791=EDGE_LOOP('',(#1821,#1822,#1823,#1824,#1825));
#792=EDGE_LOOP('',(#1826));
#793=EDGE_LOOP('',(#1827,#1828,#1829,#1830,#1831,#1832,#1833,#1834));
#794=EDGE_LOOP('',(#1835,#1836,#1837,#1838,#1839));
#795=EDGE_LOOP('',(#1840,#1841,#1842,#1843,#1844,#1845,#1846,#1847,#1848,
#1849,#1850,#1851));
#796=EDGE_LOOP('',(#1852));
#797=EDGE_LOOP('',(#1853));
#798=EDGE_LOOP('',(#1854));
#799=EDGE_LOOP('',(#1855));
#800=EDGE_LOOP('',(#1856));
#801=EDGE_LOOP('',(#1857,#1858,#1859,#1860,#1861,#1862,#1863,#1864));
#802=EDGE_LOOP('',(#1865));
#803=EDGE_LOOP('',(#1866,#1867,#1868,#1869));
#804=EDGE_LOOP('',(#1870,#1871,#1872,#1873));
#805=EDGE_LOOP('',(#1874,#1875,#1876,#1877));
#806=EDGE_LOOP('',(#1878,#1879,#1880,#1881));
#807=EDGE_LOOP('',(#1882,#1883,#1884,#1885));
#808=EDGE_LOOP('',(#1886,#1887,#1888,#1889));
#809=EDGE_LOOP('',(#1890,#1891,#1892,#1893));
#810=EDGE_LOOP('',(#1894,#1895,#1896,#1897));
#811=EDGE_LOOP('',(#1898,#1899,#1900,#1901,#1902,#1903));
#812=EDGE_LOOP('',(#1904));
#813=EDGE_LOOP('',(#1905,#1906,#1907,#1908));
#814=EDGE_LOOP('',(#1909,#1910,#1911,#1912));
#815=EDGE_LOOP('',(#1913,#1914,#1915,#1916));
#816=EDGE_LOOP('',(#1917,#1918,#1919,#1920));
#817=EDGE_LOOP('',(#1921,#1922,#1923,#1924,#1925,#1926));
#818=EDGE_LOOP('',(#1927));
#819=EDGE_LOOP('',(#1928,#1929,#1930,#1931,#1932,#1933,#1934,#1935,#1936,
#1937,#1938,#1939));
#820=EDGE_LOOP('',(#1940,#1941,#1942,#1943));
#821=EDGE_LOOP('',(#1944,#1945,#1946,#1947,#1948,#1949));
#822=EDGE_LOOP('',(#1950));
#823=EDGE_LOOP('',(#1951,#1952,#1953,#1954));
#824=EDGE_LOOP('',(#1955,#1956,#1957,#1958));
#825=EDGE_LOOP('',(#1959,#1960,#1961,#1962));
#826=EDGE_LOOP('',(#1963,#1964,#1965,#1966));
#827=EDGE_LOOP('',(#1967,#1968,#1969,#1970,#1971,#1972));
#828=EDGE_LOOP('',(#1973));
#829=EDGE_LOOP('',(#1974,#1975,#1976,#1977));
#830=EDGE_LOOP('',(#1978,#1979,#1980,#1981,#1982,#1983));
#831=EDGE_LOOP('',(#1984));
#832=EDGE_LOOP('',(#1985,#1986,#1987,#1988));
#833=EDGE_LOOP('',(#1989,#1990,#1991,#1992));
#834=EDGE_LOOP('',(#1993,#1994,#1995,#1996));
#835=EDGE_LOOP('',(#1997,#1998,#1999,#2000));
#836=EDGE_LOOP('',(#2001,#2002,#2003,#2004,#2005,#2006));
#837=EDGE_LOOP('',(#2007));
#838=EDGE_LOOP('',(#2008,#2009,#2010,#2011));
#839=EDGE_LOOP('',(#2012,#2013,#2014,#2015,#2016,#2017));
#840=EDGE_LOOP('',(#2018));
#841=EDGE_LOOP('',(#2019,#2020,#2021,#2022));
#842=EDGE_LOOP('',(#2023,#2024,#2025,#2026));
#843=EDGE_LOOP('',(#2027,#2028,#2029,#2030));
#844=EDGE_LOOP('',(#2031,#2032,#2033,#2034));
#845=EDGE_LOOP('',(#2035,#2036,#2037,#2038,#2039,#2040));
#846=EDGE_LOOP('',(#2041));
#847=EDGE_LOOP('',(#2042,#2043,#2044,#2045,#2046,#2047,#2048,#2049,#2050,
#2051,#2052,#2053));
#848=EDGE_LOOP('',(#2054,#2055,#2056,#2057));
#849=EDGE_LOOP('',(#2058,#2059,#2060,#2061,#2062,#2063));
#850=EDGE_LOOP('',(#2064,#2065,#2066,#2067,#2068));
#851=EDGE_LOOP('',(#2069,#2070,#2071,#2072,#2073,#2074));
#852=EDGE_LOOP('',(#2075,#2076,#2077,#2078,#2079));
#853=EDGE_LOOP('',(#2080));
#854=EDGE_LOOP('',(#2081));
#855=EDGE_LOOP('',(#2082,#2083,#2084,#2085));
#856=EDGE_LOOP('',(#2086,#2087,#2088,#2089));
#857=EDGE_LOOP('',(#2090));
#858=EDGE_LOOP('',(#2091));
#859=EDGE_LOOP('',(#2092,#2093,#2094,#2095));
#860=EDGE_LOOP('',(#2096,#2097,#2098,#2099));
#861=EDGE_LOOP('',(#2100));
#862=EDGE_LOOP('',(#2101));
#863=EDGE_LOOP('',(#2102,#2103,#2104,#2105));
#864=EDGE_LOOP('',(#2106,#2107,#2108,#2109));
#865=EDGE_LOOP('',(#2110));
#866=EDGE_LOOP('',(#2111));
#867=EDGE_LOOP('',(#2112));
#868=EDGE_LOOP('',(#2113,#2114,#2115,#2116));
#869=EDGE_LOOP('',(#2117,#2118,#2119,#2120));
#870=EDGE_LOOP('',(#2121));
#871=EDGE_LOOP('',(#2122));
#872=EDGE_LOOP('',(#2123));
#873=EDGE_LOOP('',(#2124,#2125,#2126,#2127));
#874=EDGE_LOOP('',(#2128));
#875=EDGE_LOOP('',(#2129));
#876=EDGE_LOOP('',(#2130,#2131,#2132,#2133));
#877=EDGE_LOOP('',(#2134));
#878=EDGE_LOOP('',(#2135));
#879=EDGE_LOOP('',(#2136));
#880=EDGE_LOOP('',(#2137,#2138,#2139,#2140));
#881=EDGE_LOOP('',(#2141,#2142,#2143,#2144));
#882=EDGE_LOOP('',(#2145,#2146,#2147,#2148));
#883=EDGE_LOOP('',(#2149,#2150,#2151,#2152));
#884=EDGE_LOOP('',(#2153,#2154,#2155,#2156));
#885=EDGE_LOOP('',(#2157,#2158,#2159,#2160));
#886=EDGE_LOOP('',(#2161,#2162,#2163,#2164));
#887=EDGE_LOOP('',(#2165,#2166,#2167,#2168));
#888=EDGE_LOOP('',(#2169,#2170,#2171,#2172));
#889=EDGE_LOOP('',(#2173,#2174,#2175,#2176));
#890=EDGE_LOOP('',(#2177,#2178,#2179,#2180));
#891=EDGE_LOOP('',(#2181,#2182,#2183,#2184));
#892=EDGE_LOOP('',(#2185,#2186,#2187,#2188));
#893=EDGE_LOOP('',(#2189,#2190,#2191,#2192,#2193));
#894=EDGE_LOOP('',(#2194));
#895=EDGE_LOOP('',(#2195,#2196,#2197,#2198));
#896=EDGE_LOOP('',(#2199));
#897=EDGE_LOOP('',(#2200));
#898=EDGE_LOOP('',(#2201));
#899=EDGE_LOOP('',(#2202));
#900=EDGE_LOOP('',(#2203,#2204,#2205,#2206));
#901=EDGE_LOOP('',(#2207,#2208,#2209,#2210));
#902=EDGE_LOOP('',(#2211,#2212,#2213,#2214));
#903=EDGE_LOOP('',(#2215,#2216,#2217,#2218,#2219,#2220,#2221,#2222));
#904=EDGE_LOOP('',(#2223));
#905=EDGE_LOOP('',(#2224,#2225,#2226,#2227));
#906=EDGE_LOOP('',(#2228,#2229,#2230,#2231,#2232,#2233,#2234,#2235));
#907=EDGE_LOOP('',(#2236));
#908=EDGE_LOOP('',(#2237));
#909=EDGE_LOOP('',(#2238,#2239,#2240,#2241));
#910=EDGE_LOOP('',(#2242,#2243,#2244,#2245));
#911=EDGE_LOOP('',(#2246,#2247,#2248,#2249,#2250,#2251,#2252,#2253,#2254,
#2255,#2256,#2257));
#912=EDGE_LOOP('',(#2258,#2259,#2260,#2261));
#913=EDGE_LOOP('',(#2262,#2263,#2264,#2265));
#914=EDGE_LOOP('',(#2266,#2267,#2268,#2269));
#915=EDGE_LOOP('',(#2270,#2271,#2272,#2273));
#916=EDGE_LOOP('',(#2274,#2275,#2276,#2277));
#917=EDGE_LOOP('',(#2278,#2279,#2280,#2281));
#918=EDGE_LOOP('',(#2282,#2283,#2284,#2285));
#919=EDGE_LOOP('',(#2286,#2287,#2288,#2289));
#920=EDGE_LOOP('',(#2290));
#921=EDGE_LOOP('',(#2291,#2292,#2293,#2294));
#922=EDGE_LOOP('',(#2295,#2296,#2297,#2298));
#923=EDGE_LOOP('',(#2299,#2300,#2301,#2302));
#924=EDGE_LOOP('',(#2303,#2304,#2305,#2306));
#925=EDGE_LOOP('',(#2307,#2308,#2309,#2310));
#926=EDGE_LOOP('',(#2311,#2312,#2313,#2314));
#927=EDGE_LOOP('',(#2315,#2316,#2317,#2318));
#928=EDGE_LOOP('',(#2319,#2320,#2321,#2322));
#929=EDGE_LOOP('',(#2323,#2324,#2325,#2326));
#930=EDGE_LOOP('',(#2327,#2328,#2329,#2330));
#931=EDGE_LOOP('',(#2331,#2332,#2333,#2334));
#932=EDGE_LOOP('',(#2335,#2336,#2337,#2338));
#933=EDGE_LOOP('',(#2339,#2340,#2341,#2342));
#934=EDGE_LOOP('',(#2343,#2344,#2345,#2346));
#935=EDGE_LOOP('',(#2347,#2348,#2349,#2350));
#936=EDGE_LOOP('',(#2351,#2352,#2353,#2354));
#937=EDGE_LOOP('',(#2355,#2356,#2357,#2358));
#938=EDGE_LOOP('',(#2359,#2360,#2361,#2362));
#939=EDGE_LOOP('',(#2363,#2364,#2365,#2366));
#940=EDGE_LOOP('',(#2367,#2368,#2369,#2370));
#941=EDGE_LOOP('',(#2371,#2372,#2373,#2374));
#942=EDGE_LOOP('',(#2375,#2376,#2377,#2378));
#943=EDGE_LOOP('',(#2379,#2380,#2381,#2382));
#944=EDGE_LOOP('',(#2383,#2384,#2385,#2386));
#945=EDGE_LOOP('',(#2387,#2388,#2389,#2390));
#946=EDGE_LOOP('',(#2391,#2392,#2393,#2394));
#947=EDGE_LOOP('',(#2395,#2396,#2397,#2398));
#948=EDGE_LOOP('',(#2399,#2400,#2401,#2402));
#949=EDGE_LOOP('',(#2403,#2404,#2405,#2406));
#950=EDGE_LOOP('',(#2407,#2408,#2409,#2410));
#951=EDGE_LOOP('',(#2411,#2412,#2413,#2414));
#952=EDGE_LOOP('',(#2415,#2416,#2417,#2418));
#953=EDGE_LOOP('',(#2419,#2420,#2421,#2422));
#954=EDGE_LOOP('',(#2423,#2424,#2425,#2426));
#955=EDGE_LOOP('',(#2427,#2428,#2429,#2430));
#956=EDGE_LOOP('',(#2431,#2432,#2433,#2434));
#957=EDGE_LOOP('',(#2435,#2436,#2437,#2438));
#958=EDGE_LOOP('',(#2439,#2440,#2441,#2442,#2443,#2444,#2445,#2446));
#959=EDGE_LOOP('',(#2447));
#960=EDGE_LOOP('',(#2448,#2449,#2450,#2451));
#961=EDGE_LOOP('',(#2452));
#962=EDGE_LOOP('',(#2453,#2454,#2455,#2456));
#963=EDGE_LOOP('',(#2457,#2458,#2459,#2460));
#964=EDGE_LOOP('',(#2461,#2462,#2463,#2464));
#965=EDGE_LOOP('',(#2465,#2466,#2467,#2468));
#966=EDGE_LOOP('',(#2469,#2470,#2471,#2472));
#967=EDGE_LOOP('',(#2473,#2474,#2475,#2476));
#968=EDGE_LOOP('',(#2477,#2478,#2479,#2480,#2481,#2482,#2483,#2484));
#969=EDGE_LOOP('',(#2485,#2486,#2487,#2488,#2489,#2490,#2491,#2492));
#970=CIRCLE('',#2659,5.50346621489936);
#971=CIRCLE('',#2660,1.);
#972=CIRCLE('',#2661,4.50692045665448);
#973=CIRCLE('',#2663,3.);
#974=CIRCLE('',#2664,3.);
#975=CIRCLE('',#2665,2.99999999999999);
#976=CIRCLE('',#2666,3.);
#977=CIRCLE('',#2667,2.5);
#978=CIRCLE('',#2668,2.5);
#979=CIRCLE('',#2669,2.5);
#980=CIRCLE('',#2670,5.50346621489936);
#981=CIRCLE('',#2671,2.5);
#982=CIRCLE('',#2672,4.);
#983=CIRCLE('',#2673,4.);
#984=CIRCLE('',#2674,4.);
#985=CIRCLE('',#2675,4.);
#986=CIRCLE('',#2676,4.);
#987=CIRCLE('',#2678,3.65544087898042);
#988=CIRCLE('',#2679,3.65544087898042);
#989=CIRCLE('',#2681,1.);
#990=CIRCLE('',#2682,4.50692045665448);
#991=CIRCLE('',#2684,3.65544087898042);
#992=CIRCLE('',#2685,3.65544087898042);
#993=CIRCLE('',#2688,1.);
#994=CIRCLE('',#2689,0.999999999999996);
#995=CIRCLE('',#2690,1.);
#996=CIRCLE('',#2691,0.999999999999996);
#997=CIRCLE('',#2692,1.);
#998=CIRCLE('',#2693,1.);
#999=CIRCLE('',#2694,1.);
#1000=CIRCLE('',#2695,0.999999999999999);
#1001=CIRCLE('',#2696,1.00000001490116);
#1002=CIRCLE('',#2697,1.00000001490116);
#1003=CIRCLE('',#2698,1.00000001490116);
#1004=CIRCLE('',#2699,2.5);
#1005=CIRCLE('',#2700,2.5);
#1006=CIRCLE('',#2703,6.31399278566322);
#1007=CIRCLE('',#2704,2.);
#1008=CIRCLE('',#2705,7.87524228526282);
#1009=CIRCLE('',#2706,7.87524228526282);
#1010=CIRCLE('',#2708,1.);
#1011=CIRCLE('',#2709,0.999999999999996);
#1012=CIRCLE('',#2710,1.);
#1013=CIRCLE('',#2711,0.999999999999996);
#1014=CIRCLE('',#2713,9.43649178486242);
#1015=CIRCLE('',#2714,2.);
#1016=CIRCLE('',#2716,2.5);
#1017=CIRCLE('',#2717,2.5);
#1018=CIRCLE('',#2718,1.00000001490116);
#1019=CIRCLE('',#2719,1.00000001490116);
#1020=CIRCLE('',#2720,1.00000001490116);
#1021=CIRCLE('',#2721,0.999999999999999);
#1022=CIRCLE('',#2722,1.);
#1023=CIRCLE('',#2723,1.);
#1024=CIRCLE('',#2724,1.);
#1025=CIRCLE('',#2734,2.99999999999999);
#1026=CIRCLE('',#2735,3.5);
#1027=CIRCLE('',#2736,1.25);
#1028=CIRCLE('',#2739,1.25);
#1029=CIRCLE('',#2742,3.5);
#1030=CIRCLE('',#2744,2.99999999999999);
#1031=CIRCLE('',#2748,3.);
#1032=CIRCLE('',#2749,3.5);
#1033=CIRCLE('',#2750,1.24999999999999);
#1034=CIRCLE('',#2753,1.24999999999999);
#1035=CIRCLE('',#2756,3.5);
#1036=CIRCLE('',#2758,3.);
#1037=CIRCLE('',#2760,3.);
#1038=CIRCLE('',#2762,3.);
#1039=CIRCLE('',#2763,3.5);
#1040=CIRCLE('',#2764,1.25);
#1041=CIRCLE('',#2767,1.25);
#1042=CIRCLE('',#2770,3.5);
#1043=CIRCLE('',#2772,3.);
#1044=CIRCLE('',#2775,3.);
#1045=CIRCLE('',#2776,3.5);
#1046=CIRCLE('',#2777,1.25);
#1047=CIRCLE('',#2780,1.25);
#1048=CIRCLE('',#2783,3.5);
#1049=CIRCLE('',#2785,3.);
#1050=CIRCLE('',#2789,3.5);
#1051=CIRCLE('',#2790,45.);
#1052=CIRCLE('',#2791,3.5);
#1053=CIRCLE('',#2793,3.5);
#1054=CIRCLE('',#2795,3.5);
#1055=CIRCLE('',#2796,45.);
#1056=CIRCLE('',#2797,3.5);
#1057=CIRCLE('',#2799,3.5);
#1058=CIRCLE('',#2801,1.15);
#1059=CIRCLE('',#2803,1.15);
#1060=CIRCLE('',#2805,1.15);
#1061=CIRCLE('',#2807,2.5);
#1062=CIRCLE('',#2810,1.15);
#1063=CIRCLE('',#2812,2.5);
#1064=CIRCLE('',#2815,1.15);
#1065=CIRCLE('',#2816,1.15);
#1066=CIRCLE('',#2818,2.5);
#1067=CIRCLE('',#2822,1.15);
#1068=CIRCLE('',#2823,1.15);
#1069=CIRCLE('',#2825,2.5);
#1070=CIRCLE('',#2829,1.15);
#1071=CIRCLE('',#2830,1.15);
#1072=CIRCLE('',#2833,1.15);
#1073=CIRCLE('',#2834,1.15);
#1074=CIRCLE('',#2851,4.);
#1075=CIRCLE('',#2852,4.);
#1076=CIRCLE('',#2853,4.);
#1077=CIRCLE('',#2854,4.);
#1078=CIRCLE('',#2855,4.);
#1079=CIRCLE('',#2856,2.6);
#1080=CIRCLE('',#2859,4.);
#1081=CIRCLE('',#2860,1.15);
#1082=CIRCLE('',#2862,4.);
#1083=CIRCLE('',#2863,1.15);
#1084=CIRCLE('',#2866,2.6);
#1085=CIRCLE('',#2868,1.15);
#1086=CIRCLE('',#2872,1.15);
#1087=CIRCLE('',#2877,3.);
#1088=CIRCLE('',#2879,2.99999999999999);
#1089=CIRCLE('',#2883,3.);
#1090=CIRCLE('',#2885,5.00000007450581);
#1091=CIRCLE('',#2886,5.00000007450581);
#1092=CIRCLE('',#2889,3.00000004470348);
#1093=CIRCLE('',#2890,3.00000004470348);
#1094=CIRCLE('',#2894,1.00000001490116);
#1095=CIRCLE('',#2895,1.00000001490116);
#1096=CIRCLE('',#2898,13.0000001937151);
#1097=CIRCLE('',#2899,13.0000001937151);
#1098=CIRCLE('',#2902,11.0000001639128);
#1099=CIRCLE('',#2903,11.0000001639128);
#1100=CIRCLE('',#2907,9.00000013411045);
#1101=CIRCLE('',#2908,9.00000013411045);
#1102=CIRCLE('',#2911,7.00000010430813);
#1103=CIRCLE('',#2912,7.00000010430813);
#1104=CIRCLE('',#2916,5.00000007450581);
#1105=CIRCLE('',#2917,5.00000007450581);
#1106=CIRCLE('',#2920,3.00000004470348);
#1107=CIRCLE('',#2921,3.00000004470348);
#1108=CIRCLE('',#2925,9.00000013411045);
#1109=CIRCLE('',#2926,9.00000013411045);
#1110=CIRCLE('',#2929,7.00000010430813);
#1111=CIRCLE('',#2930,7.00000010430813);
#1112=CIRCLE('',#2934,13.0000001937151);
#1113=CIRCLE('',#2935,13.0000001937151);
#1114=CIRCLE('',#2938,11.0000001639128);
#1115=CIRCLE('',#2939,11.0000001639128);
#1116=CIRCLE('',#2943,0.999999999999996);
#1117=CIRCLE('',#2944,4.);
#1118=CIRCLE('',#2945,0.999999999999996);
#1119=CIRCLE('',#2946,5.);
#1120=CIRCLE('',#2948,0.999999999999996);
#1121=CIRCLE('',#2950,5.);
#1122=CIRCLE('',#2952,0.999999999999996);
#1123=CIRCLE('',#2953,4.);
#1124=CIRCLE('',#2954,5.);
#1125=CIRCLE('',#2956,0.999999999999996);
#1126=CIRCLE('',#2958,5.);
#1127=CIRCLE('',#2960,0.999999999999996);
#1128=CIRCLE('',#2961,3.99999999999999);
#1129=CIRCLE('',#2962,4.99999999999999);
#1130=CIRCLE('',#2964,1.00000000000001);
#1131=CIRCLE('',#2966,4.99999999999999);
#1132=CIRCLE('',#2968,0.999999999999996);
#1133=CIRCLE('',#2969,4.);
#1134=CIRCLE('',#2970,5.);
#1135=CIRCLE('',#2973,5.);
#1136=VERTEX_POINT('',#3824);
#1137=VERTEX_POINT('',#3826);
#1138=VERTEX_POINT('',#3830);
#1139=VERTEX_POINT('',#3831);
#1140=VERTEX_POINT('',#3833);
#1141=VERTEX_POINT('',#3835);
#1142=VERTEX_POINT('',#3837);
#1143=VERTEX_POINT('',#3839);
#1144=VERTEX_POINT('',#3841);
#1145=VERTEX_POINT('',#3843);
#1146=VERTEX_POINT('',#3846);
#1147=VERTEX_POINT('',#3848);
#1148=VERTEX_POINT('',#3850);
#1149=VERTEX_POINT('',#3852);
#1150=VERTEX_POINT('',#3854);
#1151=VERTEX_POINT('',#3856);
#1152=VERTEX_POINT('',#3857);
#1153=VERTEX_POINT('',#3859);
#1154=VERTEX_POINT('',#3861);
#1155=VERTEX_POINT('',#3863);
#1156=VERTEX_POINT('',#3867);
#1157=VERTEX_POINT('',#3869);
#1158=VERTEX_POINT('',#3873);
#1159=VERTEX_POINT('',#3877);
#1160=VERTEX_POINT('',#3879);
#1161=VERTEX_POINT('',#3883);
#1162=VERTEX_POINT('',#3884);
#1163=VERTEX_POINT('',#3886);
#1164=VERTEX_POINT('',#3888);
#1165=VERTEX_POINT('',#3892);
#1166=VERTEX_POINT('',#3893);
#1167=VERTEX_POINT('',#3895);
#1168=VERTEX_POINT('',#3897);
#1169=VERTEX_POINT('',#3900);
#1170=VERTEX_POINT('',#3901);
#1171=VERTEX_POINT('',#3903);
#1172=VERTEX_POINT('',#3905);
#1173=VERTEX_POINT('',#3907);
#1174=VERTEX_POINT('',#3909);
#1175=VERTEX_POINT('',#3911);
#1176=VERTEX_POINT('',#3913);
#1177=VERTEX_POINT('',#3916);
#1178=VERTEX_POINT('',#3917);
#1179=VERTEX_POINT('',#3919);
#1180=VERTEX_POINT('',#3921);
#1181=VERTEX_POINT('',#3923);
#1182=VERTEX_POINT('',#3925);
#1183=VERTEX_POINT('',#3927);
#1184=VERTEX_POINT('',#3929);
#1185=VERTEX_POINT('',#3932);
#1186=VERTEX_POINT('',#3934);
#1187=VERTEX_POINT('',#3936);
#1188=VERTEX_POINT('',#3938);
#1189=VERTEX_POINT('',#3940);
#1190=VERTEX_POINT('',#3943);
#1191=VERTEX_POINT('',#3944);
#1192=VERTEX_POINT('',#3946);
#1193=VERTEX_POINT('',#3948);
#1194=VERTEX_POINT('',#3952);
#1195=VERTEX_POINT('',#3954);
#1196=VERTEX_POINT('',#3956);
#1197=VERTEX_POINT('',#3960);
#1198=VERTEX_POINT('',#3961);
#1199=VERTEX_POINT('',#3963);
#1200=VERTEX_POINT('',#3965);
#1201=VERTEX_POINT('',#3967);
#1202=VERTEX_POINT('',#3969);
#1203=VERTEX_POINT('',#3971);
#1204=VERTEX_POINT('',#3973);
#1205=VERTEX_POINT('',#3977);
#1206=VERTEX_POINT('',#3981);
#1207=VERTEX_POINT('',#3983);
#1208=VERTEX_POINT('',#3985);
#1209=VERTEX_POINT('',#3987);
#1210=VERTEX_POINT('',#3989);
#1211=VERTEX_POINT('',#3991);
#1212=VERTEX_POINT('',#3993);
#1213=VERTEX_POINT('',#3995);
#1214=VERTEX_POINT('',#3997);
#1215=VERTEX_POINT('',#3999);
#1216=VERTEX_POINT('',#4002);
#1217=VERTEX_POINT('',#4004);
#1218=VERTEX_POINT('',#4006);
#1219=VERTEX_POINT('',#4008);
#1220=VERTEX_POINT('',#4010);
#1221=VERTEX_POINT('',#4012);
#1222=VERTEX_POINT('',#4013);
#1223=VERTEX_POINT('',#4015);
#1224=VERTEX_POINT('',#4017);
#1225=VERTEX_POINT('',#4019);
#1226=VERTEX_POINT('',#4021);
#1227=VERTEX_POINT('',#4023);
#1228=VERTEX_POINT('',#4025);
#1229=VERTEX_POINT('',#4045);
#1230=VERTEX_POINT('',#4046);
#1231=VERTEX_POINT('',#4048);
#1232=VERTEX_POINT('',#4050);
#1233=VERTEX_POINT('',#4052);
#1234=VERTEX_POINT('',#4054);
#1235=VERTEX_POINT('',#4057);
#1236=VERTEX_POINT('',#4060);
#1237=VERTEX_POINT('',#4062);
#1238=VERTEX_POINT('',#4066);
#1239=VERTEX_POINT('',#4070);
#1240=VERTEX_POINT('',#4072);
#1241=VERTEX_POINT('',#4078);
#1242=VERTEX_POINT('',#4080);
#1243=VERTEX_POINT('',#4084);
#1244=VERTEX_POINT('',#4086);
#1245=VERTEX_POINT('',#4088);
#1246=VERTEX_POINT('',#4090);
#1247=VERTEX_POINT('',#4092);
#1248=VERTEX_POINT('',#4094);
#1249=VERTEX_POINT('',#4101);
#1250=VERTEX_POINT('',#4103);
#1251=VERTEX_POINT('',#4105);
#1252=VERTEX_POINT('',#4107);
#1253=VERTEX_POINT('',#4110);
#1254=VERTEX_POINT('',#4113);
#1255=VERTEX_POINT('',#4115);
#1256=VERTEX_POINT('',#4119);
#1257=VERTEX_POINT('',#4123);
#1258=VERTEX_POINT('',#4129);
#1259=VERTEX_POINT('',#4133);
#1260=VERTEX_POINT('',#4137);
#1261=VERTEX_POINT('',#4139);
#1262=VERTEX_POINT('',#4141);
#1263=VERTEX_POINT('',#4143);
#1264=VERTEX_POINT('',#4146);
#1265=VERTEX_POINT('',#4149);
#1266=VERTEX_POINT('',#4151);
#1267=VERTEX_POINT('',#4155);
#1268=VERTEX_POINT('',#4159);
#1269=VERTEX_POINT('',#4165);
#1270=VERTEX_POINT('',#4171);
#1271=VERTEX_POINT('',#4172);
#1272=VERTEX_POINT('',#4175);
#1273=VERTEX_POINT('',#4177);
#1274=VERTEX_POINT('',#4180);
#1275=VERTEX_POINT('',#4183);
#1276=VERTEX_POINT('',#4187);
#1277=VERTEX_POINT('',#4191);
#1278=VERTEX_POINT('',#4193);
#1279=VERTEX_POINT('',#4199);
#1280=VERTEX_POINT('',#4203);
#1281=VERTEX_POINT('',#4205);
#1282=VERTEX_POINT('',#4211);
#1283=VERTEX_POINT('',#4212);
#1284=VERTEX_POINT('',#4217);
#1285=VERTEX_POINT('',#4221);
#1286=VERTEX_POINT('',#4222);
#1287=VERTEX_POINT('',#4227);
#1288=VERTEX_POINT('',#4231);
#1289=VERTEX_POINT('',#4234);
#1290=VERTEX_POINT('',#4237);
#1291=VERTEX_POINT('',#4241);
#1292=VERTEX_POINT('',#4246);
#1293=VERTEX_POINT('',#4250);
#1294=VERTEX_POINT('',#4255);
#1295=VERTEX_POINT('',#4257);
#1296=VERTEX_POINT('',#4261);
#1297=VERTEX_POINT('',#4267);
#1298=VERTEX_POINT('',#4269);
#1299=VERTEX_POINT('',#4273);
#1300=VERTEX_POINT('',#4279);
#1301=VERTEX_POINT('',#4281);
#1302=VERTEX_POINT('',#4286);
#1303=VERTEX_POINT('',#4288);
#1304=VERTEX_POINT('',#4320);
#1305=VERTEX_POINT('',#4321);
#1306=VERTEX_POINT('',#4323);
#1307=VERTEX_POINT('',#4325);
#1308=VERTEX_POINT('',#4327);
#1309=VERTEX_POINT('',#4330);
#1310=VERTEX_POINT('',#4336);
#1311=VERTEX_POINT('',#4338);
#1312=VERTEX_POINT('',#4341);
#1313=VERTEX_POINT('',#4343);
#1314=VERTEX_POINT('',#4349);
#1315=VERTEX_POINT('',#4353);
#1316=VERTEX_POINT('',#4360);
#1317=VERTEX_POINT('',#4370);
#1318=VERTEX_POINT('',#4380);
#1319=VERTEX_POINT('',#4381);
#1320=VERTEX_POINT('',#4383);
#1321=VERTEX_POINT('',#4385);
#1322=VERTEX_POINT('',#4389);
#1323=VERTEX_POINT('',#4391);
#1324=VERTEX_POINT('',#4395);
#1325=VERTEX_POINT('',#4397);
#1326=VERTEX_POINT('',#4405);
#1327=VERTEX_POINT('',#4407);
#1328=VERTEX_POINT('',#4412);
#1329=VERTEX_POINT('',#4413);
#1330=VERTEX_POINT('',#4415);
#1331=VERTEX_POINT('',#4417);
#1332=VERTEX_POINT('',#4421);
#1333=VERTEX_POINT('',#4423);
#1334=VERTEX_POINT('',#4427);
#1335=VERTEX_POINT('',#4429);
#1336=VERTEX_POINT('',#4437);
#1337=VERTEX_POINT('',#4438);
#1338=VERTEX_POINT('',#4440);
#1339=VERTEX_POINT('',#4442);
#1340=VERTEX_POINT('',#4446);
#1341=VERTEX_POINT('',#4448);
#1342=VERTEX_POINT('',#4452);
#1343=VERTEX_POINT('',#4454);
#1344=VERTEX_POINT('',#4462);
#1345=VERTEX_POINT('',#4463);
#1346=VERTEX_POINT('',#4465);
#1347=VERTEX_POINT('',#4467);
#1348=VERTEX_POINT('',#4471);
#1349=VERTEX_POINT('',#4473);
#1350=VERTEX_POINT('',#4477);
#1351=VERTEX_POINT('',#4479);
#1352=VERTEX_POINT('',#4487);
#1353=VERTEX_POINT('',#4488);
#1354=VERTEX_POINT('',#4490);
#1355=VERTEX_POINT('',#4492);
#1356=VERTEX_POINT('',#4496);
#1357=VERTEX_POINT('',#4498);
#1358=VERTEX_POINT('',#4502);
#1359=VERTEX_POINT('',#4504);
#1360=VERTEX_POINT('',#4512);
#1361=VERTEX_POINT('',#4513);
#1362=VERTEX_POINT('',#4515);
#1363=VERTEX_POINT('',#4517);
#1364=VERTEX_POINT('',#4521);
#1365=VERTEX_POINT('',#4523);
#1366=VERTEX_POINT('',#4527);
#1367=VERTEX_POINT('',#4529);
#1368=VERTEX_POINT('',#4537);
#1369=VERTEX_POINT('',#4539);
#1370=VERTEX_POINT('',#4544);
#1371=VERTEX_POINT('',#4550);
#1372=VERTEX_POINT('',#4555);
#1373=VERTEX_POINT('',#4561);
#1374=VERTEX_POINT('',#4562);
#1375=VERTEX_POINT('',#4567);
#1376=VERTEX_POINT('',#4569);
#1377=VERTEX_POINT('',#4573);
#1378=VERTEX_POINT('',#4577);
#1379=VERTEX_POINT('',#4584);
#1380=EDGE_CURVE('',#1136,#1136,#970,.T.);
#1381=EDGE_CURVE('',#1136,#1137,#971,.T.);
#1382=EDGE_CURVE('',#1137,#1137,#972,.T.);
#1383=EDGE_CURVE('',#1138,#1139,#134,.T.);
#1384=EDGE_CURVE('',#1140,#1138,#973,.T.);
#1385=EDGE_CURVE('',#1141,#1140,#135,.T.);
#1386=EDGE_CURVE('',#1142,#1141,#974,.T.);
#1387=EDGE_CURVE('',#1143,#1142,#136,.T.);
#1388=EDGE_CURVE('',#1144,#1143,#975,.T.);
#1389=EDGE_CURVE('',#1145,#1144,#137,.T.);
#1390=EDGE_CURVE('',#1139,#1145,#976,.T.);
#1391=EDGE_CURVE('',#1146,#1146,#977,.T.);
#1392=EDGE_CURVE('',#1147,#1147,#978,.T.);
#1393=EDGE_CURVE('',#1148,#1148,#979,.T.);
#1394=EDGE_CURVE('',#1149,#1149,#980,.T.);
#1395=EDGE_CURVE('',#1150,#1150,#981,.T.);
#1396=EDGE_CURVE('',#1151,#1152,#982,.T.);
#1397=EDGE_CURVE('',#1152,#1153,#983,.T.);
#1398=EDGE_CURVE('',#1153,#1154,#984,.T.);
#1399=EDGE_CURVE('',#1154,#1155,#985,.T.);
#1400=EDGE_CURVE('',#1155,#1151,#986,.T.);
#1401=EDGE_CURVE('',#1137,#1156,#138,.T.);
#1402=EDGE_CURVE('',#1157,#1156,#987,.T.);
#1403=EDGE_CURVE('',#1156,#1157,#988,.T.);
#1404=EDGE_CURVE('',#1149,#1158,#989,.T.);
#1405=EDGE_CURVE('',#1158,#1158,#990,.T.);
#1406=EDGE_CURVE('',#1158,#1159,#139,.T.);
#1407=EDGE_CURVE('',#1160,#1159,#991,.T.);
#1408=EDGE_CURVE('',#1159,#1160,#992,.T.);
#1409=EDGE_CURVE('',#1161,#1162,#140,.T.);
#1410=EDGE_CURVE('',#1163,#1161,#141,.T.);
#1411=EDGE_CURVE('',#1164,#1163,#142,.T.);
#1412=EDGE_CURVE('',#1164,#1162,#143,.T.);
#1413=EDGE_CURVE('',#1165,#1166,#144,.T.);
#1414=EDGE_CURVE('',#1167,#1165,#145,.T.);
#1415=EDGE_CURVE('',#1168,#1167,#146,.T.);
#1416=EDGE_CURVE('',#1168,#1166,#147,.T.);
#1417=EDGE_CURVE('',#1169,#1170,#148,.T.);
#1418=EDGE_CURVE('',#1170,#1171,#993,.T.);
#1419=EDGE_CURVE('',#1171,#1172,#149,.T.);
#1420=EDGE_CURVE('',#1172,#1173,#994,.T.);
#1421=EDGE_CURVE('',#1173,#1174,#150,.T.);
#1422=EDGE_CURVE('',#1174,#1175,#995,.T.);
#1423=EDGE_CURVE('',#1175,#1176,#151,.T.);
#1424=EDGE_CURVE('',#1176,#1169,#996,.T.);
#1425=EDGE_CURVE('',#1177,#1178,#152,.T.);
#1426=EDGE_CURVE('',#1178,#1179,#997,.T.);
#1427=EDGE_CURVE('',#1179,#1180,#153,.T.);
#1428=EDGE_CURVE('',#1180,#1181,#998,.T.);
#1429=EDGE_CURVE('',#1181,#1182,#154,.T.);
#1430=EDGE_CURVE('',#1182,#1183,#999,.T.);
#1431=EDGE_CURVE('',#1183,#1184,#155,.T.);
#1432=EDGE_CURVE('',#1184,#1177,#1000,.T.);
#1433=EDGE_CURVE('',#1185,#1185,#1001,.T.);
#1434=EDGE_CURVE('',#1186,#1186,#1002,.T.);
#1435=EDGE_CURVE('',#1187,#1187,#1003,.T.);
#1436=EDGE_CURVE('',#1188,#1188,#1004,.T.);
#1437=EDGE_CURVE('',#1189,#1189,#1005,.T.);
#1438=EDGE_CURVE('',#1190,#1191,#156,.T.);
#1439=EDGE_CURVE('',#1192,#1191,#157,.T.);
#1440=EDGE_CURVE('',#1193,#1192,#158,.T.);
#1441=EDGE_CURVE('',#1193,#1190,#159,.T.);
#1442=EDGE_CURVE('',#1194,#1194,#1006,.T.);
#1443=EDGE_CURVE('',#1194,#1195,#1007,.T.);
#1444=EDGE_CURVE('',#1195,#1196,#1008,.T.);
#1445=EDGE_CURVE('',#1196,#1195,#1009,.T.);
#1446=EDGE_CURVE('',#1197,#1198,#1010,.T.);
#1447=EDGE_CURVE('',#1198,#1199,#160,.T.);
#1448=EDGE_CURVE('',#1199,#1200,#1011,.T.);
#1449=EDGE_CURVE('',#1200,#1201,#161,.T.);
#1450=EDGE_CURVE('',#1201,#1202,#1012,.T.);
#1451=EDGE_CURVE('',#1202,#1203,#162,.T.);
#1452=EDGE_CURVE('',#1203,#1204,#1013,.T.);
#1453=EDGE_CURVE('',#1204,#1197,#163,.T.);
#1454=EDGE_CURVE('',#1205,#1205,#1014,.T.);
#1455=EDGE_CURVE('',#1205,#1196,#1015,.T.);
#1456=EDGE_CURVE('',#1206,#1139,#164,.T.);
#1457=EDGE_CURVE('',#1206,#1207,#165,.T.);
#1458=EDGE_CURVE('',#1207,#1208,#166,.T.);
#1459=EDGE_CURVE('',#1208,#1209,#167,.T.);
#1460=EDGE_CURVE('',#1210,#1209,#168,.T.);
#1461=EDGE_CURVE('',#1211,#1210,#169,.F.);
#1462=EDGE_CURVE('',#1211,#1212,#170,.T.);
#1463=EDGE_CURVE('',#1212,#1213,#171,.T.);
#1464=EDGE_CURVE('',#1213,#1214,#172,.T.);
#1465=EDGE_CURVE('',#1214,#1215,#173,.T.);
#1466=EDGE_CURVE('',#1215,#1138,#174,.T.);
#1467=EDGE_CURVE('',#1216,#1216,#1016,.T.);
#1468=EDGE_CURVE('',#1217,#1217,#1017,.T.);
#1469=EDGE_CURVE('',#1218,#1218,#1018,.T.);
#1470=EDGE_CURVE('',#1219,#1219,#1019,.T.);
#1471=EDGE_CURVE('',#1220,#1220,#1020,.T.);
#1472=EDGE_CURVE('',#1221,#1222,#175,.T.);
#1473=EDGE_CURVE('',#1222,#1223,#1021,.T.);
#1474=EDGE_CURVE('',#1223,#1224,#176,.T.);
#1475=EDGE_CURVE('',#1224,#1225,#1022,.T.);
#1476=EDGE_CURVE('',#1225,#1226,#177,.T.);
#1477=EDGE_CURVE('',#1226,#1227,#1023,.T.);
#1478=EDGE_CURVE('',#1227,#1228,#178,.T.);
#1479=EDGE_CURVE('',#1228,#1221,#1024,.T.);
#1480=EDGE_CURVE('',#1174,#1202,#179,.T.);
#1481=EDGE_CURVE('',#1173,#1203,#180,.T.);
#1482=EDGE_CURVE('',#1172,#1204,#181,.T.);
#1483=EDGE_CURVE('',#1171,#1197,#182,.T.);
#1484=EDGE_CURVE('',#1170,#1198,#183,.T.);
#1485=EDGE_CURVE('',#1169,#1199,#184,.T.);
#1486=EDGE_CURVE('',#1176,#1200,#185,.T.);
#1487=EDGE_CURVE('',#1175,#1201,#186,.T.);
#1488=EDGE_CURVE('',#1229,#1230,#187,.T.);
#1489=EDGE_CURVE('',#1231,#1229,#1025,.T.);
#1490=EDGE_CURVE('',#1232,#1231,#188,.T.);
#1491=EDGE_CURVE('',#1232,#1233,#189,.T.);
#1492=EDGE_CURVE('',#1234,#1233,#1026,.T.);
#1493=EDGE_CURVE('',#1234,#1230,#190,.T.);
#1494=EDGE_CURVE('',#1235,#1235,#1027,.F.);
#1495=EDGE_CURVE('',#1236,#1232,#191,.T.);
#1496=EDGE_CURVE('',#1237,#1236,#192,.T.);
#1497=EDGE_CURVE('',#1233,#1237,#193,.T.);
#1498=EDGE_CURVE('',#1238,#1238,#1028,.F.);
#1499=EDGE_CURVE('',#1238,#1235,#194,.T.);
#1500=EDGE_CURVE('',#1230,#1239,#195,.T.);
#1501=EDGE_CURVE('',#1234,#1240,#196,.T.);
#1502=EDGE_CURVE('',#1239,#1240,#197,.T.);
#1503=EDGE_CURVE('',#1240,#1237,#1029,.T.);
#1504=EDGE_CURVE('',#1239,#1241,#198,.T.);
#1505=EDGE_CURVE('',#1242,#1236,#199,.T.);
#1506=EDGE_CURVE('',#1241,#1242,#1030,.T.);
#1507=EDGE_CURVE('',#1243,#1142,#200,.T.);
#1508=EDGE_CURVE('',#1243,#1244,#201,.T.);
#1509=EDGE_CURVE('',#1244,#1245,#202,.T.);
#1510=EDGE_CURVE('',#1245,#1246,#203,.T.);
#1511=EDGE_CURVE('',#1247,#1246,#204,.T.);
#1512=EDGE_CURVE('',#1248,#1247,#205,.F.);
#1513=EDGE_CURVE('',#1248,#1229,#206,.T.);
#1514=EDGE_CURVE('',#1241,#1143,#207,.T.);
#1515=EDGE_CURVE('',#1242,#1144,#208,.T.);
#1516=EDGE_CURVE('',#1249,#1206,#1031,.T.);
#1517=EDGE_CURVE('',#1250,#1249,#209,.T.);
#1518=EDGE_CURVE('',#1250,#1251,#210,.T.);
#1519=EDGE_CURVE('',#1251,#1252,#1032,.T.);
#1520=EDGE_CURVE('',#1252,#1207,#211,.T.);
#1521=EDGE_CURVE('',#1253,#1253,#1033,.T.);
#1522=EDGE_CURVE('',#1254,#1250,#212,.T.);
#1523=EDGE_CURVE('',#1255,#1254,#213,.T.);
#1524=EDGE_CURVE('',#1255,#1251,#214,.T.);
#1525=EDGE_CURVE('',#1253,#1256,#215,.T.);
#1526=EDGE_CURVE('',#1256,#1256,#1034,.T.);
#1527=EDGE_CURVE('',#1257,#1252,#216,.T.);
#1528=EDGE_CURVE('',#1208,#1257,#217,.T.);
#1529=EDGE_CURVE('',#1255,#1257,#1035,.T.);
#1530=EDGE_CURVE('',#1258,#1254,#218,.T.);
#1531=EDGE_CURVE('',#1209,#1258,#1036,.T.);
#1532=EDGE_CURVE('',#1259,#1258,#219,.T.);
#1533=EDGE_CURVE('',#1210,#1259,#1037,.F.);
#1534=EDGE_CURVE('',#1260,#1212,#1038,.T.);
#1535=EDGE_CURVE('',#1261,#1260,#220,.T.);
#1536=EDGE_CURVE('',#1261,#1262,#221,.T.);
#1537=EDGE_CURVE('',#1263,#1262,#1039,.T.);
#1538=EDGE_CURVE('',#1263,#1213,#222,.T.);
#1539=EDGE_CURVE('',#1264,#1264,#1040,.F.);
#1540=EDGE_CURVE('',#1265,#1261,#223,.T.);
#1541=EDGE_CURVE('',#1266,#1265,#224,.T.);
#1542=EDGE_CURVE('',#1262,#1266,#225,.T.);
#1543=EDGE_CURVE('',#1267,#1267,#1041,.F.);
#1544=EDGE_CURVE('',#1267,#1264,#226,.T.);
#1545=EDGE_CURVE('',#1263,#1268,#227,.T.);
#1546=EDGE_CURVE('',#1214,#1268,#228,.T.);
#1547=EDGE_CURVE('',#1268,#1266,#1042,.T.);
#1548=EDGE_CURVE('',#1269,#1265,#229,.T.);
#1549=EDGE_CURVE('',#1215,#1269,#1043,.T.);
#1550=EDGE_CURVE('',#1269,#1140,#230,.T.);
#1551=EDGE_CURVE('',#1270,#1271,#231,.T.);
#1552=EDGE_CURVE('',#1246,#1270,#1044,.T.);
#1553=EDGE_CURVE('',#1245,#1272,#232,.T.);
#1554=EDGE_CURVE('',#1273,#1272,#1045,.T.);
#1555=EDGE_CURVE('',#1273,#1271,#233,.T.);
#1556=EDGE_CURVE('',#1274,#1274,#1046,.F.);
#1557=EDGE_CURVE('',#1275,#1244,#234,.T.);
#1558=EDGE_CURVE('',#1272,#1275,#235,.T.);
#1559=EDGE_CURVE('',#1276,#1276,#1047,.F.);
#1560=EDGE_CURVE('',#1276,#1274,#236,.T.);
#1561=EDGE_CURVE('',#1271,#1277,#237,.T.);
#1562=EDGE_CURVE('',#1273,#1278,#238,.T.);
#1563=EDGE_CURVE('',#1277,#1278,#239,.T.);
#1564=EDGE_CURVE('',#1278,#1275,#1048,.T.);
#1565=EDGE_CURVE('',#1277,#1279,#240,.T.);
#1566=EDGE_CURVE('',#1279,#1243,#1049,.T.);
#1567=EDGE_CURVE('',#1280,#1260,#241,.T.);
#1568=EDGE_CURVE('',#1281,#1280,#242,.F.);
#1569=EDGE_CURVE('',#1281,#1270,#243,.T.);
#1570=EDGE_CURVE('',#1279,#1141,#244,.T.);
#1571=EDGE_CURVE('',#1282,#1283,#1050,.T.);
#1572=EDGE_CURVE('',#1283,#1160,#1051,.T.);
#1573=EDGE_CURVE('',#1283,#1282,#1052,.T.);
#1574=EDGE_CURVE('',#1282,#1284,#245,.T.);
#1575=EDGE_CURVE('',#1284,#1284,#1053,.T.);
#1576=EDGE_CURVE('',#1285,#1286,#1054,.T.);
#1577=EDGE_CURVE('',#1286,#1157,#1055,.T.);
#1578=EDGE_CURVE('',#1286,#1285,#1056,.T.);
#1579=EDGE_CURVE('',#1285,#1287,#246,.T.);
#1580=EDGE_CURVE('',#1287,#1287,#1057,.T.);
#1581=EDGE_CURVE('',#1288,#1288,#1058,.T.);
#1582=EDGE_CURVE('',#1289,#1289,#1059,.T.);
#1583=EDGE_CURVE('',#1288,#1290,#247,.T.);
#1584=EDGE_CURVE('',#1290,#1290,#1060,.T.);
#1585=EDGE_CURVE('',#1147,#1291,#248,.T.);
#1586=EDGE_CURVE('',#1291,#1291,#1061,.T.);
#1587=EDGE_CURVE('',#1289,#1292,#249,.T.);
#1588=EDGE_CURVE('',#1292,#1292,#1062,.T.);
#1589=EDGE_CURVE('',#1148,#1293,#250,.T.);
#1590=EDGE_CURVE('',#1293,#1293,#1063,.T.);
#1591=EDGE_CURVE('',#1294,#1294,#1064,.T.);
#1592=EDGE_CURVE('',#1294,#1295,#251,.T.);
#1593=EDGE_CURVE('',#1295,#1295,#1065,.T.);
#1594=EDGE_CURVE('',#1146,#1296,#252,.T.);
#1595=EDGE_CURVE('',#1296,#1296,#1066,.T.);
#1596=EDGE_CURVE('',#1297,#1297,#1067,.T.);
#1597=EDGE_CURVE('',#1297,#1298,#253,.T.);
#1598=EDGE_CURVE('',#1298,#1298,#1068,.T.);
#1599=EDGE_CURVE('',#1150,#1299,#254,.T.);
#1600=EDGE_CURVE('',#1299,#1299,#1069,.T.);
#1601=EDGE_CURVE('',#1300,#1300,#1070,.T.);
#1602=EDGE_CURVE('',#1300,#1301,#255,.T.);
#1603=EDGE_CURVE('',#1301,#1301,#1071,.T.);
#1604=EDGE_CURVE('',#1302,#1302,#1072,.T.);
#1605=EDGE_CURVE('',#1302,#1303,#256,.T.);
#1606=EDGE_CURVE('',#1303,#1303,#1073,.T.);
#1607=EDGE_CURVE('',#1182,#1225,#257,.T.);
#1608=EDGE_CURVE('',#1181,#1226,#258,.T.);
#1609=EDGE_CURVE('',#1180,#1227,#259,.T.);
#1610=EDGE_CURVE('',#1179,#1228,#260,.T.);
#1611=EDGE_CURVE('',#1178,#1221,#261,.T.);
#1612=EDGE_CURVE('',#1177,#1222,#262,.T.);
#1613=EDGE_CURVE('',#1184,#1223,#263,.T.);
#1614=EDGE_CURVE('',#1183,#1224,#264,.T.);
#1615=EDGE_CURVE('',#1185,#1220,#265,.T.);
#1616=EDGE_CURVE('',#1186,#1219,#266,.T.);
#1617=EDGE_CURVE('',#1187,#1218,#267,.T.);
#1618=EDGE_CURVE('',#1188,#1217,#268,.T.);
#1619=EDGE_CURVE('',#1189,#1216,#269,.T.);
#1620=EDGE_CURVE('',#1304,#1305,#1074,.T.);
#1621=EDGE_CURVE('',#1306,#1304,#1075,.T.);
#1622=EDGE_CURVE('',#1307,#1306,#1076,.T.);
#1623=EDGE_CURVE('',#1308,#1307,#1077,.T.);
#1624=EDGE_CURVE('',#1305,#1308,#1078,.T.);
#1625=EDGE_CURVE('',#1309,#1309,#1079,.T.);
#1626=EDGE_CURVE('',#1152,#1306,#270,.T.);
#1627=EDGE_CURVE('',#1307,#1151,#271,.T.);
#1628=EDGE_CURVE('',#1310,#1310,#1080,.T.);
#1629=EDGE_CURVE('',#1311,#1311,#1081,.T.);
#1630=EDGE_CURVE('',#1312,#1312,#1082,.T.);
#1631=EDGE_CURVE('',#1313,#1313,#1083,.T.);
#1632=EDGE_CURVE('',#1155,#1305,#272,.T.);
#1633=EDGE_CURVE('',#1304,#1154,#273,.T.);
#1634=EDGE_CURVE('',#1314,#1314,#1084,.T.);
#1635=EDGE_CURVE('',#1314,#1309,#274,.T.);
#1636=EDGE_CURVE('',#1315,#1315,#1085,.T.);
#1637=EDGE_CURVE('',#1315,#1313,#275,.T.);
#1638=EDGE_CURVE('',#1153,#1312,#276,.T.);
#1639=EDGE_CURVE('',#1316,#1316,#1086,.T.);
#1640=EDGE_CURVE('',#1316,#1311,#277,.T.);
#1641=EDGE_CURVE('',#1308,#1310,#278,.T.);
#1642=EDGE_CURVE('',#1247,#1281,#1087,.F.);
#1643=EDGE_CURVE('',#1317,#1248,#1088,.F.);
#1644=EDGE_CURVE('',#1317,#1231,#279,.T.);
#1645=EDGE_CURVE('',#1259,#1317,#280,.F.);
#1646=EDGE_CURVE('',#1249,#1145,#281,.T.);
#1647=EDGE_CURVE('',#1280,#1211,#1089,.F.);
#1648=EDGE_CURVE('',#1318,#1319,#1090,.T.);
#1649=EDGE_CURVE('',#1318,#1320,#282,.T.);
#1650=EDGE_CURVE('',#1320,#1321,#1091,.T.);
#1651=EDGE_CURVE('',#1319,#1321,#283,.T.);
#1652=EDGE_CURVE('',#1322,#1318,#284,.T.);
#1653=EDGE_CURVE('',#1322,#1323,#285,.T.);
#1654=EDGE_CURVE('',#1323,#1320,#286,.T.);
#1655=EDGE_CURVE('',#1324,#1322,#1092,.T.);
#1656=EDGE_CURVE('',#1324,#1325,#287,.T.);
#1657=EDGE_CURVE('',#1325,#1323,#1093,.T.);
#1658=EDGE_CURVE('',#1319,#1324,#288,.T.);
#1659=EDGE_CURVE('',#1321,#1325,#289,.T.);
#1660=EDGE_CURVE('',#1326,#1326,#1094,.T.);
#1661=EDGE_CURVE('',#1326,#1327,#290,.T.);
#1662=EDGE_CURVE('',#1327,#1327,#1095,.T.);
#1663=EDGE_CURVE('',#1328,#1329,#1096,.T.);
#1664=EDGE_CURVE('',#1328,#1330,#291,.T.);
#1665=EDGE_CURVE('',#1330,#1331,#1097,.T.);
#1666=EDGE_CURVE('',#1329,#1331,#292,.T.);
#1667=EDGE_CURVE('',#1332,#1328,#293,.T.);
#1668=EDGE_CURVE('',#1332,#1333,#294,.T.);
#1669=EDGE_CURVE('',#1333,#1330,#295,.T.);
#1670=EDGE_CURVE('',#1334,#1332,#1098,.T.);
#1671=EDGE_CURVE('',#1334,#1335,#296,.T.);
#1672=EDGE_CURVE('',#1335,#1333,#1099,.T.);
#1673=EDGE_CURVE('',#1329,#1334,#297,.T.);
#1674=EDGE_CURVE('',#1331,#1335,#298,.T.);
#1675=EDGE_CURVE('',#1336,#1337,#1100,.T.);
#1676=EDGE_CURVE('',#1336,#1338,#299,.T.);
#1677=EDGE_CURVE('',#1338,#1339,#1101,.T.);
#1678=EDGE_CURVE('',#1337,#1339,#300,.T.);
#1679=EDGE_CURVE('',#1340,#1336,#301,.T.);
#1680=EDGE_CURVE('',#1340,#1341,#302,.T.);
#1681=EDGE_CURVE('',#1341,#1338,#303,.T.);
#1682=EDGE_CURVE('',#1342,#1340,#1102,.T.);
#1683=EDGE_CURVE('',#1342,#1343,#304,.T.);
#1684=EDGE_CURVE('',#1343,#1341,#1103,.T.);
#1685=EDGE_CURVE('',#1337,#1342,#305,.T.);
#1686=EDGE_CURVE('',#1339,#1343,#306,.T.);
#1687=EDGE_CURVE('',#1344,#1345,#1104,.T.);
#1688=EDGE_CURVE('',#1344,#1346,#307,.T.);
#1689=EDGE_CURVE('',#1346,#1347,#1105,.T.);
#1690=EDGE_CURVE('',#1345,#1347,#308,.T.);
#1691=EDGE_CURVE('',#1348,#1344,#309,.T.);
#1692=EDGE_CURVE('',#1348,#1349,#310,.T.);
#1693=EDGE_CURVE('',#1349,#1346,#311,.T.);
#1694=EDGE_CURVE('',#1350,#1348,#1106,.T.);
#1695=EDGE_CURVE('',#1350,#1351,#312,.T.);
#1696=EDGE_CURVE('',#1351,#1349,#1107,.T.);
#1697=EDGE_CURVE('',#1345,#1350,#313,.T.);
#1698=EDGE_CURVE('',#1347,#1351,#314,.T.);
#1699=EDGE_CURVE('',#1352,#1353,#1108,.T.);
#1700=EDGE_CURVE('',#1352,#1354,#315,.T.);
#1701=EDGE_CURVE('',#1354,#1355,#1109,.T.);
#1702=EDGE_CURVE('',#1353,#1355,#316,.T.);
#1703=EDGE_CURVE('',#1356,#1352,#317,.T.);
#1704=EDGE_CURVE('',#1356,#1357,#318,.T.);
#1705=EDGE_CURVE('',#1357,#1354,#319,.T.);
#1706=EDGE_CURVE('',#1358,#1356,#1110,.T.);
#1707=EDGE_CURVE('',#1358,#1359,#320,.T.);
#1708=EDGE_CURVE('',#1359,#1357,#1111,.T.);
#1709=EDGE_CURVE('',#1353,#1358,#321,.T.);
#1710=EDGE_CURVE('',#1355,#1359,#322,.T.);
#1711=EDGE_CURVE('',#1360,#1361,#1112,.T.);
#1712=EDGE_CURVE('',#1360,#1362,#323,.T.);
#1713=EDGE_CURVE('',#1362,#1363,#1113,.T.);
#1714=EDGE_CURVE('',#1361,#1363,#324,.T.);
#1715=EDGE_CURVE('',#1364,#1360,#325,.T.);
#1716=EDGE_CURVE('',#1364,#1365,#326,.T.);
#1717=EDGE_CURVE('',#1365,#1362,#327,.T.);
#1718=EDGE_CURVE('',#1366,#1364,#1114,.T.);
#1719=EDGE_CURVE('',#1366,#1367,#328,.T.);
#1720=EDGE_CURVE('',#1367,#1365,#1115,.T.);
#1721=EDGE_CURVE('',#1361,#1366,#329,.T.);
#1722=EDGE_CURVE('',#1363,#1367,#330,.T.);
#1723=EDGE_CURVE('',#1165,#1368,#1116,.T.);
#1724=EDGE_CURVE('',#1368,#1369,#1117,.T.);
#1725=EDGE_CURVE('',#1190,#1369,#1118,.T.);
#1726=EDGE_CURVE('',#1190,#1165,#1119,.T.);
#1727=EDGE_CURVE('',#1370,#1368,#331,.T.);
#1728=EDGE_CURVE('',#1166,#1370,#1120,.T.);
#1729=EDGE_CURVE('',#1193,#1167,#1121,.T.);
#1730=EDGE_CURVE('',#1161,#1371,#1122,.T.);
#1731=EDGE_CURVE('',#1371,#1370,#1123,.T.);
#1732=EDGE_CURVE('',#1166,#1161,#1124,.T.);
#1733=EDGE_CURVE('',#1372,#1371,#332,.T.);
#1734=EDGE_CURVE('',#1162,#1372,#1125,.T.);
#1735=EDGE_CURVE('',#1168,#1163,#1126,.T.);
#1736=EDGE_CURVE('',#1373,#1374,#1127,.T.);
#1737=EDGE_CURVE('',#1374,#1372,#1128,.T.);
#1738=EDGE_CURVE('',#1162,#1373,#1129,.T.);
#1739=EDGE_CURVE('',#1375,#1374,#333,.T.);
#1740=EDGE_CURVE('',#1373,#1376,#334,.T.);
#1741=EDGE_CURVE('',#1376,#1375,#1130,.T.);
#1742=EDGE_CURVE('',#1164,#1377,#1131,.T.);
#1743=EDGE_CURVE('',#1377,#1373,#335,.T.);
#1744=EDGE_CURVE('',#1191,#1378,#1132,.T.);
#1745=EDGE_CURVE('',#1378,#1375,#1133,.T.);
#1746=EDGE_CURVE('',#1376,#1191,#1134,.T.);
#1747=EDGE_CURVE('',#1369,#1378,#336,.T.);
#1748=EDGE_CURVE('',#1379,#1376,#337,.T.);
#1749=EDGE_CURVE('',#1379,#1192,#1135,.T.);
#1750=EDGE_CURVE('',#1379,#1377,#338,.T.);
#1751=ORIENTED_EDGE('',*,*,#1380,.T.);
#1752=ORIENTED_EDGE('',*,*,#1381,.T.);
#1753=ORIENTED_EDGE('',*,*,#1382,.T.);
#1754=ORIENTED_EDGE('',*,*,#1381,.F.);
#1755=ORIENTED_EDGE('',*,*,#1383,.F.);
#1756=ORIENTED_EDGE('',*,*,#1384,.F.);
#1757=ORIENTED_EDGE('',*,*,#1385,.F.);
#1758=ORIENTED_EDGE('',*,*,#1386,.F.);
#1759=ORIENTED_EDGE('',*,*,#1387,.F.);
#1760=ORIENTED_EDGE('',*,*,#1388,.F.);
#1761=ORIENTED_EDGE('',*,*,#1389,.F.);
#1762=ORIENTED_EDGE('',*,*,#1390,.F.);
#1763=ORIENTED_EDGE('',*,*,#1391,.T.);
#1764=ORIENTED_EDGE('',*,*,#1392,.T.);
#1765=ORIENTED_EDGE('',*,*,#1393,.T.);
#1766=ORIENTED_EDGE('',*,*,#1394,.F.);
#1767=ORIENTED_EDGE('',*,*,#1395,.T.);
#1768=ORIENTED_EDGE('',*,*,#1396,.T.);
#1769=ORIENTED_EDGE('',*,*,#1397,.T.);
#1770=ORIENTED_EDGE('',*,*,#1398,.T.);
#1771=ORIENTED_EDGE('',*,*,#1399,.T.);
#1772=ORIENTED_EDGE('',*,*,#1400,.T.);
#1773=ORIENTED_EDGE('',*,*,#1380,.F.);
#1774=ORIENTED_EDGE('',*,*,#1382,.F.);
#1775=ORIENTED_EDGE('',*,*,#1401,.T.);
#1776=ORIENTED_EDGE('',*,*,#1402,.F.);
#1777=ORIENTED_EDGE('',*,*,#1403,.F.);
#1778=ORIENTED_EDGE('',*,*,#1401,.F.);
#1779=ORIENTED_EDGE('',*,*,#1394,.T.);
#1780=ORIENTED_EDGE('',*,*,#1404,.T.);
#1781=ORIENTED_EDGE('',*,*,#1405,.T.);
#1782=ORIENTED_EDGE('',*,*,#1404,.F.);
#1783=ORIENTED_EDGE('',*,*,#1405,.F.);
#1784=ORIENTED_EDGE('',*,*,#1406,.T.);
#1785=ORIENTED_EDGE('',*,*,#1407,.F.);
#1786=ORIENTED_EDGE('',*,*,#1408,.F.);
#1787=ORIENTED_EDGE('',*,*,#1406,.F.);
#1788=ORIENTED_EDGE('',*,*,#1409,.F.);
#1789=ORIENTED_EDGE('',*,*,#1410,.F.);
#1790=ORIENTED_EDGE('',*,*,#1411,.F.);
#1791=ORIENTED_EDGE('',*,*,#1412,.T.);
#1792=ORIENTED_EDGE('',*,*,#1413,.F.);
#1793=ORIENTED_EDGE('',*,*,#1414,.F.);
#1794=ORIENTED_EDGE('',*,*,#1415,.F.);
#1795=ORIENTED_EDGE('',*,*,#1416,.T.);
#1796=ORIENTED_EDGE('',*,*,#1417,.T.);
#1797=ORIENTED_EDGE('',*,*,#1418,.T.);
#1798=ORIENTED_EDGE('',*,*,#1419,.T.);
#1799=ORIENTED_EDGE('',*,*,#1420,.T.);
#1800=ORIENTED_EDGE('',*,*,#1421,.T.);
#1801=ORIENTED_EDGE('',*,*,#1422,.T.);
#1802=ORIENTED_EDGE('',*,*,#1423,.T.);
#1803=ORIENTED_EDGE('',*,*,#1424,.T.);
#1804=ORIENTED_EDGE('',*,*,#1425,.T.);
#1805=ORIENTED_EDGE('',*,*,#1426,.T.);
#1806=ORIENTED_EDGE('',*,*,#1427,.T.);
#1807=ORIENTED_EDGE('',*,*,#1428,.T.);
#1808=ORIENTED_EDGE('',*,*,#1429,.T.);
#1809=ORIENTED_EDGE('',*,*,#1430,.T.);
#1810=ORIENTED_EDGE('',*,*,#1431,.T.);
#1811=ORIENTED_EDGE('',*,*,#1432,.T.);
#1812=ORIENTED_EDGE('',*,*,#1433,.T.);
#1813=ORIENTED_EDGE('',*,*,#1434,.T.);
#1814=ORIENTED_EDGE('',*,*,#1435,.T.);
#1815=ORIENTED_EDGE('',*,*,#1436,.T.);
#1816=ORIENTED_EDGE('',*,*,#1437,.T.);
#1817=ORIENTED_EDGE('',*,*,#1438,.T.);
#1818=ORIENTED_EDGE('',*,*,#1439,.F.);
#1819=ORIENTED_EDGE('',*,*,#1440,.F.);
#1820=ORIENTED_EDGE('',*,*,#1441,.T.);
#1821=ORIENTED_EDGE('',*,*,#1442,.T.);
#1822=ORIENTED_EDGE('',*,*,#1443,.T.);
#1823=ORIENTED_EDGE('',*,*,#1444,.T.);
#1824=ORIENTED_EDGE('',*,*,#1445,.T.);
#1825=ORIENTED_EDGE('',*,*,#1443,.F.);
#1826=ORIENTED_EDGE('',*,*,#1442,.F.);
#1827=ORIENTED_EDGE('',*,*,#1446,.T.);
#1828=ORIENTED_EDGE('',*,*,#1447,.T.);
#1829=ORIENTED_EDGE('',*,*,#1448,.T.);
#1830=ORIENTED_EDGE('',*,*,#1449,.T.);
#1831=ORIENTED_EDGE('',*,*,#1450,.T.);
#1832=ORIENTED_EDGE('',*,*,#1451,.T.);
#1833=ORIENTED_EDGE('',*,*,#1452,.T.);
#1834=ORIENTED_EDGE('',*,*,#1453,.T.);
#1835=ORIENTED_EDGE('',*,*,#1454,.T.);
#1836=ORIENTED_EDGE('',*,*,#1455,.T.);
#1837=ORIENTED_EDGE('',*,*,#1444,.F.);
#1838=ORIENTED_EDGE('',*,*,#1445,.F.);
#1839=ORIENTED_EDGE('',*,*,#1455,.F.);
#1840=ORIENTED_EDGE('',*,*,#1383,.T.);
#1841=ORIENTED_EDGE('',*,*,#1456,.F.);
#1842=ORIENTED_EDGE('',*,*,#1457,.T.);
#1843=ORIENTED_EDGE('',*,*,#1458,.T.);
#1844=ORIENTED_EDGE('',*,*,#1459,.T.);
#1845=ORIENTED_EDGE('',*,*,#1460,.F.);
#1846=ORIENTED_EDGE('',*,*,#1461,.F.);
#1847=ORIENTED_EDGE('',*,*,#1462,.T.);
#1848=ORIENTED_EDGE('',*,*,#1463,.T.);
#1849=ORIENTED_EDGE('',*,*,#1464,.T.);
#1850=ORIENTED_EDGE('',*,*,#1465,.T.);
#1851=ORIENTED_EDGE('',*,*,#1466,.T.);
#1852=ORIENTED_EDGE('',*,*,#1467,.T.);
#1853=ORIENTED_EDGE('',*,*,#1468,.T.);
#1854=ORIENTED_EDGE('',*,*,#1469,.T.);
#1855=ORIENTED_EDGE('',*,*,#1470,.T.);
#1856=ORIENTED_EDGE('',*,*,#1471,.T.);
#1857=ORIENTED_EDGE('',*,*,#1472,.T.);
#1858=ORIENTED_EDGE('',*,*,#1473,.T.);
#1859=ORIENTED_EDGE('',*,*,#1474,.T.);
#1860=ORIENTED_EDGE('',*,*,#1475,.T.);
#1861=ORIENTED_EDGE('',*,*,#1476,.T.);
#1862=ORIENTED_EDGE('',*,*,#1477,.T.);
#1863=ORIENTED_EDGE('',*,*,#1478,.T.);
#1864=ORIENTED_EDGE('',*,*,#1479,.T.);
#1865=ORIENTED_EDGE('',*,*,#1454,.F.);
#1866=ORIENTED_EDGE('',*,*,#1480,.F.);
#1867=ORIENTED_EDGE('',*,*,#1421,.F.);
#1868=ORIENTED_EDGE('',*,*,#1481,.T.);
#1869=ORIENTED_EDGE('',*,*,#1451,.F.);
#1870=ORIENTED_EDGE('',*,*,#1481,.F.);
#1871=ORIENTED_EDGE('',*,*,#1420,.F.);
#1872=ORIENTED_EDGE('',*,*,#1482,.T.);
#1873=ORIENTED_EDGE('',*,*,#1452,.F.);
#1874=ORIENTED_EDGE('',*,*,#1482,.F.);
#1875=ORIENTED_EDGE('',*,*,#1419,.F.);
#1876=ORIENTED_EDGE('',*,*,#1483,.T.);
#1877=ORIENTED_EDGE('',*,*,#1453,.F.);
#1878=ORIENTED_EDGE('',*,*,#1483,.F.);
#1879=ORIENTED_EDGE('',*,*,#1418,.F.);
#1880=ORIENTED_EDGE('',*,*,#1484,.T.);
#1881=ORIENTED_EDGE('',*,*,#1446,.F.);
#1882=ORIENTED_EDGE('',*,*,#1484,.F.);
#1883=ORIENTED_EDGE('',*,*,#1417,.F.);
#1884=ORIENTED_EDGE('',*,*,#1485,.T.);
#1885=ORIENTED_EDGE('',*,*,#1447,.F.);
#1886=ORIENTED_EDGE('',*,*,#1485,.F.);
#1887=ORIENTED_EDGE('',*,*,#1424,.F.);
#1888=ORIENTED_EDGE('',*,*,#1486,.T.);
#1889=ORIENTED_EDGE('',*,*,#1448,.F.);
#1890=ORIENTED_EDGE('',*,*,#1486,.F.);
#1891=ORIENTED_EDGE('',*,*,#1423,.F.);
#1892=ORIENTED_EDGE('',*,*,#1487,.T.);
#1893=ORIENTED_EDGE('',*,*,#1449,.F.);
#1894=ORIENTED_EDGE('',*,*,#1487,.F.);
#1895=ORIENTED_EDGE('',*,*,#1422,.F.);
#1896=ORIENTED_EDGE('',*,*,#1480,.T.);
#1897=ORIENTED_EDGE('',*,*,#1450,.F.);
#1898=ORIENTED_EDGE('',*,*,#1488,.F.);
#1899=ORIENTED_EDGE('',*,*,#1489,.F.);
#1900=ORIENTED_EDGE('',*,*,#1490,.F.);
#1901=ORIENTED_EDGE('',*,*,#1491,.T.);
#1902=ORIENTED_EDGE('',*,*,#1492,.F.);
#1903=ORIENTED_EDGE('',*,*,#1493,.T.);
#1904=ORIENTED_EDGE('',*,*,#1494,.F.);
#1905=ORIENTED_EDGE('',*,*,#1495,.F.);
#1906=ORIENTED_EDGE('',*,*,#1496,.F.);
#1907=ORIENTED_EDGE('',*,*,#1497,.F.);
#1908=ORIENTED_EDGE('',*,*,#1491,.F.);
#1909=ORIENTED_EDGE('',*,*,#1498,.F.);
#1910=ORIENTED_EDGE('',*,*,#1499,.T.);
#1911=ORIENTED_EDGE('',*,*,#1494,.T.);
#1912=ORIENTED_EDGE('',*,*,#1499,.F.);
#1913=ORIENTED_EDGE('',*,*,#1500,.F.);
#1914=ORIENTED_EDGE('',*,*,#1493,.F.);
#1915=ORIENTED_EDGE('',*,*,#1501,.T.);
#1916=ORIENTED_EDGE('',*,*,#1502,.F.);
#1917=ORIENTED_EDGE('',*,*,#1492,.T.);
#1918=ORIENTED_EDGE('',*,*,#1497,.T.);
#1919=ORIENTED_EDGE('',*,*,#1503,.F.);
#1920=ORIENTED_EDGE('',*,*,#1501,.F.);
#1921=ORIENTED_EDGE('',*,*,#1504,.F.);
#1922=ORIENTED_EDGE('',*,*,#1502,.T.);
#1923=ORIENTED_EDGE('',*,*,#1503,.T.);
#1924=ORIENTED_EDGE('',*,*,#1496,.T.);
#1925=ORIENTED_EDGE('',*,*,#1505,.F.);
#1926=ORIENTED_EDGE('',*,*,#1506,.F.);
#1927=ORIENTED_EDGE('',*,*,#1498,.T.);
#1928=ORIENTED_EDGE('',*,*,#1387,.T.);
#1929=ORIENTED_EDGE('',*,*,#1507,.F.);
#1930=ORIENTED_EDGE('',*,*,#1508,.T.);
#1931=ORIENTED_EDGE('',*,*,#1509,.T.);
#1932=ORIENTED_EDGE('',*,*,#1510,.T.);
#1933=ORIENTED_EDGE('',*,*,#1511,.F.);
#1934=ORIENTED_EDGE('',*,*,#1512,.F.);
#1935=ORIENTED_EDGE('',*,*,#1513,.T.);
#1936=ORIENTED_EDGE('',*,*,#1488,.T.);
#1937=ORIENTED_EDGE('',*,*,#1500,.T.);
#1938=ORIENTED_EDGE('',*,*,#1504,.T.);
#1939=ORIENTED_EDGE('',*,*,#1514,.T.);
#1940=ORIENTED_EDGE('',*,*,#1506,.T.);
#1941=ORIENTED_EDGE('',*,*,#1515,.T.);
#1942=ORIENTED_EDGE('',*,*,#1388,.T.);
#1943=ORIENTED_EDGE('',*,*,#1514,.F.);
#1944=ORIENTED_EDGE('',*,*,#1457,.F.);
#1945=ORIENTED_EDGE('',*,*,#1516,.F.);
#1946=ORIENTED_EDGE('',*,*,#1517,.F.);
#1947=ORIENTED_EDGE('',*,*,#1518,.T.);
#1948=ORIENTED_EDGE('',*,*,#1519,.T.);
#1949=ORIENTED_EDGE('',*,*,#1520,.T.);
#1950=ORIENTED_EDGE('',*,*,#1521,.T.);
#1951=ORIENTED_EDGE('',*,*,#1522,.F.);
#1952=ORIENTED_EDGE('',*,*,#1523,.F.);
#1953=ORIENTED_EDGE('',*,*,#1524,.T.);
#1954=ORIENTED_EDGE('',*,*,#1518,.F.);
#1955=ORIENTED_EDGE('',*,*,#1521,.F.);
#1956=ORIENTED_EDGE('',*,*,#1525,.T.);
#1957=ORIENTED_EDGE('',*,*,#1526,.T.);
#1958=ORIENTED_EDGE('',*,*,#1525,.F.);
#1959=ORIENTED_EDGE('',*,*,#1458,.F.);
#1960=ORIENTED_EDGE('',*,*,#1520,.F.);
#1961=ORIENTED_EDGE('',*,*,#1527,.F.);
#1962=ORIENTED_EDGE('',*,*,#1528,.F.);
#1963=ORIENTED_EDGE('',*,*,#1529,.T.);
#1964=ORIENTED_EDGE('',*,*,#1527,.T.);
#1965=ORIENTED_EDGE('',*,*,#1519,.F.);
#1966=ORIENTED_EDGE('',*,*,#1524,.F.);
#1967=ORIENTED_EDGE('',*,*,#1459,.F.);
#1968=ORIENTED_EDGE('',*,*,#1528,.T.);
#1969=ORIENTED_EDGE('',*,*,#1529,.F.);
#1970=ORIENTED_EDGE('',*,*,#1523,.T.);
#1971=ORIENTED_EDGE('',*,*,#1530,.F.);
#1972=ORIENTED_EDGE('',*,*,#1531,.F.);
#1973=ORIENTED_EDGE('',*,*,#1526,.F.);
#1974=ORIENTED_EDGE('',*,*,#1531,.T.);
#1975=ORIENTED_EDGE('',*,*,#1532,.F.);
#1976=ORIENTED_EDGE('',*,*,#1533,.F.);
#1977=ORIENTED_EDGE('',*,*,#1460,.T.);
#1978=ORIENTED_EDGE('',*,*,#1463,.F.);
#1979=ORIENTED_EDGE('',*,*,#1534,.F.);
#1980=ORIENTED_EDGE('',*,*,#1535,.F.);
#1981=ORIENTED_EDGE('',*,*,#1536,.T.);
#1982=ORIENTED_EDGE('',*,*,#1537,.F.);
#1983=ORIENTED_EDGE('',*,*,#1538,.T.);
#1984=ORIENTED_EDGE('',*,*,#1539,.F.);
#1985=ORIENTED_EDGE('',*,*,#1540,.F.);
#1986=ORIENTED_EDGE('',*,*,#1541,.F.);
#1987=ORIENTED_EDGE('',*,*,#1542,.F.);
#1988=ORIENTED_EDGE('',*,*,#1536,.F.);
#1989=ORIENTED_EDGE('',*,*,#1543,.F.);
#1990=ORIENTED_EDGE('',*,*,#1544,.T.);
#1991=ORIENTED_EDGE('',*,*,#1539,.T.);
#1992=ORIENTED_EDGE('',*,*,#1544,.F.);
#1993=ORIENTED_EDGE('',*,*,#1464,.F.);
#1994=ORIENTED_EDGE('',*,*,#1538,.F.);
#1995=ORIENTED_EDGE('',*,*,#1545,.T.);
#1996=ORIENTED_EDGE('',*,*,#1546,.F.);
#1997=ORIENTED_EDGE('',*,*,#1537,.T.);
#1998=ORIENTED_EDGE('',*,*,#1542,.T.);
#1999=ORIENTED_EDGE('',*,*,#1547,.F.);
#2000=ORIENTED_EDGE('',*,*,#1545,.F.);
#2001=ORIENTED_EDGE('',*,*,#1465,.F.);
#2002=ORIENTED_EDGE('',*,*,#1546,.T.);
#2003=ORIENTED_EDGE('',*,*,#1547,.T.);
#2004=ORIENTED_EDGE('',*,*,#1541,.T.);
#2005=ORIENTED_EDGE('',*,*,#1548,.F.);
#2006=ORIENTED_EDGE('',*,*,#1549,.F.);
#2007=ORIENTED_EDGE('',*,*,#1543,.T.);
#2008=ORIENTED_EDGE('',*,*,#1549,.T.);
#2009=ORIENTED_EDGE('',*,*,#1550,.T.);
#2010=ORIENTED_EDGE('',*,*,#1384,.T.);
#2011=ORIENTED_EDGE('',*,*,#1466,.F.);
#2012=ORIENTED_EDGE('',*,*,#1551,.F.);
#2013=ORIENTED_EDGE('',*,*,#1552,.F.);
#2014=ORIENTED_EDGE('',*,*,#1510,.F.);
#2015=ORIENTED_EDGE('',*,*,#1553,.T.);
#2016=ORIENTED_EDGE('',*,*,#1554,.F.);
#2017=ORIENTED_EDGE('',*,*,#1555,.T.);
#2018=ORIENTED_EDGE('',*,*,#1556,.F.);
#2019=ORIENTED_EDGE('',*,*,#1509,.F.);
#2020=ORIENTED_EDGE('',*,*,#1557,.F.);
#2021=ORIENTED_EDGE('',*,*,#1558,.F.);
#2022=ORIENTED_EDGE('',*,*,#1553,.F.);
#2023=ORIENTED_EDGE('',*,*,#1559,.F.);
#2024=ORIENTED_EDGE('',*,*,#1560,.T.);
#2025=ORIENTED_EDGE('',*,*,#1556,.T.);
#2026=ORIENTED_EDGE('',*,*,#1560,.F.);
#2027=ORIENTED_EDGE('',*,*,#1561,.F.);
#2028=ORIENTED_EDGE('',*,*,#1555,.F.);
#2029=ORIENTED_EDGE('',*,*,#1562,.T.);
#2030=ORIENTED_EDGE('',*,*,#1563,.F.);
#2031=ORIENTED_EDGE('',*,*,#1554,.T.);
#2032=ORIENTED_EDGE('',*,*,#1558,.T.);
#2033=ORIENTED_EDGE('',*,*,#1564,.F.);
#2034=ORIENTED_EDGE('',*,*,#1562,.F.);
#2035=ORIENTED_EDGE('',*,*,#1565,.F.);
#2036=ORIENTED_EDGE('',*,*,#1563,.T.);
#2037=ORIENTED_EDGE('',*,*,#1564,.T.);
#2038=ORIENTED_EDGE('',*,*,#1557,.T.);
#2039=ORIENTED_EDGE('',*,*,#1508,.F.);
#2040=ORIENTED_EDGE('',*,*,#1566,.F.);
#2041=ORIENTED_EDGE('',*,*,#1559,.T.);
#2042=ORIENTED_EDGE('',*,*,#1385,.T.);
#2043=ORIENTED_EDGE('',*,*,#1550,.F.);
#2044=ORIENTED_EDGE('',*,*,#1548,.T.);
#2045=ORIENTED_EDGE('',*,*,#1540,.T.);
#2046=ORIENTED_EDGE('',*,*,#1535,.T.);
#2047=ORIENTED_EDGE('',*,*,#1567,.F.);
#2048=ORIENTED_EDGE('',*,*,#1568,.F.);
#2049=ORIENTED_EDGE('',*,*,#1569,.T.);
#2050=ORIENTED_EDGE('',*,*,#1551,.T.);
#2051=ORIENTED_EDGE('',*,*,#1561,.T.);
#2052=ORIENTED_EDGE('',*,*,#1565,.T.);
#2053=ORIENTED_EDGE('',*,*,#1570,.T.);
#2054=ORIENTED_EDGE('',*,*,#1566,.T.);
#2055=ORIENTED_EDGE('',*,*,#1507,.T.);
#2056=ORIENTED_EDGE('',*,*,#1386,.T.);
#2057=ORIENTED_EDGE('',*,*,#1570,.F.);
#2058=ORIENTED_EDGE('',*,*,#1571,.T.);
#2059=ORIENTED_EDGE('',*,*,#1572,.T.);
#2060=ORIENTED_EDGE('',*,*,#1407,.T.);
#2061=ORIENTED_EDGE('',*,*,#1408,.T.);
#2062=ORIENTED_EDGE('',*,*,#1572,.F.);
#2063=ORIENTED_EDGE('',*,*,#1573,.T.);
#2064=ORIENTED_EDGE('',*,*,#1571,.F.);
#2065=ORIENTED_EDGE('',*,*,#1574,.T.);
#2066=ORIENTED_EDGE('',*,*,#1575,.T.);
#2067=ORIENTED_EDGE('',*,*,#1574,.F.);
#2068=ORIENTED_EDGE('',*,*,#1573,.F.);
#2069=ORIENTED_EDGE('',*,*,#1576,.T.);
#2070=ORIENTED_EDGE('',*,*,#1577,.T.);
#2071=ORIENTED_EDGE('',*,*,#1402,.T.);
#2072=ORIENTED_EDGE('',*,*,#1403,.T.);
#2073=ORIENTED_EDGE('',*,*,#1577,.F.);
#2074=ORIENTED_EDGE('',*,*,#1578,.T.);
#2075=ORIENTED_EDGE('',*,*,#1576,.F.);
#2076=ORIENTED_EDGE('',*,*,#1579,.T.);
#2077=ORIENTED_EDGE('',*,*,#1580,.T.);
#2078=ORIENTED_EDGE('',*,*,#1579,.F.);
#2079=ORIENTED_EDGE('',*,*,#1578,.F.);
#2080=ORIENTED_EDGE('',*,*,#1581,.F.);
#2081=ORIENTED_EDGE('',*,*,#1582,.F.);
#2082=ORIENTED_EDGE('',*,*,#1581,.T.);
#2083=ORIENTED_EDGE('',*,*,#1583,.T.);
#2084=ORIENTED_EDGE('',*,*,#1584,.T.);
#2085=ORIENTED_EDGE('',*,*,#1583,.F.);
#2086=ORIENTED_EDGE('',*,*,#1392,.F.);
#2087=ORIENTED_EDGE('',*,*,#1585,.T.);
#2088=ORIENTED_EDGE('',*,*,#1586,.T.);
#2089=ORIENTED_EDGE('',*,*,#1585,.F.);
#2090=ORIENTED_EDGE('',*,*,#1586,.F.);
#2091=ORIENTED_EDGE('',*,*,#1584,.F.);
#2092=ORIENTED_EDGE('',*,*,#1582,.T.);
#2093=ORIENTED_EDGE('',*,*,#1587,.T.);
#2094=ORIENTED_EDGE('',*,*,#1588,.T.);
#2095=ORIENTED_EDGE('',*,*,#1587,.F.);
#2096=ORIENTED_EDGE('',*,*,#1393,.F.);
#2097=ORIENTED_EDGE('',*,*,#1589,.T.);
#2098=ORIENTED_EDGE('',*,*,#1590,.T.);
#2099=ORIENTED_EDGE('',*,*,#1589,.F.);
#2100=ORIENTED_EDGE('',*,*,#1590,.F.);
#2101=ORIENTED_EDGE('',*,*,#1588,.F.);
#2102=ORIENTED_EDGE('',*,*,#1591,.F.);
#2103=ORIENTED_EDGE('',*,*,#1592,.T.);
#2104=ORIENTED_EDGE('',*,*,#1593,.T.);
#2105=ORIENTED_EDGE('',*,*,#1592,.F.);
#2106=ORIENTED_EDGE('',*,*,#1391,.F.);
#2107=ORIENTED_EDGE('',*,*,#1594,.T.);
#2108=ORIENTED_EDGE('',*,*,#1595,.T.);
#2109=ORIENTED_EDGE('',*,*,#1594,.F.);
#2110=ORIENTED_EDGE('',*,*,#1595,.F.);
#2111=ORIENTED_EDGE('',*,*,#1593,.F.);
#2112=ORIENTED_EDGE('',*,*,#1591,.T.);
#2113=ORIENTED_EDGE('',*,*,#1596,.F.);
#2114=ORIENTED_EDGE('',*,*,#1597,.T.);
#2115=ORIENTED_EDGE('',*,*,#1598,.T.);
#2116=ORIENTED_EDGE('',*,*,#1597,.F.);
#2117=ORIENTED_EDGE('',*,*,#1395,.F.);
#2118=ORIENTED_EDGE('',*,*,#1599,.T.);
#2119=ORIENTED_EDGE('',*,*,#1600,.T.);
#2120=ORIENTED_EDGE('',*,*,#1599,.F.);
#2121=ORIENTED_EDGE('',*,*,#1600,.F.);
#2122=ORIENTED_EDGE('',*,*,#1598,.F.);
#2123=ORIENTED_EDGE('',*,*,#1596,.T.);
#2124=ORIENTED_EDGE('',*,*,#1601,.F.);
#2125=ORIENTED_EDGE('',*,*,#1602,.T.);
#2126=ORIENTED_EDGE('',*,*,#1603,.T.);
#2127=ORIENTED_EDGE('',*,*,#1602,.F.);
#2128=ORIENTED_EDGE('',*,*,#1575,.F.);
#2129=ORIENTED_EDGE('',*,*,#1603,.F.);
#2130=ORIENTED_EDGE('',*,*,#1604,.F.);
#2131=ORIENTED_EDGE('',*,*,#1605,.T.);
#2132=ORIENTED_EDGE('',*,*,#1606,.T.);
#2133=ORIENTED_EDGE('',*,*,#1605,.F.);
#2134=ORIENTED_EDGE('',*,*,#1580,.F.);
#2135=ORIENTED_EDGE('',*,*,#1606,.F.);
#2136=ORIENTED_EDGE('',*,*,#1601,.T.);
#2137=ORIENTED_EDGE('',*,*,#1476,.F.);
#2138=ORIENTED_EDGE('',*,*,#1607,.F.);
#2139=ORIENTED_EDGE('',*,*,#1429,.F.);
#2140=ORIENTED_EDGE('',*,*,#1608,.T.);
#2141=ORIENTED_EDGE('',*,*,#1477,.F.);
#2142=ORIENTED_EDGE('',*,*,#1608,.F.);
#2143=ORIENTED_EDGE('',*,*,#1428,.F.);
#2144=ORIENTED_EDGE('',*,*,#1609,.T.);
#2145=ORIENTED_EDGE('',*,*,#1478,.F.);
#2146=ORIENTED_EDGE('',*,*,#1609,.F.);
#2147=ORIENTED_EDGE('',*,*,#1427,.F.);
#2148=ORIENTED_EDGE('',*,*,#1610,.T.);
#2149=ORIENTED_EDGE('',*,*,#1479,.F.);
#2150=ORIENTED_EDGE('',*,*,#1610,.F.);
#2151=ORIENTED_EDGE('',*,*,#1426,.F.);
#2152=ORIENTED_EDGE('',*,*,#1611,.T.);
#2153=ORIENTED_EDGE('',*,*,#1472,.F.);
#2154=ORIENTED_EDGE('',*,*,#1611,.F.);
#2155=ORIENTED_EDGE('',*,*,#1425,.F.);
#2156=ORIENTED_EDGE('',*,*,#1612,.T.);
#2157=ORIENTED_EDGE('',*,*,#1473,.F.);
#2158=ORIENTED_EDGE('',*,*,#1612,.F.);
#2159=ORIENTED_EDGE('',*,*,#1432,.F.);
#2160=ORIENTED_EDGE('',*,*,#1613,.T.);
#2161=ORIENTED_EDGE('',*,*,#1474,.F.);
#2162=ORIENTED_EDGE('',*,*,#1613,.F.);
#2163=ORIENTED_EDGE('',*,*,#1431,.F.);
#2164=ORIENTED_EDGE('',*,*,#1614,.T.);
#2165=ORIENTED_EDGE('',*,*,#1475,.F.);
#2166=ORIENTED_EDGE('',*,*,#1614,.F.);
#2167=ORIENTED_EDGE('',*,*,#1430,.F.);
#2168=ORIENTED_EDGE('',*,*,#1607,.T.);
#2169=ORIENTED_EDGE('',*,*,#1433,.F.);
#2170=ORIENTED_EDGE('',*,*,#1615,.T.);
#2171=ORIENTED_EDGE('',*,*,#1471,.F.);
#2172=ORIENTED_EDGE('',*,*,#1615,.F.);
#2173=ORIENTED_EDGE('',*,*,#1434,.F.);
#2174=ORIENTED_EDGE('',*,*,#1616,.T.);
#2175=ORIENTED_EDGE('',*,*,#1470,.F.);
#2176=ORIENTED_EDGE('',*,*,#1616,.F.);
#2177=ORIENTED_EDGE('',*,*,#1435,.F.);
#2178=ORIENTED_EDGE('',*,*,#1617,.T.);
#2179=ORIENTED_EDGE('',*,*,#1469,.F.);
#2180=ORIENTED_EDGE('',*,*,#1617,.F.);
#2181=ORIENTED_EDGE('',*,*,#1436,.F.);
#2182=ORIENTED_EDGE('',*,*,#1618,.T.);
#2183=ORIENTED_EDGE('',*,*,#1468,.F.);
#2184=ORIENTED_EDGE('',*,*,#1618,.F.);
#2185=ORIENTED_EDGE('',*,*,#1437,.F.);
#2186=ORIENTED_EDGE('',*,*,#1619,.T.);
#2187=ORIENTED_EDGE('',*,*,#1467,.F.);
#2188=ORIENTED_EDGE('',*,*,#1619,.F.);
#2189=ORIENTED_EDGE('',*,*,#1620,.F.);
#2190=ORIENTED_EDGE('',*,*,#1621,.F.);
#2191=ORIENTED_EDGE('',*,*,#1622,.F.);
#2192=ORIENTED_EDGE('',*,*,#1623,.F.);
#2193=ORIENTED_EDGE('',*,*,#1624,.F.);
#2194=ORIENTED_EDGE('',*,*,#1625,.F.);
#2195=ORIENTED_EDGE('',*,*,#1622,.T.);
#2196=ORIENTED_EDGE('',*,*,#1626,.F.);
#2197=ORIENTED_EDGE('',*,*,#1396,.F.);
#2198=ORIENTED_EDGE('',*,*,#1627,.F.);
#2199=ORIENTED_EDGE('',*,*,#1628,.F.);
#2200=ORIENTED_EDGE('',*,*,#1629,.F.);
#2201=ORIENTED_EDGE('',*,*,#1630,.F.);
#2202=ORIENTED_EDGE('',*,*,#1631,.F.);
#2203=ORIENTED_EDGE('',*,*,#1620,.T.);
#2204=ORIENTED_EDGE('',*,*,#1632,.F.);
#2205=ORIENTED_EDGE('',*,*,#1399,.F.);
#2206=ORIENTED_EDGE('',*,*,#1633,.F.);
#2207=ORIENTED_EDGE('',*,*,#1634,.F.);
#2208=ORIENTED_EDGE('',*,*,#1635,.T.);
#2209=ORIENTED_EDGE('',*,*,#1625,.T.);
#2210=ORIENTED_EDGE('',*,*,#1635,.F.);
#2211=ORIENTED_EDGE('',*,*,#1636,.F.);
#2212=ORIENTED_EDGE('',*,*,#1637,.T.);
#2213=ORIENTED_EDGE('',*,*,#1631,.T.);
#2214=ORIENTED_EDGE('',*,*,#1637,.F.);
#2215=ORIENTED_EDGE('',*,*,#1633,.T.);
#2216=ORIENTED_EDGE('',*,*,#1398,.F.);
#2217=ORIENTED_EDGE('',*,*,#1638,.T.);
#2218=ORIENTED_EDGE('',*,*,#1630,.T.);
#2219=ORIENTED_EDGE('',*,*,#1638,.F.);
#2220=ORIENTED_EDGE('',*,*,#1397,.F.);
#2221=ORIENTED_EDGE('',*,*,#1626,.T.);
#2222=ORIENTED_EDGE('',*,*,#1621,.T.);
#2223=ORIENTED_EDGE('',*,*,#1604,.T.);
#2224=ORIENTED_EDGE('',*,*,#1639,.F.);
#2225=ORIENTED_EDGE('',*,*,#1640,.T.);
#2226=ORIENTED_EDGE('',*,*,#1629,.T.);
#2227=ORIENTED_EDGE('',*,*,#1640,.F.);
#2228=ORIENTED_EDGE('',*,*,#1627,.T.);
#2229=ORIENTED_EDGE('',*,*,#1400,.F.);
#2230=ORIENTED_EDGE('',*,*,#1632,.T.);
#2231=ORIENTED_EDGE('',*,*,#1624,.T.);
#2232=ORIENTED_EDGE('',*,*,#1641,.T.);
#2233=ORIENTED_EDGE('',*,*,#1628,.T.);
#2234=ORIENTED_EDGE('',*,*,#1641,.F.);
#2235=ORIENTED_EDGE('',*,*,#1623,.T.);
#2236=ORIENTED_EDGE('',*,*,#1636,.T.);
#2237=ORIENTED_EDGE('',*,*,#1639,.T.);
#2238=ORIENTED_EDGE('',*,*,#1552,.T.);
#2239=ORIENTED_EDGE('',*,*,#1569,.F.);
#2240=ORIENTED_EDGE('',*,*,#1642,.F.);
#2241=ORIENTED_EDGE('',*,*,#1511,.T.);
#2242=ORIENTED_EDGE('',*,*,#1489,.T.);
#2243=ORIENTED_EDGE('',*,*,#1513,.F.);
#2244=ORIENTED_EDGE('',*,*,#1643,.F.);
#2245=ORIENTED_EDGE('',*,*,#1644,.T.);
#2246=ORIENTED_EDGE('',*,*,#1389,.T.);
#2247=ORIENTED_EDGE('',*,*,#1515,.F.);
#2248=ORIENTED_EDGE('',*,*,#1505,.T.);
#2249=ORIENTED_EDGE('',*,*,#1495,.T.);
#2250=ORIENTED_EDGE('',*,*,#1490,.T.);
#2251=ORIENTED_EDGE('',*,*,#1644,.F.);
#2252=ORIENTED_EDGE('',*,*,#1645,.F.);
#2253=ORIENTED_EDGE('',*,*,#1532,.T.);
#2254=ORIENTED_EDGE('',*,*,#1530,.T.);
#2255=ORIENTED_EDGE('',*,*,#1522,.T.);
#2256=ORIENTED_EDGE('',*,*,#1517,.T.);
#2257=ORIENTED_EDGE('',*,*,#1646,.T.);
#2258=ORIENTED_EDGE('',*,*,#1516,.T.);
#2259=ORIENTED_EDGE('',*,*,#1456,.T.);
#2260=ORIENTED_EDGE('',*,*,#1390,.T.);
#2261=ORIENTED_EDGE('',*,*,#1646,.F.);
#2262=ORIENTED_EDGE('',*,*,#1534,.T.);
#2263=ORIENTED_EDGE('',*,*,#1462,.F.);
#2264=ORIENTED_EDGE('',*,*,#1647,.F.);
#2265=ORIENTED_EDGE('',*,*,#1567,.T.);
#2266=ORIENTED_EDGE('',*,*,#1648,.F.);
#2267=ORIENTED_EDGE('',*,*,#1649,.T.);
#2268=ORIENTED_EDGE('',*,*,#1650,.T.);
#2269=ORIENTED_EDGE('',*,*,#1651,.F.);
#2270=ORIENTED_EDGE('',*,*,#1652,.F.);
#2271=ORIENTED_EDGE('',*,*,#1653,.T.);
#2272=ORIENTED_EDGE('',*,*,#1654,.T.);
#2273=ORIENTED_EDGE('',*,*,#1649,.F.);
#2274=ORIENTED_EDGE('',*,*,#1655,.F.);
#2275=ORIENTED_EDGE('',*,*,#1656,.T.);
#2276=ORIENTED_EDGE('',*,*,#1657,.T.);
#2277=ORIENTED_EDGE('',*,*,#1653,.F.);
#2278=ORIENTED_EDGE('',*,*,#1658,.F.);
#2279=ORIENTED_EDGE('',*,*,#1651,.T.);
#2280=ORIENTED_EDGE('',*,*,#1659,.T.);
#2281=ORIENTED_EDGE('',*,*,#1656,.F.);
#2282=ORIENTED_EDGE('',*,*,#1659,.F.);
#2283=ORIENTED_EDGE('',*,*,#1650,.F.);
#2284=ORIENTED_EDGE('',*,*,#1654,.F.);
#2285=ORIENTED_EDGE('',*,*,#1657,.F.);
#2286=ORIENTED_EDGE('',*,*,#1660,.F.);
#2287=ORIENTED_EDGE('',*,*,#1661,.T.);
#2288=ORIENTED_EDGE('',*,*,#1662,.T.);
#2289=ORIENTED_EDGE('',*,*,#1661,.F.);
#2290=ORIENTED_EDGE('',*,*,#1662,.F.);
#2291=ORIENTED_EDGE('',*,*,#1663,.F.);
#2292=ORIENTED_EDGE('',*,*,#1664,.T.);
#2293=ORIENTED_EDGE('',*,*,#1665,.T.);
#2294=ORIENTED_EDGE('',*,*,#1666,.F.);
#2295=ORIENTED_EDGE('',*,*,#1667,.F.);
#2296=ORIENTED_EDGE('',*,*,#1668,.T.);
#2297=ORIENTED_EDGE('',*,*,#1669,.T.);
#2298=ORIENTED_EDGE('',*,*,#1664,.F.);
#2299=ORIENTED_EDGE('',*,*,#1670,.F.);
#2300=ORIENTED_EDGE('',*,*,#1671,.T.);
#2301=ORIENTED_EDGE('',*,*,#1672,.T.);
#2302=ORIENTED_EDGE('',*,*,#1668,.F.);
#2303=ORIENTED_EDGE('',*,*,#1673,.F.);
#2304=ORIENTED_EDGE('',*,*,#1666,.T.);
#2305=ORIENTED_EDGE('',*,*,#1674,.T.);
#2306=ORIENTED_EDGE('',*,*,#1671,.F.);
#2307=ORIENTED_EDGE('',*,*,#1674,.F.);
#2308=ORIENTED_EDGE('',*,*,#1665,.F.);
#2309=ORIENTED_EDGE('',*,*,#1669,.F.);
#2310=ORIENTED_EDGE('',*,*,#1672,.F.);
#2311=ORIENTED_EDGE('',*,*,#1675,.F.);
#2312=ORIENTED_EDGE('',*,*,#1676,.T.);
#2313=ORIENTED_EDGE('',*,*,#1677,.T.);
#2314=ORIENTED_EDGE('',*,*,#1678,.F.);
#2315=ORIENTED_EDGE('',*,*,#1679,.F.);
#2316=ORIENTED_EDGE('',*,*,#1680,.T.);
#2317=ORIENTED_EDGE('',*,*,#1681,.T.);
#2318=ORIENTED_EDGE('',*,*,#1676,.F.);
#2319=ORIENTED_EDGE('',*,*,#1682,.F.);
#2320=ORIENTED_EDGE('',*,*,#1683,.T.);
#2321=ORIENTED_EDGE('',*,*,#1684,.T.);
#2322=ORIENTED_EDGE('',*,*,#1680,.F.);
#2323=ORIENTED_EDGE('',*,*,#1685,.F.);
#2324=ORIENTED_EDGE('',*,*,#1678,.T.);
#2325=ORIENTED_EDGE('',*,*,#1686,.T.);
#2326=ORIENTED_EDGE('',*,*,#1683,.F.);
#2327=ORIENTED_EDGE('',*,*,#1686,.F.);
#2328=ORIENTED_EDGE('',*,*,#1677,.F.);
#2329=ORIENTED_EDGE('',*,*,#1681,.F.);
#2330=ORIENTED_EDGE('',*,*,#1684,.F.);
#2331=ORIENTED_EDGE('',*,*,#1687,.F.);
#2332=ORIENTED_EDGE('',*,*,#1688,.T.);
#2333=ORIENTED_EDGE('',*,*,#1689,.T.);
#2334=ORIENTED_EDGE('',*,*,#1690,.F.);
#2335=ORIENTED_EDGE('',*,*,#1691,.F.);
#2336=ORIENTED_EDGE('',*,*,#1692,.T.);
#2337=ORIENTED_EDGE('',*,*,#1693,.T.);
#2338=ORIENTED_EDGE('',*,*,#1688,.F.);
#2339=ORIENTED_EDGE('',*,*,#1694,.F.);
#2340=ORIENTED_EDGE('',*,*,#1695,.T.);
#2341=ORIENTED_EDGE('',*,*,#1696,.T.);
#2342=ORIENTED_EDGE('',*,*,#1692,.F.);
#2343=ORIENTED_EDGE('',*,*,#1697,.F.);
#2344=ORIENTED_EDGE('',*,*,#1690,.T.);
#2345=ORIENTED_EDGE('',*,*,#1698,.T.);
#2346=ORIENTED_EDGE('',*,*,#1695,.F.);
#2347=ORIENTED_EDGE('',*,*,#1698,.F.);
#2348=ORIENTED_EDGE('',*,*,#1689,.F.);
#2349=ORIENTED_EDGE('',*,*,#1693,.F.);
#2350=ORIENTED_EDGE('',*,*,#1696,.F.);
#2351=ORIENTED_EDGE('',*,*,#1699,.F.);
#2352=ORIENTED_EDGE('',*,*,#1700,.T.);
#2353=ORIENTED_EDGE('',*,*,#1701,.T.);
#2354=ORIENTED_EDGE('',*,*,#1702,.F.);
#2355=ORIENTED_EDGE('',*,*,#1703,.F.);
#2356=ORIENTED_EDGE('',*,*,#1704,.T.);
#2357=ORIENTED_EDGE('',*,*,#1705,.T.);
#2358=ORIENTED_EDGE('',*,*,#1700,.F.);
#2359=ORIENTED_EDGE('',*,*,#1706,.F.);
#2360=ORIENTED_EDGE('',*,*,#1707,.T.);
#2361=ORIENTED_EDGE('',*,*,#1708,.T.);
#2362=ORIENTED_EDGE('',*,*,#1704,.F.);
#2363=ORIENTED_EDGE('',*,*,#1709,.F.);
#2364=ORIENTED_EDGE('',*,*,#1702,.T.);
#2365=ORIENTED_EDGE('',*,*,#1710,.T.);
#2366=ORIENTED_EDGE('',*,*,#1707,.F.);
#2367=ORIENTED_EDGE('',*,*,#1710,.F.);
#2368=ORIENTED_EDGE('',*,*,#1701,.F.);
#2369=ORIENTED_EDGE('',*,*,#1705,.F.);
#2370=ORIENTED_EDGE('',*,*,#1708,.F.);
#2371=ORIENTED_EDGE('',*,*,#1711,.F.);
#2372=ORIENTED_EDGE('',*,*,#1712,.T.);
#2373=ORIENTED_EDGE('',*,*,#1713,.T.);
#2374=ORIENTED_EDGE('',*,*,#1714,.F.);
#2375=ORIENTED_EDGE('',*,*,#1715,.F.);
#2376=ORIENTED_EDGE('',*,*,#1716,.T.);
#2377=ORIENTED_EDGE('',*,*,#1717,.T.);
#2378=ORIENTED_EDGE('',*,*,#1712,.F.);
#2379=ORIENTED_EDGE('',*,*,#1718,.F.);
#2380=ORIENTED_EDGE('',*,*,#1719,.T.);
#2381=ORIENTED_EDGE('',*,*,#1720,.T.);
#2382=ORIENTED_EDGE('',*,*,#1716,.F.);
#2383=ORIENTED_EDGE('',*,*,#1721,.F.);
#2384=ORIENTED_EDGE('',*,*,#1714,.T.);
#2385=ORIENTED_EDGE('',*,*,#1722,.T.);
#2386=ORIENTED_EDGE('',*,*,#1719,.F.);
#2387=ORIENTED_EDGE('',*,*,#1722,.F.);
#2388=ORIENTED_EDGE('',*,*,#1713,.F.);
#2389=ORIENTED_EDGE('',*,*,#1717,.F.);
#2390=ORIENTED_EDGE('',*,*,#1720,.F.);
#2391=ORIENTED_EDGE('',*,*,#1723,.T.);
#2392=ORIENTED_EDGE('',*,*,#1724,.T.);
#2393=ORIENTED_EDGE('',*,*,#1725,.F.);
#2394=ORIENTED_EDGE('',*,*,#1726,.T.);
#2395=ORIENTED_EDGE('',*,*,#1727,.T.);
#2396=ORIENTED_EDGE('',*,*,#1723,.F.);
#2397=ORIENTED_EDGE('',*,*,#1413,.T.);
#2398=ORIENTED_EDGE('',*,*,#1728,.T.);
#2399=ORIENTED_EDGE('',*,*,#1726,.F.);
#2400=ORIENTED_EDGE('',*,*,#1441,.F.);
#2401=ORIENTED_EDGE('',*,*,#1729,.T.);
#2402=ORIENTED_EDGE('',*,*,#1414,.T.);
#2403=ORIENTED_EDGE('',*,*,#1730,.T.);
#2404=ORIENTED_EDGE('',*,*,#1731,.T.);
#2405=ORIENTED_EDGE('',*,*,#1728,.F.);
#2406=ORIENTED_EDGE('',*,*,#1732,.T.);
#2407=ORIENTED_EDGE('',*,*,#1733,.T.);
#2408=ORIENTED_EDGE('',*,*,#1730,.F.);
#2409=ORIENTED_EDGE('',*,*,#1409,.T.);
#2410=ORIENTED_EDGE('',*,*,#1734,.T.);
#2411=ORIENTED_EDGE('',*,*,#1732,.F.);
#2412=ORIENTED_EDGE('',*,*,#1416,.F.);
#2413=ORIENTED_EDGE('',*,*,#1735,.T.);
#2414=ORIENTED_EDGE('',*,*,#1410,.T.);
#2415=ORIENTED_EDGE('',*,*,#1736,.T.);
#2416=ORIENTED_EDGE('',*,*,#1737,.T.);
#2417=ORIENTED_EDGE('',*,*,#1734,.F.);
#2418=ORIENTED_EDGE('',*,*,#1738,.T.);
#2419=ORIENTED_EDGE('',*,*,#1739,.T.);
#2420=ORIENTED_EDGE('',*,*,#1736,.F.);
#2421=ORIENTED_EDGE('',*,*,#1740,.T.);
#2422=ORIENTED_EDGE('',*,*,#1741,.T.);
#2423=ORIENTED_EDGE('',*,*,#1738,.F.);
#2424=ORIENTED_EDGE('',*,*,#1412,.F.);
#2425=ORIENTED_EDGE('',*,*,#1742,.T.);
#2426=ORIENTED_EDGE('',*,*,#1743,.T.);
#2427=ORIENTED_EDGE('',*,*,#1744,.T.);
#2428=ORIENTED_EDGE('',*,*,#1745,.T.);
#2429=ORIENTED_EDGE('',*,*,#1741,.F.);
#2430=ORIENTED_EDGE('',*,*,#1746,.T.);
#2431=ORIENTED_EDGE('',*,*,#1747,.T.);
#2432=ORIENTED_EDGE('',*,*,#1744,.F.);
#2433=ORIENTED_EDGE('',*,*,#1438,.F.);
#2434=ORIENTED_EDGE('',*,*,#1725,.T.);
#2435=ORIENTED_EDGE('',*,*,#1746,.F.);
#2436=ORIENTED_EDGE('',*,*,#1748,.F.);
#2437=ORIENTED_EDGE('',*,*,#1749,.T.);
#2438=ORIENTED_EDGE('',*,*,#1439,.T.);
#2439=ORIENTED_EDGE('',*,*,#1727,.F.);
#2440=ORIENTED_EDGE('',*,*,#1731,.F.);
#2441=ORIENTED_EDGE('',*,*,#1733,.F.);
#2442=ORIENTED_EDGE('',*,*,#1737,.F.);
#2443=ORIENTED_EDGE('',*,*,#1739,.F.);
#2444=ORIENTED_EDGE('',*,*,#1745,.F.);
#2445=ORIENTED_EDGE('',*,*,#1747,.F.);
#2446=ORIENTED_EDGE('',*,*,#1724,.F.);
#2447=ORIENTED_EDGE('',*,*,#1634,.T.);
#2448=ORIENTED_EDGE('',*,*,#1648,.T.);
#2449=ORIENTED_EDGE('',*,*,#1658,.T.);
#2450=ORIENTED_EDGE('',*,*,#1655,.T.);
#2451=ORIENTED_EDGE('',*,*,#1652,.T.);
#2452=ORIENTED_EDGE('',*,*,#1660,.T.);
#2453=ORIENTED_EDGE('',*,*,#1663,.T.);
#2454=ORIENTED_EDGE('',*,*,#1673,.T.);
#2455=ORIENTED_EDGE('',*,*,#1670,.T.);
#2456=ORIENTED_EDGE('',*,*,#1667,.T.);
#2457=ORIENTED_EDGE('',*,*,#1675,.T.);
#2458=ORIENTED_EDGE('',*,*,#1685,.T.);
#2459=ORIENTED_EDGE('',*,*,#1682,.T.);
#2460=ORIENTED_EDGE('',*,*,#1679,.T.);
#2461=ORIENTED_EDGE('',*,*,#1687,.T.);
#2462=ORIENTED_EDGE('',*,*,#1697,.T.);
#2463=ORIENTED_EDGE('',*,*,#1694,.T.);
#2464=ORIENTED_EDGE('',*,*,#1691,.T.);
#2465=ORIENTED_EDGE('',*,*,#1699,.T.);
#2466=ORIENTED_EDGE('',*,*,#1709,.T.);
#2467=ORIENTED_EDGE('',*,*,#1706,.T.);
#2468=ORIENTED_EDGE('',*,*,#1703,.T.);
#2469=ORIENTED_EDGE('',*,*,#1711,.T.);
#2470=ORIENTED_EDGE('',*,*,#1721,.T.);
#2471=ORIENTED_EDGE('',*,*,#1718,.T.);
#2472=ORIENTED_EDGE('',*,*,#1715,.T.);
#2473=ORIENTED_EDGE('',*,*,#1740,.F.);
#2474=ORIENTED_EDGE('',*,*,#1743,.F.);
#2475=ORIENTED_EDGE('',*,*,#1750,.F.);
#2476=ORIENTED_EDGE('',*,*,#1748,.T.);
#2477=ORIENTED_EDGE('',*,*,#1411,.T.);
#2478=ORIENTED_EDGE('',*,*,#1735,.F.);
#2479=ORIENTED_EDGE('',*,*,#1415,.T.);
#2480=ORIENTED_EDGE('',*,*,#1729,.F.);
#2481=ORIENTED_EDGE('',*,*,#1440,.T.);
#2482=ORIENTED_EDGE('',*,*,#1749,.F.);
#2483=ORIENTED_EDGE('',*,*,#1750,.T.);
#2484=ORIENTED_EDGE('',*,*,#1742,.F.);
#2485=ORIENTED_EDGE('',*,*,#1568,.T.);
#2486=ORIENTED_EDGE('',*,*,#1647,.T.);
#2487=ORIENTED_EDGE('',*,*,#1461,.T.);
#2488=ORIENTED_EDGE('',*,*,#1533,.T.);
#2489=ORIENTED_EDGE('',*,*,#1645,.T.);
#2490=ORIENTED_EDGE('',*,*,#1643,.T.);
#2491=ORIENTED_EDGE('',*,*,#1512,.T.);
#2492=ORIENTED_EDGE('',*,*,#1642,.T.);
#2493=TOROIDAL_SURFACE('',#2658,5.50346621489936,1.);
#2494=TOROIDAL_SURFACE('',#2680,5.50346621489936,1.);
#2495=TOROIDAL_SURFACE('',#2702,6.31399278566322,2.);
#2496=TOROIDAL_SURFACE('',#2712,9.43649178486242,2.);
#2497=TOROIDAL_SURFACE('',#2788,48.5,45.);
#2498=TOROIDAL_SURFACE('',#2794,48.5,45.);
#2499=TOROIDAL_SURFACE('',#2942,4.,1.);
#2500=TOROIDAL_SURFACE('',#2951,4.,1.);
#2501=TOROIDAL_SURFACE('',#2959,3.99999999999999,1.);
#2502=TOROIDAL_SURFACE('',#2967,4.,1.);
#2503=ADVANCED_FACE('',(#616),#2493,.F.);
#2504=ADVANCED_FACE('',(#617,#86,#87,#88,#89,#90,#91,#92),#544,.F.);
#2505=ADVANCED_FACE('',(#618),#84,.T.);
#2506=ADVANCED_FACE('',(#619),#2494,.F.);
#2507=ADVANCED_FACE('',(#620),#85,.T.);
#2508=ADVANCED_FACE('',(#621),#545,.T.);
#2509=ADVANCED_FACE('',(#622,#93,#94,#95,#96,#97,#98,#99),#546,.T.);
#2510=ADVANCED_FACE('',(#623),#547,.T.);
#2511=ADVANCED_FACE('',(#624),#2495,.T.);
#2512=ADVANCED_FACE('',(#625,#100),#548,.F.);
#2513=ADVANCED_FACE('',(#626),#2496,.F.);
#2514=ADVANCED_FACE('',(#627,#101,#102,#103,#104,#105,#106,#107),#549,.F.);
#2515=ADVANCED_FACE('',(#628),#550,.F.);
#2516=ADVANCED_FACE('',(#629),#15,.F.);
#2517=ADVANCED_FACE('',(#630),#551,.F.);
#2518=ADVANCED_FACE('',(#631),#16,.F.);
#2519=ADVANCED_FACE('',(#632),#552,.F.);
#2520=ADVANCED_FACE('',(#633),#17,.F.);
#2521=ADVANCED_FACE('',(#634),#553,.F.);
#2522=ADVANCED_FACE('',(#635),#18,.F.);
#2523=ADVANCED_FACE('',(#636,#108),#554,.F.);
#2524=ADVANCED_FACE('',(#637),#555,.T.);
#2525=ADVANCED_FACE('',(#638),#19,.F.);
#2526=ADVANCED_FACE('',(#639),#556,.T.);
#2527=ADVANCED_FACE('',(#640),#20,.T.);
#2528=ADVANCED_FACE('',(#641,#109),#557,.T.);
#2529=ADVANCED_FACE('',(#642),#558,.F.);
#2530=ADVANCED_FACE('',(#643),#21,.F.);
#2531=ADVANCED_FACE('',(#644,#110),#559,.T.);
#2532=ADVANCED_FACE('',(#645),#560,.T.);
#2533=ADVANCED_FACE('',(#646),#22,.F.);
#2534=ADVANCED_FACE('',(#647),#561,.T.);
#2535=ADVANCED_FACE('',(#648),#23,.T.);
#2536=ADVANCED_FACE('',(#649,#111),#562,.F.);
#2537=ADVANCED_FACE('',(#650),#24,.F.);
#2538=ADVANCED_FACE('',(#651,#112),#563,.F.);
#2539=ADVANCED_FACE('',(#652),#564,.T.);
#2540=ADVANCED_FACE('',(#653),#25,.F.);
#2541=ADVANCED_FACE('',(#654),#565,.T.);
#2542=ADVANCED_FACE('',(#655),#26,.T.);
#2543=ADVANCED_FACE('',(#656,#113),#566,.T.);
#2544=ADVANCED_FACE('',(#657),#27,.F.);
#2545=ADVANCED_FACE('',(#658,#114),#567,.F.);
#2546=ADVANCED_FACE('',(#659),#568,.T.);
#2547=ADVANCED_FACE('',(#660),#28,.F.);
#2548=ADVANCED_FACE('',(#661),#569,.T.);
#2549=ADVANCED_FACE('',(#662),#29,.T.);
#2550=ADVANCED_FACE('',(#663,#115),#570,.T.);
#2551=ADVANCED_FACE('',(#664),#571,.F.);
#2552=ADVANCED_FACE('',(#665),#30,.F.);
#2553=ADVANCED_FACE('',(#666),#2497,.F.);
#2554=ADVANCED_FACE('',(#667),#31,.T.);
#2555=ADVANCED_FACE('',(#668),#2498,.F.);
#2556=ADVANCED_FACE('',(#669),#32,.T.);
#2557=ADVANCED_FACE('',(#670),#572,.F.);
#2558=ADVANCED_FACE('',(#671),#573,.F.);
#2559=ADVANCED_FACE('',(#672),#33,.F.);
#2560=ADVANCED_FACE('',(#673),#34,.T.);
#2561=ADVANCED_FACE('',(#674,#116),#574,.F.);
#2562=ADVANCED_FACE('',(#675),#35,.F.);
#2563=ADVANCED_FACE('',(#676),#36,.T.);
#2564=ADVANCED_FACE('',(#677,#117),#575,.F.);
#2565=ADVANCED_FACE('',(#678),#37,.F.);
#2566=ADVANCED_FACE('',(#679),#38,.T.);
#2567=ADVANCED_FACE('',(#680,#118),#576,.F.);
#2568=ADVANCED_FACE('',(#681),#577,.F.);
#2569=ADVANCED_FACE('',(#682),#39,.F.);
#2570=ADVANCED_FACE('',(#683),#40,.T.);
#2571=ADVANCED_FACE('',(#684,#119),#578,.F.);
#2572=ADVANCED_FACE('',(#685),#579,.F.);
#2573=ADVANCED_FACE('',(#686),#41,.F.);
#2574=ADVANCED_FACE('',(#687,#120),#580,.F.);
#2575=ADVANCED_FACE('',(#688),#42,.F.);
#2576=ADVANCED_FACE('',(#689,#121),#581,.F.);
#2577=ADVANCED_FACE('',(#690),#582,.F.);
#2578=ADVANCED_FACE('',(#691),#583,.F.);
#2579=ADVANCED_FACE('',(#692),#43,.F.);
#2580=ADVANCED_FACE('',(#693),#584,.F.);
#2581=ADVANCED_FACE('',(#694),#44,.F.);
#2582=ADVANCED_FACE('',(#695),#585,.F.);
#2583=ADVANCED_FACE('',(#696),#45,.F.);
#2584=ADVANCED_FACE('',(#697),#586,.F.);
#2585=ADVANCED_FACE('',(#698),#46,.F.);
#2586=ADVANCED_FACE('',(#699),#47,.F.);
#2587=ADVANCED_FACE('',(#700),#48,.F.);
#2588=ADVANCED_FACE('',(#701),#49,.F.);
#2589=ADVANCED_FACE('',(#702),#50,.F.);
#2590=ADVANCED_FACE('',(#703),#51,.F.);
#2591=ADVANCED_FACE('',(#704,#122),#587,.F.);
#2592=ADVANCED_FACE('',(#705),#52,.T.);
#2593=ADVANCED_FACE('',(#706,#123),#588,.F.);
#2594=ADVANCED_FACE('',(#707,#124),#589,.F.);
#2595=ADVANCED_FACE('',(#708),#53,.T.);
#2596=ADVANCED_FACE('',(#709),#54,.F.);
#2597=ADVANCED_FACE('',(#710),#55,.F.);
#2598=ADVANCED_FACE('',(#711),#56,.T.);
#2599=ADVANCED_FACE('',(#712),#590,.F.);
#2600=ADVANCED_FACE('',(#713),#57,.F.);
#2601=ADVANCED_FACE('',(#714),#58,.T.);
#2602=ADVANCED_FACE('',(#715),#591,.F.);
#2603=ADVANCED_FACE('',(#716),#592,.F.);
#2604=ADVANCED_FACE('',(#717),#59,.F.);
#2605=ADVANCED_FACE('',(#718),#60,.F.);
#2606=ADVANCED_FACE('',(#719),#593,.F.);
#2607=ADVANCED_FACE('',(#720),#61,.F.);
#2608=ADVANCED_FACE('',(#721),#62,.F.);
#2609=ADVANCED_FACE('',(#722),#63,.F.);
#2610=ADVANCED_FACE('',(#723),#594,.F.);
#2611=ADVANCED_FACE('',(#724),#64,.T.);
#2612=ADVANCED_FACE('',(#725),#595,.F.);
#2613=ADVANCED_FACE('',(#726),#596,.T.);
#2614=ADVANCED_FACE('',(#727),#65,.F.);
#2615=ADVANCED_FACE('',(#728),#597,.T.);
#2616=ADVANCED_FACE('',(#729),#66,.F.);
#2617=ADVANCED_FACE('',(#730),#598,.F.);
#2618=ADVANCED_FACE('',(#731),#67,.T.);
#2619=ADVANCED_FACE('',(#732),#599,.F.);
#2620=ADVANCED_FACE('',(#733),#600,.T.);
#2621=ADVANCED_FACE('',(#734),#68,.F.);
#2622=ADVANCED_FACE('',(#735),#601,.F.);
#2623=ADVANCED_FACE('',(#736),#69,.T.);
#2624=ADVANCED_FACE('',(#737),#602,.F.);
#2625=ADVANCED_FACE('',(#738),#603,.T.);
#2626=ADVANCED_FACE('',(#739),#70,.F.);
#2627=ADVANCED_FACE('',(#740),#604,.F.);
#2628=ADVANCED_FACE('',(#741),#71,.T.);
#2629=ADVANCED_FACE('',(#742),#605,.F.);
#2630=ADVANCED_FACE('',(#743),#606,.T.);
#2631=ADVANCED_FACE('',(#744),#72,.F.);
#2632=ADVANCED_FACE('',(#745),#607,.F.);
#2633=ADVANCED_FACE('',(#746),#73,.T.);
#2634=ADVANCED_FACE('',(#747),#608,.F.);
#2635=ADVANCED_FACE('',(#748),#609,.T.);
#2636=ADVANCED_FACE('',(#749),#74,.F.);
#2637=ADVANCED_FACE('',(#750),#610,.F.);
#2638=ADVANCED_FACE('',(#751),#75,.T.);
#2639=ADVANCED_FACE('',(#752),#611,.F.);
#2640=ADVANCED_FACE('',(#753),#612,.T.);
#2641=ADVANCED_FACE('',(#754),#2499,.T.);
#2642=ADVANCED_FACE('',(#755),#76,.T.);
#2643=ADVANCED_FACE('',(#756),#77,.T.);
#2644=ADVANCED_FACE('',(#757),#2500,.T.);
#2645=ADVANCED_FACE('',(#758),#78,.T.);
#2646=ADVANCED_FACE('',(#759),#79,.T.);
#2647=ADVANCED_FACE('',(#760),#2501,.T.);
#2648=ADVANCED_FACE('',(#761),#80,.T.);
#2649=ADVANCED_FACE('',(#762),#81,.T.);
#2650=ADVANCED_FACE('',(#763),#2502,.T.);
#2651=ADVANCED_FACE('',(#764),#82,.T.);
#2652=ADVANCED_FACE('',(#765),#83,.T.);
#2653=ADVANCED_FACE('',(#766,#125,#126,#127,#128,#129,#130,#131,#132),#613,
 .T.);
#2654=ADVANCED_FACE('',(#767),#614,.T.);
#2655=ADVANCED_FACE('',(#768,#133),#615,.F.);
#2656=CLOSED_SHELL('',(#2503,#2504,#2505,#2506,#2507,#2508,#2509,#2510,
#2511,#2512,#2513,#2514,#2515,#2516,#2517,#2518,#2519,#2520,#2521,#2522,
#2523,#2524,#2525,#2526,#2527,#2528,#2529,#2530,#2531,#2532,#2533,#2534,
#2535,#2536,#2537,#2538,#2539,#2540,#2541,#2542,#2543,#2544,#2545,#2546,
#2547,#2548,#2549,#2550,#2551,#2552,#2553,#2554,#2555,#2556,#2557,#2558,
#2559,#2560,#2561,#2562,#2563,#2564,#2565,#2566,#2567,#2568,#2569,#2570,
#2571,#2572,#2573,#2574,#2575,#2576,#2577,#2578,#2579,#2580,#2581,#2582,
#2583,#2584,#2585,#2586,#2587,#2588,#2589,#2590,#2591,#2592,#2593,#2594,
#2595,#2596,#2597,#2598,#2599,#2600,#2601,#2602,#2603,#2604,#2605,#2606,
#2607,#2608,#2609,#2610,#2611,#2612,#2613,#2614,#2615,#2616,#2617,#2618,
#2619,#2620,#2621,#2622,#2623,#2624,#2625,#2626,#2627,#2628,#2629,#2630,
#2631,#2632,#2633,#2634,#2635,#2636,#2637,#2638,#2639,#2640,#2641,#2642,
#2643,#2644,#2645,#2646,#2647,#2648,#2649,#2650,#2651,#2652,#2653,#2654,
#2655));
#2657=AXIS2_PLACEMENT_3D('',#3822,#2977,#2978);
#2658=AXIS2_PLACEMENT_3D('',#3823,#2979,#2980);
#2659=AXIS2_PLACEMENT_3D('',#3825,#2981,#2982);
#2660=AXIS2_PLACEMENT_3D('',#3827,#2983,#2984);
#2661=AXIS2_PLACEMENT_3D('',#3828,#2985,#2986);
#2662=AXIS2_PLACEMENT_3D('',#3829,#2987,#2988);
#2663=AXIS2_PLACEMENT_3D('',#3834,#2990,#2991);
#2664=AXIS2_PLACEMENT_3D('',#3838,#2993,#2994);
#2665=AXIS2_PLACEMENT_3D('',#3842,#2996,#2997);
#2666=AXIS2_PLACEMENT_3D('',#3845,#2999,#3000);
#2667=AXIS2_PLACEMENT_3D('',#3847,#3001,#3002);
#2668=AXIS2_PLACEMENT_3D('',#3849,#3003,#3004);
#2669=AXIS2_PLACEMENT_3D('',#3851,#3005,#3006);
#2670=AXIS2_PLACEMENT_3D('',#3853,#3007,#3008);
#2671=AXIS2_PLACEMENT_3D('',#3855,#3009,#3010);
#2672=AXIS2_PLACEMENT_3D('',#3858,#3011,#3012);
#2673=AXIS2_PLACEMENT_3D('',#3860,#3013,#3014);
#2674=AXIS2_PLACEMENT_3D('',#3862,#3015,#3016);
#2675=AXIS2_PLACEMENT_3D('',#3864,#3017,#3018);
#2676=AXIS2_PLACEMENT_3D('',#3865,#3019,#3020);
#2677=AXIS2_PLACEMENT_3D('',#3866,#3021,#3022);
#2678=AXIS2_PLACEMENT_3D('',#3870,#3024,#3025);
#2679=AXIS2_PLACEMENT_3D('',#3871,#3026,#3027);
#2680=AXIS2_PLACEMENT_3D('',#3872,#3028,#3029);
#2681=AXIS2_PLACEMENT_3D('',#3874,#3030,#3031);
#2682=AXIS2_PLACEMENT_3D('',#3875,#3032,#3033);
#2683=AXIS2_PLACEMENT_3D('',#3876,#3034,#3035);
#2684=AXIS2_PLACEMENT_3D('',#3880,#3037,#3038);
#2685=AXIS2_PLACEMENT_3D('',#3881,#3039,#3040);
#2686=AXIS2_PLACEMENT_3D('',#3882,#3041,#3042);
#2687=AXIS2_PLACEMENT_3D('',#3891,#3047,#3048);
#2688=AXIS2_PLACEMENT_3D('',#3904,#3054,#3055);
#2689=AXIS2_PLACEMENT_3D('',#3908,#3057,#3058);
#2690=AXIS2_PLACEMENT_3D('',#3912,#3060,#3061);
#2691=AXIS2_PLACEMENT_3D('',#3915,#3063,#3064);
#2692=AXIS2_PLACEMENT_3D('',#3920,#3066,#3067);
#2693=AXIS2_PLACEMENT_3D('',#3924,#3069,#3070);
#2694=AXIS2_PLACEMENT_3D('',#3928,#3072,#3073);
#2695=AXIS2_PLACEMENT_3D('',#3931,#3075,#3076);
#2696=AXIS2_PLACEMENT_3D('',#3933,#3077,#3078);
#2697=AXIS2_PLACEMENT_3D('',#3935,#3079,#3080);
#2698=AXIS2_PLACEMENT_3D('',#3937,#3081,#3082);
#2699=AXIS2_PLACEMENT_3D('',#3939,#3083,#3084);
#2700=AXIS2_PLACEMENT_3D('',#3941,#3085,#3086);
#2701=AXIS2_PLACEMENT_3D('',#3942,#3087,#3088);
#2702=AXIS2_PLACEMENT_3D('',#3951,#3093,#3094);
#2703=AXIS2_PLACEMENT_3D('',#3953,#3095,#3096);
#2704=AXIS2_PLACEMENT_3D('',#3955,#3097,#3098);
#2705=AXIS2_PLACEMENT_3D('',#3957,#3099,#3100);
#2706=AXIS2_PLACEMENT_3D('',#3958,#3101,#3102);
#2707=AXIS2_PLACEMENT_3D('',#3959,#3103,#3104);
#2708=AXIS2_PLACEMENT_3D('',#3962,#3105,#3106);
#2709=AXIS2_PLACEMENT_3D('',#3966,#3108,#3109);
#2710=AXIS2_PLACEMENT_3D('',#3970,#3111,#3112);
#2711=AXIS2_PLACEMENT_3D('',#3974,#3114,#3115);
#2712=AXIS2_PLACEMENT_3D('',#3976,#3117,#3118);
#2713=AXIS2_PLACEMENT_3D('',#3978,#3119,#3120);
#2714=AXIS2_PLACEMENT_3D('',#3979,#3121,#3122);
#2715=AXIS2_PLACEMENT_3D('',#3980,#3123,#3124);
#2716=AXIS2_PLACEMENT_3D('',#4003,#3136,#3137);
#2717=AXIS2_PLACEMENT_3D('',#4005,#3138,#3139);
#2718=AXIS2_PLACEMENT_3D('',#4007,#3140,#3141);
#2719=AXIS2_PLACEMENT_3D('',#4009,#3142,#3143);
#2720=AXIS2_PLACEMENT_3D('',#4011,#3144,#3145);
#2721=AXIS2_PLACEMENT_3D('',#4016,#3147,#3148);
#2722=AXIS2_PLACEMENT_3D('',#4020,#3150,#3151);
#2723=AXIS2_PLACEMENT_3D('',#4024,#3153,#3154);
#2724=AXIS2_PLACEMENT_3D('',#4027,#3156,#3157);
#2725=AXIS2_PLACEMENT_3D('',#4028,#3158,#3159);
#2726=AXIS2_PLACEMENT_3D('',#4031,#3162,#3163);
#2727=AXIS2_PLACEMENT_3D('',#4033,#3165,#3166);
#2728=AXIS2_PLACEMENT_3D('',#4035,#3168,#3169);
#2729=AXIS2_PLACEMENT_3D('',#4037,#3171,#3172);
#2730=AXIS2_PLACEMENT_3D('',#4039,#3174,#3175);
#2731=AXIS2_PLACEMENT_3D('',#4041,#3177,#3178);
#2732=AXIS2_PLACEMENT_3D('',#4043,#3180,#3181);
#2733=AXIS2_PLACEMENT_3D('',#4044,#3182,#3183);
#2734=AXIS2_PLACEMENT_3D('',#4049,#3185,#3186);
#2735=AXIS2_PLACEMENT_3D('',#4055,#3189,#3190);
#2736=AXIS2_PLACEMENT_3D('',#4058,#3192,#3193);
#2737=AXIS2_PLACEMENT_3D('',#4059,#3194,#3195);
#2738=AXIS2_PLACEMENT_3D('',#4065,#3199,#3200);
#2739=AXIS2_PLACEMENT_3D('',#4067,#3201,#3202);
#2740=AXIS2_PLACEMENT_3D('',#4069,#3204,#3205);
#2741=AXIS2_PLACEMENT_3D('',#4075,#3209,#3210);
#2742=AXIS2_PLACEMENT_3D('',#4076,#3211,#3212);
#2743=AXIS2_PLACEMENT_3D('',#4077,#3213,#3214);
#2744=AXIS2_PLACEMENT_3D('',#4082,#3217,#3218);
#2745=AXIS2_PLACEMENT_3D('',#4083,#3219,#3220);
#2746=AXIS2_PLACEMENT_3D('',#4098,#3229,#3230);
#2747=AXIS2_PLACEMENT_3D('',#4100,#3232,#3233);
#2748=AXIS2_PLACEMENT_3D('',#4102,#3234,#3235);
#2749=AXIS2_PLACEMENT_3D('',#4108,#3238,#3239);
#2750=AXIS2_PLACEMENT_3D('',#4111,#3241,#3242);
#2751=AXIS2_PLACEMENT_3D('',#4112,#3243,#3244);
#2752=AXIS2_PLACEMENT_3D('',#4118,#3248,#3249);
#2753=AXIS2_PLACEMENT_3D('',#4121,#3251,#3252);
#2754=AXIS2_PLACEMENT_3D('',#4122,#3253,#3254);
#2755=AXIS2_PLACEMENT_3D('',#4126,#3257,#3258);
#2756=AXIS2_PLACEMENT_3D('',#4127,#3259,#3260);
#2757=AXIS2_PLACEMENT_3D('',#4128,#3261,#3262);
#2758=AXIS2_PLACEMENT_3D('',#4131,#3264,#3265);
#2759=AXIS2_PLACEMENT_3D('',#4132,#3266,#3267);
#2760=AXIS2_PLACEMENT_3D('',#4135,#3269,#3270);
#2761=AXIS2_PLACEMENT_3D('',#4136,#3271,#3272);
#2762=AXIS2_PLACEMENT_3D('',#4138,#3273,#3274);
#2763=AXIS2_PLACEMENT_3D('',#4144,#3277,#3278);
#2764=AXIS2_PLACEMENT_3D('',#4147,#3280,#3281);
#2765=AXIS2_PLACEMENT_3D('',#4148,#3282,#3283);
#2766=AXIS2_PLACEMENT_3D('',#4154,#3287,#3288);
#2767=AXIS2_PLACEMENT_3D('',#4156,#3289,#3290);
#2768=AXIS2_PLACEMENT_3D('',#4158,#3292,#3293);
#2769=AXIS2_PLACEMENT_3D('',#4162,#3296,#3297);
#2770=AXIS2_PLACEMENT_3D('',#4163,#3298,#3299);
#2771=AXIS2_PLACEMENT_3D('',#4164,#3300,#3301);
#2772=AXIS2_PLACEMENT_3D('',#4167,#3303,#3304);
#2773=AXIS2_PLACEMENT_3D('',#4168,#3305,#3306);
#2774=AXIS2_PLACEMENT_3D('',#4170,#3308,#3309);
#2775=AXIS2_PLACEMENT_3D('',#4174,#3311,#3312);
#2776=AXIS2_PLACEMENT_3D('',#4178,#3314,#3315);
#2777=AXIS2_PLACEMENT_3D('',#4181,#3317,#3318);
#2778=AXIS2_PLACEMENT_3D('',#4182,#3319,#3320);
#2779=AXIS2_PLACEMENT_3D('',#4186,#3323,#3324);
#2780=AXIS2_PLACEMENT_3D('',#4188,#3325,#3326);
#2781=AXIS2_PLACEMENT_3D('',#4190,#3328,#3329);
#2782=AXIS2_PLACEMENT_3D('',#4196,#3333,#3334);
#2783=AXIS2_PLACEMENT_3D('',#4197,#3335,#3336);
#2784=AXIS2_PLACEMENT_3D('',#4198,#3337,#3338);
#2785=AXIS2_PLACEMENT_3D('',#4201,#3340,#3341);
#2786=AXIS2_PLACEMENT_3D('',#4202,#3342,#3343);
#2787=AXIS2_PLACEMENT_3D('',#4209,#3348,#3349);
#2788=AXIS2_PLACEMENT_3D('',#4210,#3350,#3351);
#2789=AXIS2_PLACEMENT_3D('',#4213,#3352,#3353);
#2790=AXIS2_PLACEMENT_3D('',#4214,#3354,#3355);
#2791=AXIS2_PLACEMENT_3D('',#4215,#3356,#3357);
#2792=AXIS2_PLACEMENT_3D('',#4216,#3358,#3359);
#2793=AXIS2_PLACEMENT_3D('',#4219,#3361,#3362);
#2794=AXIS2_PLACEMENT_3D('',#4220,#3363,#3364);
#2795=AXIS2_PLACEMENT_3D('',#4223,#3365,#3366);
#2796=AXIS2_PLACEMENT_3D('',#4224,#3367,#3368);
#2797=AXIS2_PLACEMENT_3D('',#4225,#3369,#3370);
#2798=AXIS2_PLACEMENT_3D('',#4226,#3371,#3372);
#2799=AXIS2_PLACEMENT_3D('',#4229,#3374,#3375);
#2800=AXIS2_PLACEMENT_3D('',#4230,#3376,#3377);
#2801=AXIS2_PLACEMENT_3D('',#4232,#3378,#3379);
#2802=AXIS2_PLACEMENT_3D('',#4233,#3380,#3381);
#2803=AXIS2_PLACEMENT_3D('',#4235,#3382,#3383);
#2804=AXIS2_PLACEMENT_3D('',#4236,#3384,#3385);
#2805=AXIS2_PLACEMENT_3D('',#4239,#3387,#3388);
#2806=AXIS2_PLACEMENT_3D('',#4240,#3389,#3390);
#2807=AXIS2_PLACEMENT_3D('',#4243,#3392,#3393);
#2808=AXIS2_PLACEMENT_3D('',#4244,#3394,#3395);
#2809=AXIS2_PLACEMENT_3D('',#4245,#3396,#3397);
#2810=AXIS2_PLACEMENT_3D('',#4248,#3399,#3400);
#2811=AXIS2_PLACEMENT_3D('',#4249,#3401,#3402);
#2812=AXIS2_PLACEMENT_3D('',#4252,#3404,#3405);
#2813=AXIS2_PLACEMENT_3D('',#4253,#3406,#3407);
#2814=AXIS2_PLACEMENT_3D('',#4254,#3408,#3409);
#2815=AXIS2_PLACEMENT_3D('',#4256,#3410,#3411);
#2816=AXIS2_PLACEMENT_3D('',#4259,#3413,#3414);
#2817=AXIS2_PLACEMENT_3D('',#4260,#3415,#3416);
#2818=AXIS2_PLACEMENT_3D('',#4263,#3418,#3419);
#2819=AXIS2_PLACEMENT_3D('',#4264,#3420,#3421);
#2820=AXIS2_PLACEMENT_3D('',#4265,#3422,#3423);
#2821=AXIS2_PLACEMENT_3D('',#4266,#3424,#3425);
#2822=AXIS2_PLACEMENT_3D('',#4268,#3426,#3427);
#2823=AXIS2_PLACEMENT_3D('',#4271,#3429,#3430);
#2824=AXIS2_PLACEMENT_3D('',#4272,#3431,#3432);
#2825=AXIS2_PLACEMENT_3D('',#4275,#3434,#3435);
#2826=AXIS2_PLACEMENT_3D('',#4276,#3436,#3437);
#2827=AXIS2_PLACEMENT_3D('',#4277,#3438,#3439);
#2828=AXIS2_PLACEMENT_3D('',#4278,#3440,#3441);
#2829=AXIS2_PLACEMENT_3D('',#4280,#3442,#3443);
#2830=AXIS2_PLACEMENT_3D('',#4283,#3445,#3446);
#2831=AXIS2_PLACEMENT_3D('',#4284,#3447,#3448);
#2832=AXIS2_PLACEMENT_3D('',#4285,#3449,#3450);
#2833=AXIS2_PLACEMENT_3D('',#4287,#3451,#3452);
#2834=AXIS2_PLACEMENT_3D('',#4290,#3454,#3455);
#2835=AXIS2_PLACEMENT_3D('',#4291,#3456,#3457);
#2836=AXIS2_PLACEMENT_3D('',#4292,#3458,#3459);
#2837=AXIS2_PLACEMENT_3D('',#4293,#3460,#3461);
#2838=AXIS2_PLACEMENT_3D('',#4296,#3464,#3465);
#2839=AXIS2_PLACEMENT_3D('',#4298,#3467,#3468);
#2840=AXIS2_PLACEMENT_3D('',#4300,#3470,#3471);
#2841=AXIS2_PLACEMENT_3D('',#4302,#3473,#3474);
#2842=AXIS2_PLACEMENT_3D('',#4304,#3476,#3477);
#2843=AXIS2_PLACEMENT_3D('',#4306,#3479,#3480);
#2844=AXIS2_PLACEMENT_3D('',#4308,#3482,#3483);
#2845=AXIS2_PLACEMENT_3D('',#4309,#3484,#3485);
#2846=AXIS2_PLACEMENT_3D('',#4311,#3487,#3488);
#2847=AXIS2_PLACEMENT_3D('',#4313,#3490,#3491);
#2848=AXIS2_PLACEMENT_3D('',#4315,#3493,#3494);
#2849=AXIS2_PLACEMENT_3D('',#4317,#3496,#3497);
#2850=AXIS2_PLACEMENT_3D('',#4319,#3499,#3500);
#2851=AXIS2_PLACEMENT_3D('',#4322,#3501,#3502);
#2852=AXIS2_PLACEMENT_3D('',#4324,#3503,#3504);
#2853=AXIS2_PLACEMENT_3D('',#4326,#3505,#3506);
#2854=AXIS2_PLACEMENT_3D('',#4328,#3507,#3508);
#2855=AXIS2_PLACEMENT_3D('',#4329,#3509,#3510);
#2856=AXIS2_PLACEMENT_3D('',#4331,#3511,#3512);
#2857=AXIS2_PLACEMENT_3D('',#4332,#3513,#3514);
#2858=AXIS2_PLACEMENT_3D('',#4335,#3517,#3518);
#2859=AXIS2_PLACEMENT_3D('',#4337,#3519,#3520);
#2860=AXIS2_PLACEMENT_3D('',#4339,#3521,#3522);
#2861=AXIS2_PLACEMENT_3D('',#4340,#3523,#3524);
#2862=AXIS2_PLACEMENT_3D('',#4342,#3525,#3526);
#2863=AXIS2_PLACEMENT_3D('',#4344,#3527,#3528);
#2864=AXIS2_PLACEMENT_3D('',#4345,#3529,#3530);
#2865=AXIS2_PLACEMENT_3D('',#4348,#3533,#3534);
#2866=AXIS2_PLACEMENT_3D('',#4350,#3535,#3536);
#2867=AXIS2_PLACEMENT_3D('',#4352,#3538,#3539);
#2868=AXIS2_PLACEMENT_3D('',#4354,#3540,#3541);
#2869=AXIS2_PLACEMENT_3D('',#4356,#3543,#3544);
#2870=AXIS2_PLACEMENT_3D('',#4358,#3546,#3547);
#2871=AXIS2_PLACEMENT_3D('',#4359,#3548,#3549);
#2872=AXIS2_PLACEMENT_3D('',#4361,#3550,#3551);
#2873=AXIS2_PLACEMENT_3D('',#4363,#3553,#3554);
#2874=AXIS2_PLACEMENT_3D('',#4365,#3556,#3557);
#2875=AXIS2_PLACEMENT_3D('',#4366,#3558,#3559);
#2876=AXIS2_PLACEMENT_3D('',#4367,#3560,#3561);
#2877=AXIS2_PLACEMENT_3D('',#4368,#3562,#3563);
#2878=AXIS2_PLACEMENT_3D('',#4369,#3564,#3565);
#2879=AXIS2_PLACEMENT_3D('',#4371,#3566,#3567);
#2880=AXIS2_PLACEMENT_3D('',#4373,#3569,#3570);
#2881=AXIS2_PLACEMENT_3D('',#4376,#3573,#3574);
#2882=AXIS2_PLACEMENT_3D('',#4377,#3575,#3576);
#2883=AXIS2_PLACEMENT_3D('',#4378,#3577,#3578);
#2884=AXIS2_PLACEMENT_3D('',#4379,#3579,#3580);
#2885=AXIS2_PLACEMENT_3D('',#4382,#3581,#3582);
#2886=AXIS2_PLACEMENT_3D('',#4386,#3584,#3585);
#2887=AXIS2_PLACEMENT_3D('',#4388,#3587,#3588);
#2888=AXIS2_PLACEMENT_3D('',#4394,#3592,#3593);
#2889=AXIS2_PLACEMENT_3D('',#4396,#3594,#3595);
#2890=AXIS2_PLACEMENT_3D('',#4399,#3597,#3598);
#2891=AXIS2_PLACEMENT_3D('',#4400,#3599,#3600);
#2892=AXIS2_PLACEMENT_3D('',#4403,#3603,#3604);
#2893=AXIS2_PLACEMENT_3D('',#4404,#3605,#3606);
#2894=AXIS2_PLACEMENT_3D('',#4406,#3607,#3608);
#2895=AXIS2_PLACEMENT_3D('',#4409,#3610,#3611);
#2896=AXIS2_PLACEMENT_3D('',#4410,#3612,#3613);
#2897=AXIS2_PLACEMENT_3D('',#4411,#3614,#3615);
#2898=AXIS2_PLACEMENT_3D('',#4414,#3616,#3617);
#2899=AXIS2_PLACEMENT_3D('',#4418,#3619,#3620);
#2900=AXIS2_PLACEMENT_3D('',#4420,#3622,#3623);
#2901=AXIS2_PLACEMENT_3D('',#4426,#3627,#3628);
#2902=AXIS2_PLACEMENT_3D('',#4428,#3629,#3630);
#2903=AXIS2_PLACEMENT_3D('',#4431,#3632,#3633);
#2904=AXIS2_PLACEMENT_3D('',#4432,#3634,#3635);
#2905=AXIS2_PLACEMENT_3D('',#4435,#3638,#3639);
#2906=AXIS2_PLACEMENT_3D('',#4436,#3640,#3641);
#2907=AXIS2_PLACEMENT_3D('',#4439,#3642,#3643);
#2908=AXIS2_PLACEMENT_3D('',#4443,#3645,#3646);
#2909=AXIS2_PLACEMENT_3D('',#4445,#3648,#3649);
#2910=AXIS2_PLACEMENT_3D('',#4451,#3653,#3654);
#2911=AXIS2_PLACEMENT_3D('',#4453,#3655,#3656);
#2912=AXIS2_PLACEMENT_3D('',#4456,#3658,#3659);
#2913=AXIS2_PLACEMENT_3D('',#4457,#3660,#3661);
#2914=AXIS2_PLACEMENT_3D('',#4460,#3664,#3665);
#2915=AXIS2_PLACEMENT_3D('',#4461,#3666,#3667);
#2916=AXIS2_PLACEMENT_3D('',#4464,#3668,#3669);
#2917=AXIS2_PLACEMENT_3D('',#4468,#3671,#3672);
#2918=AXIS2_PLACEMENT_3D('',#4470,#3674,#3675);
#2919=AXIS2_PLACEMENT_3D('',#4476,#3679,#3680);
#2920=AXIS2_PLACEMENT_3D('',#4478,#3681,#3682);
#2921=AXIS2_PLACEMENT_3D('',#4481,#3684,#3685);
#2922=AXIS2_PLACEMENT_3D('',#4482,#3686,#3687);
#2923=AXIS2_PLACEMENT_3D('',#4485,#3690,#3691);
#2924=AXIS2_PLACEMENT_3D('',#4486,#3692,#3693);
#2925=AXIS2_PLACEMENT_3D('',#4489,#3694,#3695);
#2926=AXIS2_PLACEMENT_3D('',#4493,#3697,#3698);
#2927=AXIS2_PLACEMENT_3D('',#4495,#3700,#3701);
#2928=AXIS2_PLACEMENT_3D('',#4501,#3705,#3706);
#2929=AXIS2_PLACEMENT_3D('',#4503,#3707,#3708);
#2930=AXIS2_PLACEMENT_3D('',#4506,#3710,#3711);
#2931=AXIS2_PLACEMENT_3D('',#4507,#3712,#3713);
#2932=AXIS2_PLACEMENT_3D('',#4510,#3716,#3717);
#2933=AXIS2_PLACEMENT_3D('',#4511,#3718,#3719);
#2934=AXIS2_PLACEMENT_3D('',#4514,#3720,#3721);
#2935=AXIS2_PLACEMENT_3D('',#4518,#3723,#3724);
#2936=AXIS2_PLACEMENT_3D('',#4520,#3726,#3727);
#2937=AXIS2_PLACEMENT_3D('',#4526,#3731,#3732);
#2938=AXIS2_PLACEMENT_3D('',#4528,#3733,#3734);
#2939=AXIS2_PLACEMENT_3D('',#4531,#3736,#3737);
#2940=AXIS2_PLACEMENT_3D('',#4532,#3738,#3739);
#2941=AXIS2_PLACEMENT_3D('',#4535,#3742,#3743);
#2942=AXIS2_PLACEMENT_3D('',#4536,#3744,#3745);
#2943=AXIS2_PLACEMENT_3D('',#4538,#3746,#3747);
#2944=AXIS2_PLACEMENT_3D('',#4540,#3748,#3749);
#2945=AXIS2_PLACEMENT_3D('',#4541,#3750,#3751);
#2946=AXIS2_PLACEMENT_3D('',#4542,#3752,#3753);
#2947=AXIS2_PLACEMENT_3D('',#4543,#3754,#3755);
#2948=AXIS2_PLACEMENT_3D('',#4546,#3757,#3758);
#2949=AXIS2_PLACEMENT_3D('',#4547,#3759,#3760);
#2950=AXIS2_PLACEMENT_3D('',#4548,#3761,#3762);
#2951=AXIS2_PLACEMENT_3D('',#4549,#3763,#3764);
#2952=AXIS2_PLACEMENT_3D('',#4551,#3765,#3766);
#2953=AXIS2_PLACEMENT_3D('',#4552,#3767,#3768);
#2954=AXIS2_PLACEMENT_3D('',#4553,#3769,#3770);
#2955=AXIS2_PLACEMENT_3D('',#4554,#3771,#3772);
#2956=AXIS2_PLACEMENT_3D('',#4557,#3774,#3775);
#2957=AXIS2_PLACEMENT_3D('',#4558,#3776,#3777);
#2958=AXIS2_PLACEMENT_3D('',#4559,#3778,#3779);
#2959=AXIS2_PLACEMENT_3D('',#4560,#3780,#3781);
#2960=AXIS2_PLACEMENT_3D('',#4563,#3782,#3783);
#2961=AXIS2_PLACEMENT_3D('',#4564,#3784,#3785);
#2962=AXIS2_PLACEMENT_3D('',#4565,#3786,#3787);
#2963=AXIS2_PLACEMENT_3D('',#4566,#3788,#3789);
#2964=AXIS2_PLACEMENT_3D('',#4571,#3792,#3793);
#2965=AXIS2_PLACEMENT_3D('',#4572,#3794,#3795);
#2966=AXIS2_PLACEMENT_3D('',#4574,#3796,#3797);
#2967=AXIS2_PLACEMENT_3D('',#4576,#3799,#3800);
#2968=AXIS2_PLACEMENT_3D('',#4578,#3801,#3802);
#2969=AXIS2_PLACEMENT_3D('',#4579,#3803,#3804);
#2970=AXIS2_PLACEMENT_3D('',#4580,#3805,#3806);
#2971=AXIS2_PLACEMENT_3D('',#4581,#3807,#3808);
#2972=AXIS2_PLACEMENT_3D('',#4583,#3810,#3811);
#2973=AXIS2_PLACEMENT_3D('',#4586,#3813,#3814);
#2974=AXIS2_PLACEMENT_3D('',#4587,#3815,#3816);
#2975=AXIS2_PLACEMENT_3D('',#4588,#3817,#3818);
#2976=AXIS2_PLACEMENT_3D('',#4590,#3820,#3821);
#2977=DIRECTION('axis',(0.,0.,1.));
#2978=DIRECTION('refdir',(1.,0.,0.));
#2979=DIRECTION('center_axis',(0.,0.,-1.));
#2980=DIRECTION('ref_axis',(-1.,0.,0.));
#2981=DIRECTION('center_axis',(0.,0.,-1.));
#2982=DIRECTION('ref_axis',(-1.,0.,0.));
#2983=DIRECTION('center_axis',(0.,-1.,0.));
#2984=DIRECTION('ref_axis',(1.,0.,0.));
#2985=DIRECTION('center_axis',(0.,0.,1.));
#2986=DIRECTION('ref_axis',(-1.,0.,0.));
#2987=DIRECTION('center_axis',(0.,0.,1.));
#2988=DIRECTION('ref_axis',(1.,0.,0.));
#2989=DIRECTION('',(-1.,0.,0.));
#2990=DIRECTION('center_axis',(0.,0.,1.));
#2991=DIRECTION('ref_axis',(1.,0.,0.));
#2992=DIRECTION('',(0.,1.,0.));
#2993=DIRECTION('center_axis',(0.,0.,1.));
#2994=DIRECTION('ref_axis',(0.,-1.,0.));
#2995=DIRECTION('',(1.,-6.34413156928661E-17,0.));
#2996=DIRECTION('center_axis',(0.,0.,1.));
#2997=DIRECTION('ref_axis',(-1.,1.77635683940025E-15,0.));
#2998=DIRECTION('',(1.11022302462516E-16,-1.,0.));
#2999=DIRECTION('center_axis',(0.,0.,1.));
#3000=DIRECTION('ref_axis',(0.,1.,0.));
#3001=DIRECTION('center_axis',(0.,0.,1.));
#3002=DIRECTION('ref_axis',(-1.,-3.15544362088405E-30,1.88737914186277E-14));
#3003=DIRECTION('center_axis',(0.,0.,1.));
#3004=DIRECTION('ref_axis',(-1.,-3.15544362088405E-30,1.88737914186277E-14));
#3005=DIRECTION('center_axis',(0.,0.,1.));
#3006=DIRECTION('ref_axis',(-1.,-3.15544362088405E-30,1.88737914186277E-14));
#3007=DIRECTION('center_axis',(0.,0.,-1.));
#3008=DIRECTION('ref_axis',(-1.,0.,0.));
#3009=DIRECTION('center_axis',(0.,0.,1.));
#3010=DIRECTION('ref_axis',(-1.,-3.15544362088405E-30,1.88737914186277E-14));
#3011=DIRECTION('center_axis',(0.,0.,1.));
#3012=DIRECTION('ref_axis',(-1.,3.15544362088405E-30,5.72279909600596E-17));
#3013=DIRECTION('center_axis',(0.,0.,1.));
#3014=DIRECTION('ref_axis',(-1.,3.15544362088405E-30,0.));
#3015=DIRECTION('center_axis',(0.,0.,1.));
#3016=DIRECTION('ref_axis',(-1.,3.15544362088405E-30,0.));
#3017=DIRECTION('center_axis',(0.,0.,1.));
#3018=DIRECTION('ref_axis',(-1.,3.15544362088405E-30,5.72279909600596E-17));
#3019=DIRECTION('center_axis',(0.,0.,1.));
#3020=DIRECTION('ref_axis',(-1.,3.15544362088405E-30,0.));
#3021=DIRECTION('center_axis',(0.,0.,1.));
#3022=DIRECTION('ref_axis',(-1.,-2.82870960581877E-34,0.));
#3023=DIRECTION('',(-0.08304547985374,-1.01701381086539E-17,-0.99654575824488));
#3024=DIRECTION('center_axis',(0.,-2.4297436317664E-15,-1.));
#3025=DIRECTION('ref_axis',(-1.,0.,0.));
#3026=DIRECTION('center_axis',(0.,-2.4297436317664E-15,-1.));
#3027=DIRECTION('ref_axis',(-1.,0.,0.));
#3028=DIRECTION('center_axis',(0.,0.,-1.));
#3029=DIRECTION('ref_axis',(-1.,0.,0.));
#3030=DIRECTION('center_axis',(0.,-1.,0.));
#3031=DIRECTION('ref_axis',(1.,0.,0.));
#3032=DIRECTION('center_axis',(0.,0.,1.));
#3033=DIRECTION('ref_axis',(-1.,0.,0.));
#3034=DIRECTION('center_axis',(0.,0.,1.));
#3035=DIRECTION('ref_axis',(-1.,-2.82870960581877E-34,0.));
#3036=DIRECTION('',(-0.08304547985374,-1.01701381086539E-17,-0.99654575824488));
#3037=DIRECTION('center_axis',(0.,-2.4297436317664E-15,-1.));
#3038=DIRECTION('ref_axis',(-1.,0.,0.));
#3039=DIRECTION('center_axis',(0.,-2.4297436317664E-15,-1.));
#3040=DIRECTION('ref_axis',(-1.,0.,0.));
#3041=DIRECTION('center_axis',(-1.,-1.11022302462516E-16,0.));
#3042=DIRECTION('ref_axis',(1.11022302462516E-16,-1.,0.));
#3043=DIRECTION('',(1.11022302462516E-16,-1.,0.));
#3044=DIRECTION('',(0.,0.,1.));
#3045=DIRECTION('',(-1.11022302462516E-16,1.,0.));
#3046=DIRECTION('',(0.,0.,1.));
#3047=DIRECTION('center_axis',(0.,1.,0.));
#3048=DIRECTION('ref_axis',(-1.,0.,0.));
#3049=DIRECTION('',(-1.,0.,0.));
#3050=DIRECTION('',(0.,0.,1.));
#3051=DIRECTION('',(1.,0.,0.));
#3052=DIRECTION('',(0.,0.,1.));
#3053=DIRECTION('',(0.,0.,-1.));
#3054=DIRECTION('center_axis',(0.,-1.,0.));
#3055=DIRECTION('ref_axis',(0.,0.,-1.));
#3056=DIRECTION('',(1.,0.,0.));
#3057=DIRECTION('center_axis',(0.,-1.,0.));
#3058=DIRECTION('ref_axis',(1.,0.,0.));
#3059=DIRECTION('',(0.,0.,1.));
#3060=DIRECTION('center_axis',(0.,-1.,0.));
#3061=DIRECTION('ref_axis',(0.,0.,1.));
#3062=DIRECTION('',(-1.,0.,-4.44089209850063E-16));
#3063=DIRECTION('center_axis',(0.,-1.,0.));
#3064=DIRECTION('ref_axis',(-1.,0.,-2.22044604925032E-15));
#3065=DIRECTION('',(0.,0.,-1.));
#3066=DIRECTION('center_axis',(0.,-1.,0.));
#3067=DIRECTION('ref_axis',(0.,0.,-1.));
#3068=DIRECTION('',(1.,0.,0.));
#3069=DIRECTION('center_axis',(0.,-1.,0.));
#3070=DIRECTION('ref_axis',(1.,0.,0.));
#3071=DIRECTION('',(0.,0.,1.));
#3072=DIRECTION('center_axis',(0.,-1.,0.));
#3073=DIRECTION('ref_axis',(0.,0.,1.));
#3074=DIRECTION('',(-1.,0.,0.));
#3075=DIRECTION('center_axis',(0.,-1.,0.));
#3076=DIRECTION('ref_axis',(-1.,0.,-2.22044604925031E-15));
#3077=DIRECTION('center_axis',(0.,-1.,0.));
#3078=DIRECTION('ref_axis',(-1.,0.,0.));
#3079=DIRECTION('center_axis',(0.,-1.,0.));
#3080=DIRECTION('ref_axis',(-1.,0.,0.));
#3081=DIRECTION('center_axis',(0.,-1.,0.));
#3082=DIRECTION('ref_axis',(-1.,0.,0.));
#3083=DIRECTION('center_axis',(0.,-1.,0.));
#3084=DIRECTION('ref_axis',(-1.,4.93432455388958E-15,-8.26188659385386E-32));
#3085=DIRECTION('center_axis',(0.,-1.,0.));
#3086=DIRECTION('ref_axis',(-1.,4.93432455388958E-15,-8.26188659385386E-32));
#3087=DIRECTION('center_axis',(1.,0.,0.));
#3088=DIRECTION('ref_axis',(0.,1.,0.));
#3089=DIRECTION('',(0.,-1.,0.));
#3090=DIRECTION('',(0.,0.,1.));
#3091=DIRECTION('',(0.,-1.,0.));
#3092=DIRECTION('',(0.,0.,1.));
#3093=DIRECTION('center_axis',(0.,-1.,0.));
#3094=DIRECTION('ref_axis',(0.,0.,-1.));
#3095=DIRECTION('center_axis',(0.,1.,0.));
#3096=DIRECTION('ref_axis',(-1.,0.,0.));
#3097=DIRECTION('center_axis',(-1.,0.,0.));
#3098=DIRECTION('ref_axis',(0.,0.,1.));
#3099=DIRECTION('center_axis',(0.,-1.,0.));
#3100=DIRECTION('ref_axis',(-1.,0.,0.));
#3101=DIRECTION('center_axis',(0.,-1.,0.));
#3102=DIRECTION('ref_axis',(-1.,0.,0.));
#3103=DIRECTION('center_axis',(0.,1.,0.));
#3104=DIRECTION('ref_axis',(-1.,0.,0.));
#3105=DIRECTION('center_axis',(0.,1.,0.));
#3106=DIRECTION('ref_axis',(0.,0.,-1.));
#3107=DIRECTION('',(0.,0.,1.));
#3108=DIRECTION('center_axis',(0.,1.,0.));
#3109=DIRECTION('ref_axis',(-1.,0.,-2.22044604925032E-15));
#3110=DIRECTION('',(1.,0.,4.44089209850063E-16));
#3111=DIRECTION('center_axis',(0.,1.,0.));
#3112=DIRECTION('ref_axis',(0.,0.,1.));
#3113=DIRECTION('',(0.,0.,-1.));
#3114=DIRECTION('center_axis',(0.,1.,0.));
#3115=DIRECTION('ref_axis',(1.,0.,0.));
#3116=DIRECTION('',(-1.,0.,0.));
#3117=DIRECTION('center_axis',(0.,-1.,0.));
#3118=DIRECTION('ref_axis',(1.,0.,1.96766814890184E-9));
#3119=DIRECTION('center_axis',(0.,-1.,0.));
#3120=DIRECTION('ref_axis',(1.,0.,1.96766822147827E-9));
#3121=DIRECTION('center_axis',(1.9676684207181E-9,0.,-1.));
#3122=DIRECTION('ref_axis',(-1.,0.,-1.9676684207181E-9));
#3123=DIRECTION('center_axis',(0.,1.,0.));
#3124=DIRECTION('ref_axis',(-1.,0.,0.));
#3125=DIRECTION('',(0.,0.,1.));
#3126=DIRECTION('',(1.,0.,0.));
#3127=DIRECTION('',(0.,0.,-1.));
#3128=DIRECTION('',(-1.,0.,0.));
#3129=DIRECTION('',(0.,0.,1.));
#3130=DIRECTION('',(1.,0.,0.));
#3131=DIRECTION('',(0.,0.,1.));
#3132=DIRECTION('',(-1.,0.,0.));
#3133=DIRECTION('',(0.,0.,1.));
#3134=DIRECTION('',(1.,0.,0.));
#3135=DIRECTION('',(0.,0.,1.));
#3136=DIRECTION('center_axis',(0.,1.,0.));
#3137=DIRECTION('ref_axis',(-1.,4.93432455388958E-15,-8.26188659385386E-32));
#3138=DIRECTION('center_axis',(0.,1.,0.));
#3139=DIRECTION('ref_axis',(-1.,4.93432455388958E-15,-8.26188659385386E-32));
#3140=DIRECTION('center_axis',(0.,1.,0.));
#3141=DIRECTION('ref_axis',(-1.,0.,0.));
#3142=DIRECTION('center_axis',(0.,1.,0.));
#3143=DIRECTION('ref_axis',(-1.,0.,0.));
#3144=DIRECTION('center_axis',(0.,1.,0.));
#3145=DIRECTION('ref_axis',(-1.,0.,0.));
#3146=DIRECTION('',(0.,0.,1.));
#3147=DIRECTION('center_axis',(0.,1.,0.));
#3148=DIRECTION('ref_axis',(-1.,0.,-2.22044604925031E-15));
#3149=DIRECTION('',(1.,0.,0.));
#3150=DIRECTION('center_axis',(0.,1.,0.));
#3151=DIRECTION('ref_axis',(0.,0.,1.));
#3152=DIRECTION('',(0.,0.,-1.));
#3153=DIRECTION('center_axis',(0.,1.,0.));
#3154=DIRECTION('ref_axis',(1.,0.,0.));
#3155=DIRECTION('',(-1.,0.,0.));
#3156=DIRECTION('center_axis',(0.,1.,0.));
#3157=DIRECTION('ref_axis',(0.,0.,-1.));
#3158=DIRECTION('center_axis',(1.,0.,0.));
#3159=DIRECTION('ref_axis',(0.,0.,1.));
#3160=DIRECTION('',(0.,-1.,0.));
#3161=DIRECTION('',(0.,-1.,0.));
#3162=DIRECTION('center_axis',(0.,-1.,0.));
#3163=DIRECTION('ref_axis',(1.,0.,0.));
#3164=DIRECTION('',(0.,-1.,0.));
#3165=DIRECTION('center_axis',(0.,0.,-1.));
#3166=DIRECTION('ref_axis',(1.,0.,0.));
#3167=DIRECTION('',(0.,-1.,0.));
#3168=DIRECTION('center_axis',(0.,-1.,0.));
#3169=DIRECTION('ref_axis',(0.,0.,-1.));
#3170=DIRECTION('',(0.,-1.,0.));
#3171=DIRECTION('center_axis',(-1.,0.,0.));
#3172=DIRECTION('ref_axis',(0.,0.,-1.));
#3173=DIRECTION('',(0.,-1.,0.));
#3174=DIRECTION('center_axis',(0.,-1.,0.));
#3175=DIRECTION('ref_axis',(-1.,0.,-2.22044604925032E-15));
#3176=DIRECTION('',(0.,-1.,0.));
#3177=DIRECTION('center_axis',(-4.44089209850063E-16,0.,1.));
#3178=DIRECTION('ref_axis',(-1.,0.,-4.44089209850063E-16));
#3179=DIRECTION('',(0.,-1.,0.));
#3180=DIRECTION('center_axis',(0.,-1.,0.));
#3181=DIRECTION('ref_axis',(0.,0.,1.));
#3182=DIRECTION('center_axis',(0.,0.,1.));
#3183=DIRECTION('ref_axis',(-1.,0.,0.));
#3184=DIRECTION('',(1.,-6.34413156928661E-17,0.));
#3185=DIRECTION('center_axis',(0.,0.,1.));
#3186=DIRECTION('ref_axis',(-1.,1.77635683940025E-15,0.));
#3187=DIRECTION('',(1.11022302462516E-16,-1.,0.));
#3188=DIRECTION('',(1.,0.,0.));
#3189=DIRECTION('center_axis',(0.,0.,1.));
#3190=DIRECTION('ref_axis',(0.999999829701014,-0.000583607695445108,0.));
#3191=DIRECTION('',(0.,-1.,0.));
#3192=DIRECTION('center_axis',(0.,0.,1.));
#3193=DIRECTION('ref_axis',(-1.,0.,0.));
#3194=DIRECTION('center_axis',(0.,1.,0.));
#3195=DIRECTION('ref_axis',(-1.,0.,0.));
#3196=DIRECTION('',(0.,0.,-1.));
#3197=DIRECTION('',(-1.,0.,0.));
#3198=DIRECTION('',(0.,0.,1.));
#3199=DIRECTION('center_axis',(0.,0.,1.));
#3200=DIRECTION('ref_axis',(-1.,0.,0.));
#3201=DIRECTION('center_axis',(0.,0.,1.));
#3202=DIRECTION('ref_axis',(-1.,0.,0.));
#3203=DIRECTION('',(0.,0.,-1.));
#3204=DIRECTION('center_axis',(1.,0.,0.));
#3205=DIRECTION('ref_axis',(0.,1.,0.));
#3206=DIRECTION('',(0.,0.,1.));
#3207=DIRECTION('',(0.,0.,1.));
#3208=DIRECTION('',(0.,1.,0.));
#3209=DIRECTION('center_axis',(0.,0.,1.));
#3210=DIRECTION('ref_axis',(0.999999829701014,-0.000583607695445108,0.));
#3211=DIRECTION('center_axis',(0.,0.,1.));
#3212=DIRECTION('ref_axis',(0.999999829701014,-0.000583607695445108,0.));
#3213=DIRECTION('center_axis',(0.,0.,1.));
#3214=DIRECTION('ref_axis',(-1.,0.,0.));
#3215=DIRECTION('',(-1.,6.34413156928661E-17,0.));
#3216=DIRECTION('',(-1.11022302462516E-16,1.,0.));
#3217=DIRECTION('center_axis',(0.,0.,-1.));
#3218=DIRECTION('ref_axis',(-1.,1.77635683940025E-15,0.));
#3219=DIRECTION('center_axis',(-6.34413156928661E-17,-1.,0.));
#3220=DIRECTION('ref_axis',(1.,-6.34413156928661E-17,0.));
#3221=DIRECTION('',(0.,0.,1.));
#3222=DIRECTION('',(-1.,6.34413156928661E-17,0.));
#3223=DIRECTION('',(0.,0.,-1.));
#3224=DIRECTION('',(1.,-6.34413156928661E-17,0.));
#3225=DIRECTION('',(0.,0.,1.));
#3226=DIRECTION('',(-1.,6.34413156928661E-17,0.));
#3227=DIRECTION('',(0.,0.,1.));
#3228=DIRECTION('',(0.,0.,1.));
#3229=DIRECTION('center_axis',(0.,0.,1.));
#3230=DIRECTION('ref_axis',(-1.,1.77635683940025E-15,0.));
#3231=DIRECTION('',(0.,0.,1.));
#3232=DIRECTION('center_axis',(0.,0.,1.));
#3233=DIRECTION('ref_axis',(-1.,0.,0.));
#3234=DIRECTION('center_axis',(0.,0.,-1.));
#3235=DIRECTION('ref_axis',(0.,1.,0.));
#3236=DIRECTION('',(-1.11022302462516E-16,1.,0.));
#3237=DIRECTION('',(1.,0.,0.));
#3238=DIRECTION('center_axis',(0.,0.,1.));
#3239=DIRECTION('ref_axis',(-0.000583607695445108,-0.999999829701014,0.));
#3240=DIRECTION('',(0.,1.,0.));
#3241=DIRECTION('center_axis',(0.,0.,-1.));
#3242=DIRECTION('ref_axis',(-1.,0.,0.));
#3243=DIRECTION('center_axis',(0.,-1.,0.));
#3244=DIRECTION('ref_axis',(1.,0.,0.));
#3245=DIRECTION('',(0.,0.,1.));
#3246=DIRECTION('',(-1.,0.,0.));
#3247=DIRECTION('',(0.,0.,1.));
#3248=DIRECTION('center_axis',(0.,0.,1.));
#3249=DIRECTION('ref_axis',(-1.,0.,0.));
#3250=DIRECTION('',(0.,0.,-1.));
#3251=DIRECTION('center_axis',(0.,0.,-1.));
#3252=DIRECTION('ref_axis',(-1.,0.,0.));
#3253=DIRECTION('center_axis',(1.,0.,0.));
#3254=DIRECTION('ref_axis',(0.,1.,0.));
#3255=DIRECTION('',(0.,0.,1.));
#3256=DIRECTION('',(0.,-1.,0.));
#3257=DIRECTION('center_axis',(0.,0.,1.));
#3258=DIRECTION('ref_axis',(-0.000583607695445108,-0.999999829701014,0.));
#3259=DIRECTION('center_axis',(0.,0.,1.));
#3260=DIRECTION('ref_axis',(-0.000583607695445108,-0.999999829701014,0.));
#3261=DIRECTION('center_axis',(0.,0.,1.));
#3262=DIRECTION('ref_axis',(-1.,0.,0.));
#3263=DIRECTION('',(1.11022302462516E-16,-1.,0.));
#3264=DIRECTION('center_axis',(0.,0.,1.));
#3265=DIRECTION('ref_axis',(0.,1.,0.));
#3266=DIRECTION('center_axis',(0.,0.,1.));
#3267=DIRECTION('ref_axis',(0.,1.,0.));
#3268=DIRECTION('',(0.,0.,1.));
#3269=DIRECTION('center_axis',(0.,0.,-1.));
#3270=DIRECTION('ref_axis',(0.,1.,0.));
#3271=DIRECTION('center_axis',(0.,0.,1.));
#3272=DIRECTION('ref_axis',(-1.,0.,0.));
#3273=DIRECTION('center_axis',(0.,0.,1.));
#3274=DIRECTION('ref_axis',(1.,0.,0.));
#3275=DIRECTION('',(0.,1.,0.));
#3276=DIRECTION('',(-1.,0.,0.));
#3277=DIRECTION('center_axis',(0.,0.,1.));
#3278=DIRECTION('ref_axis',(-0.999999829701014,0.000583607695445108,0.));
#3279=DIRECTION('',(-1.61427005126689E-15,1.,0.));
#3280=DIRECTION('center_axis',(0.,0.,1.));
#3281=DIRECTION('ref_axis',(-1.,0.,0.));
#3282=DIRECTION('center_axis',(0.,-1.,0.));
#3283=DIRECTION('ref_axis',(1.,0.,0.));
#3284=DIRECTION('',(0.,0.,-1.));
#3285=DIRECTION('',(1.,0.,0.));
#3286=DIRECTION('',(0.,0.,1.));
#3287=DIRECTION('center_axis',(0.,0.,1.));
#3288=DIRECTION('ref_axis',(-1.,0.,0.));
#3289=DIRECTION('center_axis',(0.,0.,1.));
#3290=DIRECTION('ref_axis',(-1.,0.,0.));
#3291=DIRECTION('',(0.,0.,-1.));
#3292=DIRECTION('center_axis',(-1.,-1.61427005126689E-15,0.));
#3293=DIRECTION('ref_axis',(1.61427005126689E-15,-1.,0.));
#3294=DIRECTION('',(0.,0.,1.));
#3295=DIRECTION('',(1.61427005126689E-15,-1.,0.));
#3296=DIRECTION('center_axis',(0.,0.,1.));
#3297=DIRECTION('ref_axis',(-0.999999829701014,0.000583607695445108,0.));
#3298=DIRECTION('center_axis',(0.,0.,1.));
#3299=DIRECTION('ref_axis',(-0.999999829701014,0.000583607695445108,0.));
#3300=DIRECTION('center_axis',(0.,0.,1.));
#3301=DIRECTION('ref_axis',(-1.,0.,0.));
#3302=DIRECTION('',(0.,-1.,0.));
#3303=DIRECTION('center_axis',(0.,0.,-1.));
#3304=DIRECTION('ref_axis',(1.,0.,0.));
#3305=DIRECTION('center_axis',(0.,0.,1.));
#3306=DIRECTION('ref_axis',(1.,0.,0.));
#3307=DIRECTION('',(0.,0.,1.));
#3308=DIRECTION('center_axis',(0.,0.,1.));
#3309=DIRECTION('ref_axis',(-1.,0.,0.));
#3310=DIRECTION('',(0.,1.,0.));
#3311=DIRECTION('center_axis',(0.,0.,1.));
#3312=DIRECTION('ref_axis',(0.,-1.,0.));
#3313=DIRECTION('',(0.,1.,0.));
#3314=DIRECTION('center_axis',(0.,0.,1.));
#3315=DIRECTION('ref_axis',(0.000583607695445108,0.999999829701014,0.));
#3316=DIRECTION('',(1.,0.,0.));
#3317=DIRECTION('center_axis',(0.,0.,1.));
#3318=DIRECTION('ref_axis',(-1.,0.,0.));
#3319=DIRECTION('center_axis',(-1.,0.,0.));
#3320=DIRECTION('ref_axis',(0.,-1.,0.));
#3321=DIRECTION('',(0.,-1.,0.));
#3322=DIRECTION('',(0.,0.,1.));
#3323=DIRECTION('center_axis',(0.,0.,1.));
#3324=DIRECTION('ref_axis',(-1.,0.,0.));
#3325=DIRECTION('center_axis',(0.,0.,1.));
#3326=DIRECTION('ref_axis',(-1.,0.,0.));
#3327=DIRECTION('',(0.,0.,-1.));
#3328=DIRECTION('center_axis',(0.,1.,0.));
#3329=DIRECTION('ref_axis',(-1.,0.,0.));
#3330=DIRECTION('',(0.,0.,1.));
#3331=DIRECTION('',(0.,0.,1.));
#3332=DIRECTION('',(-1.,0.,0.));
#3333=DIRECTION('center_axis',(0.,0.,1.));
#3334=DIRECTION('ref_axis',(0.000583607695445108,0.999999829701014,0.));
#3335=DIRECTION('center_axis',(0.,0.,1.));
#3336=DIRECTION('ref_axis',(0.000583607695445108,0.999999829701014,0.));
#3337=DIRECTION('center_axis',(0.,0.,1.));
#3338=DIRECTION('ref_axis',(-1.,0.,0.));
#3339=DIRECTION('',(0.,-1.,0.));
#3340=DIRECTION('center_axis',(0.,0.,-1.));
#3341=DIRECTION('ref_axis',(0.,-1.,0.));
#3342=DIRECTION('center_axis',(1.,0.,0.));
#3343=DIRECTION('ref_axis',(0.,1.,0.));
#3344=DIRECTION('',(0.,0.,1.));
#3345=DIRECTION('',(0.,-1.,0.));
#3346=DIRECTION('',(0.,0.,1.));
#3347=DIRECTION('',(0.,0.,1.));
#3348=DIRECTION('center_axis',(0.,0.,1.));
#3349=DIRECTION('ref_axis',(0.,-1.,0.));
#3350=DIRECTION('center_axis',(0.,1.77635683940025E-16,1.));
#3351=DIRECTION('ref_axis',(1.,0.,0.));
#3352=DIRECTION('center_axis',(0.,1.77635683940025E-16,1.));
#3353=DIRECTION('ref_axis',(-1.,-9.49973329538589E-17,0.));
#3354=DIRECTION('center_axis',(1.42488516529432E-16,-1.,1.77635683940025E-16));
#3355=DIRECTION('ref_axis',(-1.,-1.42488516529432E-16,0.));
#3356=DIRECTION('center_axis',(0.,1.77635683940025E-16,1.));
#3357=DIRECTION('ref_axis',(-1.,-9.49973329538589E-17,0.));
#3358=DIRECTION('center_axis',(0.,1.77635683940025E-16,1.));
#3359=DIRECTION('ref_axis',(-1.,-2.82870960581877E-34,0.));
#3360=DIRECTION('',(0.,-1.77635683940025E-16,-1.));
#3361=DIRECTION('center_axis',(3.47283508374258E-18,1.92554305833426E-16,
1.));
#3362=DIRECTION('ref_axis',(-1.,3.34028474729651E-34,3.47283508374258E-18));
#3363=DIRECTION('center_axis',(0.,1.77635683940025E-16,1.));
#3364=DIRECTION('ref_axis',(1.,0.,0.));
#3365=DIRECTION('center_axis',(0.,1.77635683940025E-16,1.));
#3366=DIRECTION('ref_axis',(-1.,-9.49973329538589E-17,0.));
#3367=DIRECTION('center_axis',(1.42488516529432E-16,-1.,1.77635683940025E-16));
#3368=DIRECTION('ref_axis',(-1.,-1.42488516529432E-16,0.));
#3369=DIRECTION('center_axis',(0.,1.77635683940025E-16,1.));
#3370=DIRECTION('ref_axis',(-1.,-9.49973329538589E-17,0.));
#3371=DIRECTION('center_axis',(0.,1.77635683940025E-16,1.));
#3372=DIRECTION('ref_axis',(-1.,-2.82870960581877E-34,0.));
#3373=DIRECTION('',(0.,-1.77635683940025E-16,-1.));
#3374=DIRECTION('center_axis',(3.47283508374258E-18,1.92554305833426E-16,
1.));
#3375=DIRECTION('ref_axis',(-1.,3.34028474729651E-34,3.47283508374258E-18));
#3376=DIRECTION('center_axis',(0.,0.,1.));
#3377=DIRECTION('ref_axis',(1.,0.,0.));
#3378=DIRECTION('center_axis',(0.,0.,1.));
#3379=DIRECTION('ref_axis',(-1.,-3.15544362088405E-30,1.88737914186277E-14));
#3380=DIRECTION('center_axis',(0.,0.,1.));
#3381=DIRECTION('ref_axis',(1.,0.,0.));
#3382=DIRECTION('center_axis',(0.,0.,1.));
#3383=DIRECTION('ref_axis',(-1.,-3.15544362088405E-30,1.88737914186277E-14));
#3384=DIRECTION('center_axis',(1.88737914186277E-14,0.,1.));
#3385=DIRECTION('ref_axis',(-1.,-3.15544362088405E-30,1.88737914186277E-14));
#3386=DIRECTION('',(-1.88737914186277E-14,0.,-1.));
#3387=DIRECTION('center_axis',(-1.8776646903973E-14,-1.06496222204841E-28,
-1.));
#3388=DIRECTION('ref_axis',(-1.,-3.15544362088405E-30,1.8776646903973E-14));
#3389=DIRECTION('center_axis',(1.88737914186277E-14,0.,1.));
#3390=DIRECTION('ref_axis',(-1.,-3.15544362088405E-30,1.88737914186277E-14));
#3391=DIRECTION('',(-1.88737914186277E-14,0.,-1.));
#3392=DIRECTION('center_axis',(1.8776646903973E-14,1.06496222204841E-28,
1.));
#3393=DIRECTION('ref_axis',(-1.,-3.15544362088405E-30,1.8776646903973E-14));
#3394=DIRECTION('center_axis',(1.8776646903973E-14,1.06496222204841E-28,
1.));
#3395=DIRECTION('ref_axis',(-1.,-3.15544362088405E-30,1.8776646903973E-14));
#3396=DIRECTION('center_axis',(1.88737914186277E-14,0.,1.));
#3397=DIRECTION('ref_axis',(-1.,-3.15544362088405E-30,1.88737914186277E-14));
#3398=DIRECTION('',(-1.88737914186277E-14,0.,-1.));
#3399=DIRECTION('center_axis',(-1.8776646903973E-14,-1.06496222204841E-28,
-1.));
#3400=DIRECTION('ref_axis',(-1.,-3.15544362088405E-30,1.8776646903973E-14));
#3401=DIRECTION('center_axis',(1.88737914186277E-14,0.,1.));
#3402=DIRECTION('ref_axis',(-1.,-3.15544362088405E-30,1.88737914186277E-14));
#3403=DIRECTION('',(-1.88737914186277E-14,0.,-1.));
#3404=DIRECTION('center_axis',(1.8776646903973E-14,1.06496222204841E-28,
1.));
#3405=DIRECTION('ref_axis',(-1.,-3.15544362088405E-30,1.8776646903973E-14));
#3406=DIRECTION('center_axis',(1.8776646903973E-14,1.06496222204841E-28,
1.));
#3407=DIRECTION('ref_axis',(-1.,-3.15544362088405E-30,1.8776646903973E-14));
#3408=DIRECTION('center_axis',(1.88737914186277E-14,0.,1.));
#3409=DIRECTION('ref_axis',(-1.,-3.15544362088405E-30,1.88737914186277E-14));
#3410=DIRECTION('center_axis',(0.,0.,-1.));
#3411=DIRECTION('ref_axis',(-1.,-3.15544362088405E-30,1.88737914186277E-14));
#3412=DIRECTION('',(-1.88737914186277E-14,0.,-1.));
#3413=DIRECTION('center_axis',(-1.8776646903973E-14,-1.06496222204841E-28,
-1.));
#3414=DIRECTION('ref_axis',(-1.,-3.15544362088405E-30,1.8776646903973E-14));
#3415=DIRECTION('center_axis',(1.88737914186277E-14,0.,1.));
#3416=DIRECTION('ref_axis',(-1.,-3.15544362088405E-30,1.88737914186277E-14));
#3417=DIRECTION('',(-1.88737914186277E-14,0.,-1.));
#3418=DIRECTION('center_axis',(1.8776646903973E-14,1.06496222204841E-28,
1.));
#3419=DIRECTION('ref_axis',(-1.,-3.15544362088405E-30,1.8776646903973E-14));
#3420=DIRECTION('center_axis',(1.8776646903973E-14,1.06496222204841E-28,
1.));
#3421=DIRECTION('ref_axis',(-1.,-3.15544362088405E-30,1.8776646903973E-14));
#3422=DIRECTION('center_axis',(0.,0.,1.));
#3423=DIRECTION('ref_axis',(1.,0.,0.));
#3424=DIRECTION('center_axis',(1.88737914186277E-14,0.,1.));
#3425=DIRECTION('ref_axis',(-1.,-3.15544362088405E-30,1.88737914186277E-14));
#3426=DIRECTION('center_axis',(0.,0.,-1.));
#3427=DIRECTION('ref_axis',(-1.,-3.15544362088405E-30,1.88737914186277E-14));
#3428=DIRECTION('',(-1.88737914186277E-14,0.,-1.));
#3429=DIRECTION('center_axis',(-1.8776646903973E-14,-1.06496222204841E-28,
-1.));
#3430=DIRECTION('ref_axis',(-1.,-3.15544362088405E-30,1.8776646903973E-14));
#3431=DIRECTION('center_axis',(1.88737914186277E-14,0.,1.));
#3432=DIRECTION('ref_axis',(-1.,-3.15544362088405E-30,1.88737914186277E-14));
#3433=DIRECTION('',(-1.88737914186277E-14,0.,-1.));
#3434=DIRECTION('center_axis',(1.8776646903973E-14,1.06496222204841E-28,
1.));
#3435=DIRECTION('ref_axis',(-1.,-3.15544362088405E-30,1.8776646903973E-14));
#3436=DIRECTION('center_axis',(1.8776646903973E-14,1.06496222204841E-28,
1.));
#3437=DIRECTION('ref_axis',(-1.,-3.15544362088405E-30,1.8776646903973E-14));
#3438=DIRECTION('center_axis',(0.,0.,1.));
#3439=DIRECTION('ref_axis',(1.,0.,0.));
#3440=DIRECTION('center_axis',(0.,1.77635683940025E-16,1.));
#3441=DIRECTION('ref_axis',(-1.,-2.82870960581877E-34,0.));
#3442=DIRECTION('center_axis',(0.,0.,-1.));
#3443=DIRECTION('ref_axis',(-1.,-2.82870960581877E-34,0.));
#3444=DIRECTION('',(0.,-1.77635683940025E-16,-1.));
#3445=DIRECTION('center_axis',(-3.47283508374258E-18,-1.92554305833426E-16,
-1.));
#3446=DIRECTION('ref_axis',(-1.,3.34028474729651E-34,3.47283508374258E-18));
#3447=DIRECTION('center_axis',(3.47283508374258E-18,1.92554305833426E-16,
1.));
#3448=DIRECTION('ref_axis',(-1.,3.34028474729651E-34,3.47283508374258E-18));
#3449=DIRECTION('center_axis',(0.,1.77635683940025E-16,1.));
#3450=DIRECTION('ref_axis',(-1.,-2.82870960581877E-34,0.));
#3451=DIRECTION('center_axis',(0.,0.,-1.));
#3452=DIRECTION('ref_axis',(-1.,-2.82870960581877E-34,0.));
#3453=DIRECTION('',(0.,-1.77635683940025E-16,-1.));
#3454=DIRECTION('center_axis',(-3.47283508374258E-18,-1.92554305833426E-16,
-1.));
#3455=DIRECTION('ref_axis',(-1.,3.34028474729651E-34,3.47283508374258E-18));
#3456=DIRECTION('center_axis',(3.47283508374258E-18,1.92554305833426E-16,
1.));
#3457=DIRECTION('ref_axis',(-1.,3.34028474729651E-34,3.47283508374258E-18));
#3458=DIRECTION('center_axis',(0.,0.,1.));
#3459=DIRECTION('ref_axis',(1.,0.,0.));
#3460=DIRECTION('center_axis',(1.,0.,0.));
#3461=DIRECTION('ref_axis',(0.,0.,1.));
#3462=DIRECTION('',(0.,-1.,0.));
#3463=DIRECTION('',(0.,-1.,0.));
#3464=DIRECTION('center_axis',(0.,-1.,0.));
#3465=DIRECTION('ref_axis',(1.,0.,0.));
#3466=DIRECTION('',(0.,-1.,0.));
#3467=DIRECTION('center_axis',(0.,0.,-1.));
#3468=DIRECTION('ref_axis',(1.,0.,0.));
#3469=DIRECTION('',(0.,-1.,0.));
#3470=DIRECTION('center_axis',(0.,-1.,0.));
#3471=DIRECTION('ref_axis',(0.,0.,-1.));
#3472=DIRECTION('',(0.,-1.,0.));
#3473=DIRECTION('center_axis',(-1.,0.,0.));
#3474=DIRECTION('ref_axis',(0.,0.,-1.));
#3475=DIRECTION('',(0.,-1.,0.));
#3476=DIRECTION('center_axis',(0.,-1.,0.));
#3477=DIRECTION('ref_axis',(-1.,0.,-2.22044604925031E-15));
#3478=DIRECTION('',(0.,-1.,0.));
#3479=DIRECTION('center_axis',(0.,0.,1.));
#3480=DIRECTION('ref_axis',(-1.,0.,0.));
#3481=DIRECTION('',(0.,-1.,0.));
#3482=DIRECTION('center_axis',(0.,-1.,0.));
#3483=DIRECTION('ref_axis',(0.,0.,1.));
#3484=DIRECTION('center_axis',(0.,-1.,0.));
#3485=DIRECTION('ref_axis',(-1.,0.,0.));
#3486=DIRECTION('',(0.,-1.,0.));
#3487=DIRECTION('center_axis',(0.,-1.,0.));
#3488=DIRECTION('ref_axis',(-1.,0.,0.));
#3489=DIRECTION('',(0.,-1.,0.));
#3490=DIRECTION('center_axis',(0.,-1.,0.));
#3491=DIRECTION('ref_axis',(-1.,0.,0.));
#3492=DIRECTION('',(0.,-1.,0.));
#3493=DIRECTION('center_axis',(-4.93432455388958E-15,-1.,-9.86864910777917E-16));
#3494=DIRECTION('ref_axis',(-1.,4.93432455388958E-15,-8.26188659385386E-32));
#3495=DIRECTION('',(-4.93432455388958E-15,-1.,-9.86864910777917E-16));
#3496=DIRECTION('center_axis',(-4.93432455388958E-15,-1.,-9.86864910777917E-16));
#3497=DIRECTION('ref_axis',(-1.,4.93432455388958E-15,-8.26188659385386E-32));
#3498=DIRECTION('',(-4.93432455388958E-15,-1.,-9.86864910777917E-16));
#3499=DIRECTION('center_axis',(5.55111512312579E-17,-5.25486924121789E-46,
1.));
#3500=DIRECTION('ref_axis',(-1.,3.15544362088405E-30,5.55111512312579E-17));
#3501=DIRECTION('center_axis',(5.55111512312579E-17,-5.25486924121789E-46,
1.));
#3502=DIRECTION('ref_axis',(-1.,3.15544362088405E-30,5.72279909600596E-17));
#3503=DIRECTION('center_axis',(-5.55111512312579E-17,5.25486924121789E-46,
-1.));
#3504=DIRECTION('ref_axis',(-1.,3.15544362088405E-30,5.55111512312579E-17));
#3505=DIRECTION('center_axis',(5.55111512312579E-17,-5.25486924121789E-46,
1.));
#3506=DIRECTION('ref_axis',(-1.,3.15544362088405E-30,5.72279909600596E-17));
#3507=DIRECTION('center_axis',(-5.55111512312579E-17,5.25486924121789E-46,
-1.));
#3508=DIRECTION('ref_axis',(-1.,3.15544362088405E-30,5.55111512312579E-17));
#3509=DIRECTION('center_axis',(-5.55111512312579E-17,5.25486924121789E-46,
-1.));
#3510=DIRECTION('ref_axis',(-1.,3.15544362088405E-30,5.55111512312579E-17));
#3511=DIRECTION('center_axis',(-5.55111512312579E-17,5.25486924121789E-46,
-1.));
#3512=DIRECTION('ref_axis',(-1.,3.15544362088405E-30,5.72279909600596E-17));
#3513=DIRECTION('center_axis',(5.72279909600596E-17,0.,1.));
#3514=DIRECTION('ref_axis',(-1.,3.15544362088405E-30,5.72279909600596E-17));
#3515=DIRECTION('',(-5.72279909600596E-17,0.,-1.));
#3516=DIRECTION('',(5.72279909600596E-17,0.,1.));
#3517=DIRECTION('center_axis',(5.55111512312579E-17,-5.25486924121789E-46,
1.));
#3518=DIRECTION('ref_axis',(-1.,3.15544362088405E-30,5.55111512312579E-17));
#3519=DIRECTION('center_axis',(5.55111512312579E-17,-5.25486924121789E-46,
1.));
#3520=DIRECTION('ref_axis',(-1.,3.15544362088405E-30,0.));
#3521=DIRECTION('center_axis',(-5.55111512312579E-17,5.25486924121789E-46,
-1.));
#3522=DIRECTION('ref_axis',(-1.,3.15544362088405E-30,0.));
#3523=DIRECTION('center_axis',(5.55111512312579E-17,-5.25486924121789E-46,
1.));
#3524=DIRECTION('ref_axis',(-1.,3.15544362088405E-30,5.55111512312579E-17));
#3525=DIRECTION('center_axis',(5.55111512312579E-17,-5.25486924121789E-46,
1.));
#3526=DIRECTION('ref_axis',(-1.,3.15544362088405E-30,0.));
#3527=DIRECTION('center_axis',(-5.55111512312579E-17,5.25486924121789E-46,
-1.));
#3528=DIRECTION('ref_axis',(-1.,3.15544362088405E-30,0.));
#3529=DIRECTION('center_axis',(5.72279909600596E-17,0.,1.));
#3530=DIRECTION('ref_axis',(-1.,3.15544362088405E-30,5.72279909600596E-17));
#3531=DIRECTION('',(-5.72279909600596E-17,0.,-1.));
#3532=DIRECTION('',(5.72279909600596E-17,0.,1.));
#3533=DIRECTION('center_axis',(5.72279909600596E-17,0.,1.));
#3534=DIRECTION('ref_axis',(-1.,3.15544362088405E-30,5.72279909600596E-17));
#3535=DIRECTION('center_axis',(0.,0.,-1.));
#3536=DIRECTION('ref_axis',(-1.,3.15544362088405E-30,5.72279909600596E-17));
#3537=DIRECTION('',(-5.72279909600596E-17,0.,-1.));
#3538=DIRECTION('center_axis',(0.,0.,1.));
#3539=DIRECTION('ref_axis',(-1.,3.15544362088405E-30,0.));
#3540=DIRECTION('center_axis',(0.,0.,-1.));
#3541=DIRECTION('ref_axis',(-1.,3.15544362088405E-30,0.));
#3542=DIRECTION('',(0.,0.,-1.));
#3543=DIRECTION('center_axis',(0.,0.,1.));
#3544=DIRECTION('ref_axis',(-1.,3.15544362088405E-30,0.));
#3545=DIRECTION('',(0.,0.,-1.));
#3546=DIRECTION('center_axis',(0.,0.,1.));
#3547=DIRECTION('ref_axis',(1.,0.,0.));
#3548=DIRECTION('center_axis',(0.,0.,1.));
#3549=DIRECTION('ref_axis',(-1.,3.15544362088405E-30,0.));
#3550=DIRECTION('center_axis',(0.,0.,-1.));
#3551=DIRECTION('ref_axis',(-1.,3.15544362088405E-30,0.));
#3552=DIRECTION('',(0.,0.,-1.));
#3553=DIRECTION('center_axis',(0.,0.,1.));
#3554=DIRECTION('ref_axis',(-1.,3.15544362088405E-30,0.));
#3555=DIRECTION('',(0.,0.,-1.));
#3556=DIRECTION('center_axis',(0.,0.,1.));
#3557=DIRECTION('ref_axis',(1.,0.,0.));
#3558=DIRECTION('center_axis',(0.,0.,1.));
#3559=DIRECTION('ref_axis',(1.,0.,0.));
#3560=DIRECTION('center_axis',(0.,0.,1.));
#3561=DIRECTION('ref_axis',(0.,-1.,0.));
#3562=DIRECTION('center_axis',(0.,0.,-1.));
#3563=DIRECTION('ref_axis',(0.,-1.,0.));
#3564=DIRECTION('center_axis',(0.,0.,1.));
#3565=DIRECTION('ref_axis',(-1.,1.77635683940025E-15,0.));
#3566=DIRECTION('center_axis',(0.,0.,-1.));
#3567=DIRECTION('ref_axis',(-1.,1.77635683940025E-15,0.));
#3568=DIRECTION('',(0.,0.,1.));
#3569=DIRECTION('center_axis',(-1.,-1.11022302462516E-16,0.));
#3570=DIRECTION('ref_axis',(1.11022302462516E-16,-1.,0.));
#3571=DIRECTION('',(-1.11022302462516E-16,1.,0.));
#3572=DIRECTION('',(0.,0.,1.));
#3573=DIRECTION('center_axis',(0.,0.,1.));
#3574=DIRECTION('ref_axis',(0.,1.,0.));
#3575=DIRECTION('center_axis',(0.,0.,1.));
#3576=DIRECTION('ref_axis',(1.,0.,0.));
#3577=DIRECTION('center_axis',(0.,0.,-1.));
#3578=DIRECTION('ref_axis',(1.,0.,0.));
#3579=DIRECTION('center_axis',(0.,0.,-1.));
#3580=DIRECTION('ref_axis',(-1.,0.,0.));
#3581=DIRECTION('center_axis',(0.,0.,-1.));
#3582=DIRECTION('ref_axis',(-1.,0.,0.));
#3583=DIRECTION('',(0.,0.,-1.));
#3584=DIRECTION('center_axis',(0.,0.,-1.));
#3585=DIRECTION('ref_axis',(-1.,0.,0.));
#3586=DIRECTION('',(0.,0.,-1.));
#3587=DIRECTION('center_axis',(0.514495755427526,-0.857492925712544,0.));
#3588=DIRECTION('ref_axis',(-0.857492925712544,-0.514495755427526,0.));
#3589=DIRECTION('',(-0.857492925712544,-0.514495755427526,0.));
#3590=DIRECTION('',(0.,0.,-1.));
#3591=DIRECTION('',(-0.857492925712544,-0.514495755427526,0.));
#3592=DIRECTION('center_axis',(0.,0.,-1.));
#3593=DIRECTION('ref_axis',(-1.,0.,0.));
#3594=DIRECTION('center_axis',(0.,0.,1.));
#3595=DIRECTION('ref_axis',(-1.,0.,0.));
#3596=DIRECTION('',(0.,0.,-1.));
#3597=DIRECTION('center_axis',(0.,0.,1.));
#3598=DIRECTION('ref_axis',(-1.,0.,0.));
#3599=DIRECTION('center_axis',(0.514495755427526,0.857492925712544,0.));
#3600=DIRECTION('ref_axis',(0.857492925712544,-0.514495755427526,0.));
#3601=DIRECTION('',(0.857492925712544,-0.514495755427526,0.));
#3602=DIRECTION('',(0.857492925712544,-0.514495755427526,0.));
#3603=DIRECTION('center_axis',(0.,0.,1.));
#3604=DIRECTION('ref_axis',(-1.,0.,0.));
#3605=DIRECTION('center_axis',(0.,0.,-1.));
#3606=DIRECTION('ref_axis',(-1.,0.,0.));
#3607=DIRECTION('center_axis',(0.,0.,-1.));
#3608=DIRECTION('ref_axis',(-1.,0.,0.));
#3609=DIRECTION('',(0.,0.,-1.));
#3610=DIRECTION('center_axis',(0.,0.,-1.));
#3611=DIRECTION('ref_axis',(-1.,0.,0.));
#3612=DIRECTION('center_axis',(0.,0.,1.));
#3613=DIRECTION('ref_axis',(-1.,0.,0.));
#3614=DIRECTION('center_axis',(0.,0.,-1.));
#3615=DIRECTION('ref_axis',(1.,1.22464679914735E-16,0.));
#3616=DIRECTION('center_axis',(0.,0.,-1.));
#3617=DIRECTION('ref_axis',(-1.,0.,0.));
#3618=DIRECTION('',(0.,0.,-1.));
#3619=DIRECTION('center_axis',(0.,0.,-1.));
#3620=DIRECTION('ref_axis',(-1.,0.,0.));
#3621=DIRECTION('',(0.,0.,-1.));
#3622=DIRECTION('center_axis',(-0.514495755427526,0.857492925712544,0.));
#3623=DIRECTION('ref_axis',(0.857492925712544,0.514495755427526,0.));
#3624=DIRECTION('',(0.857492925712544,0.514495755427526,0.));
#3625=DIRECTION('',(0.,0.,-1.));
#3626=DIRECTION('',(0.857492925712544,0.514495755427526,0.));
#3627=DIRECTION('center_axis',(0.,0.,-1.));
#3628=DIRECTION('ref_axis',(1.,5.66553889764798E-16,0.));
#3629=DIRECTION('center_axis',(0.,0.,1.));
#3630=DIRECTION('ref_axis',(-1.,0.,0.));
#3631=DIRECTION('',(0.,0.,-1.));
#3632=DIRECTION('center_axis',(0.,0.,1.));
#3633=DIRECTION('ref_axis',(-1.,0.,0.));
#3634=DIRECTION('center_axis',(-0.514495755427526,-0.857492925712544,0.));
#3635=DIRECTION('ref_axis',(-0.857492925712544,0.514495755427526,0.));
#3636=DIRECTION('',(-0.857492925712544,0.514495755427526,0.));
#3637=DIRECTION('',(-0.857492925712544,0.514495755427526,0.));
#3638=DIRECTION('center_axis',(0.,0.,1.));
#3639=DIRECTION('ref_axis',(-1.,0.,0.));
#3640=DIRECTION('center_axis',(0.,0.,-1.));
#3641=DIRECTION('ref_axis',(-1.,0.,0.));
#3642=DIRECTION('center_axis',(0.,0.,-1.));
#3643=DIRECTION('ref_axis',(-1.,0.,0.));
#3644=DIRECTION('',(0.,0.,-1.));
#3645=DIRECTION('center_axis',(0.,0.,-1.));
#3646=DIRECTION('ref_axis',(-1.,0.,0.));
#3647=DIRECTION('',(0.,0.,-1.));
#3648=DIRECTION('center_axis',(0.514495755427526,-0.857492925712544,0.));
#3649=DIRECTION('ref_axis',(-0.857492925712544,-0.514495755427526,0.));
#3650=DIRECTION('',(-0.857492925712544,-0.514495755427526,0.));
#3651=DIRECTION('',(0.,0.,-1.));
#3652=DIRECTION('',(-0.857492925712544,-0.514495755427526,0.));
#3653=DIRECTION('center_axis',(0.,0.,-1.));
#3654=DIRECTION('ref_axis',(-1.,0.,0.));
#3655=DIRECTION('center_axis',(0.,0.,1.));
#3656=DIRECTION('ref_axis',(-1.,0.,0.));
#3657=DIRECTION('',(0.,0.,-1.));
#3658=DIRECTION('center_axis',(0.,0.,1.));
#3659=DIRECTION('ref_axis',(-1.,0.,0.));
#3660=DIRECTION('center_axis',(0.514495755427526,0.857492925712544,0.));
#3661=DIRECTION('ref_axis',(0.857492925712544,-0.514495755427526,0.));
#3662=DIRECTION('',(0.857492925712544,-0.514495755427526,0.));
#3663=DIRECTION('',(0.857492925712544,-0.514495755427526,0.));
#3664=DIRECTION('center_axis',(0.,0.,1.));
#3665=DIRECTION('ref_axis',(-1.,0.,0.));
#3666=DIRECTION('center_axis',(0.,0.,-1.));
#3667=DIRECTION('ref_axis',(1.,5.66553889764798E-16,0.));
#3668=DIRECTION('center_axis',(0.,0.,-1.));
#3669=DIRECTION('ref_axis',(-1.,0.,0.));
#3670=DIRECTION('',(0.,0.,-1.));
#3671=DIRECTION('center_axis',(0.,0.,-1.));
#3672=DIRECTION('ref_axis',(-1.,0.,0.));
#3673=DIRECTION('',(0.,0.,-1.));
#3674=DIRECTION('center_axis',(-0.514495755427526,0.857492925712544,0.));
#3675=DIRECTION('ref_axis',(0.857492925712544,0.514495755427526,0.));
#3676=DIRECTION('',(0.857492925712544,0.514495755427526,0.));
#3677=DIRECTION('',(0.,0.,-1.));
#3678=DIRECTION('',(0.857492925712544,0.514495755427526,0.));
#3679=DIRECTION('center_axis',(0.,0.,-1.));
#3680=DIRECTION('ref_axis',(1.,1.89882151931499E-15,0.));
#3681=DIRECTION('center_axis',(0.,0.,1.));
#3682=DIRECTION('ref_axis',(-1.,0.,0.));
#3683=DIRECTION('',(0.,0.,-1.));
#3684=DIRECTION('center_axis',(0.,0.,1.));
#3685=DIRECTION('ref_axis',(-1.,0.,0.));
#3686=DIRECTION('center_axis',(-0.514495755427526,-0.857492925712544,0.));
#3687=DIRECTION('ref_axis',(-0.857492925712544,0.514495755427526,0.));
#3688=DIRECTION('',(-0.857492925712544,0.514495755427526,0.));
#3689=DIRECTION('',(-0.857492925712544,0.514495755427526,0.));
#3690=DIRECTION('center_axis',(0.,0.,1.));
#3691=DIRECTION('ref_axis',(-1.,0.,0.));
#3692=DIRECTION('center_axis',(0.,0.,-1.));
#3693=DIRECTION('ref_axis',(1.,5.66553889764798E-16,0.));
#3694=DIRECTION('center_axis',(0.,0.,-1.));
#3695=DIRECTION('ref_axis',(-1.,0.,0.));
#3696=DIRECTION('',(0.,0.,-1.));
#3697=DIRECTION('center_axis',(0.,0.,-1.));
#3698=DIRECTION('ref_axis',(-1.,0.,0.));
#3699=DIRECTION('',(0.,0.,-1.));
#3700=DIRECTION('center_axis',(-0.514495755427526,0.857492925712544,0.));
#3701=DIRECTION('ref_axis',(0.857492925712544,0.514495755427526,0.));
#3702=DIRECTION('',(0.857492925712544,0.514495755427526,0.));
#3703=DIRECTION('',(0.,0.,-1.));
#3704=DIRECTION('',(0.857492925712544,0.514495755427526,0.));
#3705=DIRECTION('center_axis',(0.,0.,-1.));
#3706=DIRECTION('ref_axis',(1.,1.22464679914735E-16,0.));
#3707=DIRECTION('center_axis',(0.,0.,1.));
#3708=DIRECTION('ref_axis',(-1.,0.,0.));
#3709=DIRECTION('',(0.,0.,-1.));
#3710=DIRECTION('center_axis',(0.,0.,1.));
#3711=DIRECTION('ref_axis',(-1.,0.,0.));
#3712=DIRECTION('center_axis',(-0.514495755427526,-0.857492925712544,0.));
#3713=DIRECTION('ref_axis',(-0.857492925712544,0.514495755427526,0.));
#3714=DIRECTION('',(-0.857492925712544,0.514495755427526,0.));
#3715=DIRECTION('',(-0.857492925712544,0.514495755427526,0.));
#3716=DIRECTION('center_axis',(0.,0.,1.));
#3717=DIRECTION('ref_axis',(-1.,0.,0.));
#3718=DIRECTION('center_axis',(0.,0.,-1.));
#3719=DIRECTION('ref_axis',(-1.,0.,0.));
#3720=DIRECTION('center_axis',(0.,0.,-1.));
#3721=DIRECTION('ref_axis',(-1.,0.,0.));
#3722=DIRECTION('',(0.,0.,-1.));
#3723=DIRECTION('center_axis',(0.,0.,-1.));
#3724=DIRECTION('ref_axis',(-1.,0.,0.));
#3725=DIRECTION('',(0.,0.,-1.));
#3726=DIRECTION('center_axis',(0.514495755427526,-0.857492925712544,0.));
#3727=DIRECTION('ref_axis',(-0.857492925712544,-0.514495755427526,0.));
#3728=DIRECTION('',(-0.857492925712544,-0.514495755427526,0.));
#3729=DIRECTION('',(0.,0.,-1.));
#3730=DIRECTION('',(-0.857492925712544,-0.514495755427526,0.));
#3731=DIRECTION('center_axis',(0.,0.,-1.));
#3732=DIRECTION('ref_axis',(-1.,0.,0.));
#3733=DIRECTION('center_axis',(0.,0.,1.));
#3734=DIRECTION('ref_axis',(-1.,0.,0.));
#3735=DIRECTION('',(0.,0.,-1.));
#3736=DIRECTION('center_axis',(0.,0.,1.));
#3737=DIRECTION('ref_axis',(-1.,0.,0.));
#3738=DIRECTION('center_axis',(0.514495755427526,0.857492925712544,0.));
#3739=DIRECTION('ref_axis',(0.857492925712544,-0.514495755427526,0.));
#3740=DIRECTION('',(0.857492925712544,-0.514495755427526,0.));
#3741=DIRECTION('',(0.857492925712544,-0.514495755427526,0.));
#3742=DIRECTION('center_axis',(0.,0.,1.));
#3743=DIRECTION('ref_axis',(-1.,0.,0.));
#3744=DIRECTION('center_axis',(0.,0.,1.));
#3745=DIRECTION('ref_axis',(1.,0.,0.));
#3746=DIRECTION('center_axis',(1.,0.,0.));
#3747=DIRECTION('ref_axis',(0.,1.,0.));
#3748=DIRECTION('center_axis',(0.,0.,-1.));
#3749=DIRECTION('ref_axis',(0.707106781186548,0.707106781186548,0.));
#3750=DIRECTION('center_axis',(0.,-1.,0.));
#3751=DIRECTION('ref_axis',(1.,0.,0.));
#3752=DIRECTION('center_axis',(0.,0.,1.));
#3753=DIRECTION('ref_axis',(0.707106781186548,0.707106781186548,0.));
#3754=DIRECTION('center_axis',(-1.,0.,0.));
#3755=DIRECTION('ref_axis',(0.,0.707106781186544,0.707106781186551));
#3756=DIRECTION('',(1.,0.,0.));
#3757=DIRECTION('center_axis',(1.,0.,0.));
#3758=DIRECTION('ref_axis',(0.,1.,0.));
#3759=DIRECTION('center_axis',(0.,0.,1.));
#3760=DIRECTION('ref_axis',(1.,0.,0.));
#3761=DIRECTION('center_axis',(0.,0.,1.));
#3762=DIRECTION('ref_axis',(1.,0.,0.));
#3763=DIRECTION('center_axis',(0.,0.,1.));
#3764=DIRECTION('ref_axis',(1.,0.,0.));
#3765=DIRECTION('center_axis',(0.,1.,0.));
#3766=DIRECTION('ref_axis',(-1.,0.,0.));
#3767=DIRECTION('center_axis',(0.,0.,-1.));
#3768=DIRECTION('ref_axis',(-0.707106781186548,0.707106781186548,0.));
#3769=DIRECTION('center_axis',(0.,0.,1.));
#3770=DIRECTION('ref_axis',(-0.707106781186548,0.707106781186548,0.));
#3771=DIRECTION('center_axis',(1.11022302462516E-16,-1.,0.));
#3772=DIRECTION('ref_axis',(-0.707106781186544,0.,0.707106781186551));
#3773=DIRECTION('',(-1.11022302462516E-16,1.,0.));
#3774=DIRECTION('center_axis',(0.,1.,0.));
#3775=DIRECTION('ref_axis',(-1.,0.,0.));
#3776=DIRECTION('center_axis',(0.,0.,1.));
#3777=DIRECTION('ref_axis',(0.,1.,0.));
#3778=DIRECTION('center_axis',(0.,0.,1.));
#3779=DIRECTION('ref_axis',(0.,1.,0.));
#3780=DIRECTION('center_axis',(0.,0.,1.));
#3781=DIRECTION('ref_axis',(1.,0.,0.));
#3782=DIRECTION('center_axis',(-1.,0.,0.));
#3783=DIRECTION('ref_axis',(0.,-1.,0.));
#3784=DIRECTION('center_axis',(0.,0.,-1.));
#3785=DIRECTION('ref_axis',(-0.707106781186548,-0.707106781186547,0.));
#3786=DIRECTION('center_axis',(0.,0.,1.));
#3787=DIRECTION('ref_axis',(-0.707106781186548,-0.707106781186547,0.));
#3788=DIRECTION('center_axis',(1.,-6.34413156928661E-17,0.));
#3789=DIRECTION('ref_axis',(0.,-0.707106781186548,0.707106781186548));
#3790=DIRECTION('',(-1.,6.34413156928661E-17,0.));
#3791=DIRECTION('',(1.,-6.34413156928661E-17,0.));
#3792=DIRECTION('center_axis',(-1.,8.88178419700117E-15,0.));
#3793=DIRECTION('ref_axis',(-8.88178419700117E-15,-1.,0.));
#3794=DIRECTION('center_axis',(0.,0.,1.));
#3795=DIRECTION('ref_axis',(-1.,1.77635683940025E-15,0.));
#3796=DIRECTION('center_axis',(0.,0.,1.));
#3797=DIRECTION('ref_axis',(-1.,1.77635683940025E-15,0.));
#3798=DIRECTION('',(0.,0.,1.));
#3799=DIRECTION('center_axis',(0.,0.,1.));
#3800=DIRECTION('ref_axis',(1.,0.,0.));
#3801=DIRECTION('center_axis',(4.44089209850064E-15,-1.,0.));
#3802=DIRECTION('ref_axis',(1.,4.44089209850064E-15,0.));
#3803=DIRECTION('center_axis',(0.,0.,-1.));
#3804=DIRECTION('ref_axis',(0.707106781186548,-0.707106781186547,0.));
#3805=DIRECTION('center_axis',(0.,0.,1.));
#3806=DIRECTION('ref_axis',(0.707106781186548,-0.707106781186547,0.));
#3807=DIRECTION('center_axis',(0.,1.,0.));
#3808=DIRECTION('ref_axis',(0.707106781186544,0.,0.707106781186551));
#3809=DIRECTION('',(0.,-1.,0.));
#3810=DIRECTION('center_axis',(0.,0.,1.));
#3811=DIRECTION('ref_axis',(0.,-1.,0.));
#3812=DIRECTION('',(0.,0.,1.));
#3813=DIRECTION('center_axis',(0.,0.,1.));
#3814=DIRECTION('ref_axis',(0.,-1.,0.));
#3815=DIRECTION('center_axis',(0.,0.,1.));
#3816=DIRECTION('ref_axis',(1.,0.,0.));
#3817=DIRECTION('center_axis',(-6.34413156928661E-17,-1.,0.));
#3818=DIRECTION('ref_axis',(1.,-6.34413156928661E-17,0.));
#3819=DIRECTION('',(-1.,6.34413156928661E-17,0.));
#3820=DIRECTION('center_axis',(0.,0.,1.));
#3821=DIRECTION('ref_axis',(1.,0.,0.));
#3822=CARTESIAN_POINT('',(0.,0.,0.));
#3823=CARTESIAN_POINT('Origin',(24.999415651954,35.0574515214264,36.));
#3824=CARTESIAN_POINT('',(30.5028818668534,35.0574515214264,37.));
#3825=CARTESIAN_POINT('Origin',(24.999415651954,35.0574515214264,37.));
#3826=CARTESIAN_POINT('',(29.5063361086085,35.0574515214264,36.0830454798537));
#3827=CARTESIAN_POINT('Origin',(30.5028818668534,35.0574515214264,36.));
#3828=CARTESIAN_POINT('Origin',(24.999415651954,35.0574515214264,36.0830454798537));
#3829=CARTESIAN_POINT('Origin',(8.88178419700125E-15,33.3309518948453,37.));
#3830=CARTESIAN_POINT('',(70.,48.,37.));
#3831=CARTESIAN_POINT('',(-70.,48.,37.));
#3832=CARTESIAN_POINT('',(27.7817468419245,48.,37.));
#3833=CARTESIAN_POINT('',(73.,45.,37.));
#3834=CARTESIAN_POINT('Origin',(70.,45.,37.));
#3835=CARTESIAN_POINT('',(73.,-35.,37.));
#3836=CARTESIAN_POINT('',(73.,-11.6690481051547,37.));
#3837=CARTESIAN_POINT('',(70.,-38.,37.));
#3838=CARTESIAN_POINT('Origin',(70.,-35.,37.));
#3839=CARTESIAN_POINT('',(-70.,-38.,37.));
#3840=CARTESIAN_POINT('',(-27.7817468419245,-38.,37.));
#3841=CARTESIAN_POINT('',(-73.,-35.,37.));
#3842=CARTESIAN_POINT('Origin',(-70.,-35.,37.));
#3843=CARTESIAN_POINT('',(-73.,45.,37.));
#3844=CARTESIAN_POINT('',(-73.,21.6690481051547,37.));
#3845=CARTESIAN_POINT('Origin',(-70.,45.,37.));
#3846=CARTESIAN_POINT('',(15.6337067680276,18.8662945134718,36.9999999999997));
#3847=CARTESIAN_POINT('Origin',(13.1337067680276,18.8662945134718,36.9999999999998));
#3848=CARTESIAN_POINT('',(19.9337062762901,-18.4337062762897,36.9999999999996));
#3849=CARTESIAN_POINT('Origin',(17.4337062762901,-18.4337062762897,36.9999999999997));
#3850=CARTESIAN_POINT('',(-14.66629372371,-18.4337062762905,37.0000000000003));
#3851=CARTESIAN_POINT('Origin',(-17.16629372371,-18.4337062762905,37.0000000000003));
#3852=CARTESIAN_POINT('',(-19.4971181331467,35.0574515214266,37.));
#3853=CARTESIAN_POINT('Origin',(-25.0005843480461,35.0574515214266,37.));
#3854=CARTESIAN_POINT('',(-10.3662936194026,18.8662945134712,37.0000000000002));
#3855=CARTESIAN_POINT('Origin',(-12.8662936194026,18.8662945134712,37.0000000000002));
#3856=CARTESIAN_POINT('',(-3.70378763271768,37.8731425851502,37.));
#3857=CARTESIAN_POINT('',(3.7962123672823,37.8731425851504,37.));
#3858=CARTESIAN_POINT('Origin',(0.046212367282284,39.2650836758578,37.));
#3859=CARTESIAN_POINT('',(11.5462123672823,39.265083675858,37.));
#3860=CARTESIAN_POINT('Origin',(7.54621236728227,39.265083675858,37.));
#3861=CARTESIAN_POINT('',(3.79621236728225,40.6570247665654,37.));
#3862=CARTESIAN_POINT('Origin',(7.54621236728227,39.265083675858,37.));
#3863=CARTESIAN_POINT('',(-3.70378763271773,40.6570247665653,37.));
#3864=CARTESIAN_POINT('Origin',(0.046212367282284,39.2650836758578,37.));
#3865=CARTESIAN_POINT('Origin',(-7.4537876327177,39.2650836758577,37.));
#3866=CARTESIAN_POINT('Origin',(24.999415651954,35.0574515214264,30.));
#3867=CARTESIAN_POINT('',(28.6548565309344,35.0574515214264,25.865290547765));
#3868=CARTESIAN_POINT('',(28.999415651954,35.0574515214264,30.));
#3869=CARTESIAN_POINT('',(21.3439747729736,35.0574515214264,25.865290547765));
#3870=CARTESIAN_POINT('Origin',(24.999415651954,35.0574515214264,25.865290547765));
#3871=CARTESIAN_POINT('Origin',(24.999415651954,35.0574515214264,25.865290547765));
#3872=CARTESIAN_POINT('Origin',(-25.0005843480461,35.0574515214266,36.));
#3873=CARTESIAN_POINT('',(-20.4936638913916,35.0574515214266,36.0830454798537));
#3874=CARTESIAN_POINT('Origin',(-19.4971181331467,35.0574515214266,36.));
#3875=CARTESIAN_POINT('Origin',(-25.0005843480461,35.0574515214266,36.0830454798537));
#3876=CARTESIAN_POINT('Origin',(-25.0005843480461,35.0574515214266,30.));
#3877=CARTESIAN_POINT('',(-21.3451434690657,35.0574515214266,25.865290547765));
#3878=CARTESIAN_POINT('',(-21.0005843480461,35.0574515214266,30.));
#3879=CARTESIAN_POINT('',(-28.6560252270265,35.0574515214266,25.865290547765));
#3880=CARTESIAN_POINT('Origin',(-25.0005843480461,35.0574515214266,25.865290547765));
#3881=CARTESIAN_POINT('Origin',(-25.0005843480461,35.0574515214266,25.865290547765));
#3882=CARTESIAN_POINT('Origin',(-75.,38.3380962103094,0.));
#3883=CARTESIAN_POINT('',(-75.,45.,38.));
#3884=CARTESIAN_POINT('',(-75.,-35.,38.));
#3885=CARTESIAN_POINT('',(-75.,21.6690481051547,38.));
#3886=CARTESIAN_POINT('',(-75.,45.,0.));
#3887=CARTESIAN_POINT('',(-75.,45.,0.));
#3888=CARTESIAN_POINT('',(-75.,-35.,0.));
#3889=CARTESIAN_POINT('',(-75.,-35.,0.));
#3890=CARTESIAN_POINT('',(-75.,-35.,0.));
#3891=CARTESIAN_POINT('Origin',(55.563493683849,50.,0.));
#3892=CARTESIAN_POINT('',(70.,50.,38.));
#3893=CARTESIAN_POINT('',(-70.,50.,38.));
#3894=CARTESIAN_POINT('',(27.7817468419245,50.,38.));
#3895=CARTESIAN_POINT('',(70.,50.,0.));
#3896=CARTESIAN_POINT('',(70.,50.,0.));
#3897=CARTESIAN_POINT('',(-70.,50.,0.));
#3898=CARTESIAN_POINT('',(-70.,50.,0.));
#3899=CARTESIAN_POINT('',(-70.,50.,0.));
#3900=CARTESIAN_POINT('',(46.5000007450581,50.,15.5000002235174));
#3901=CARTESIAN_POINT('',(46.5000007450581,50.,14.5000002235174));
#3902=CARTESIAN_POINT('',(46.5000007450581,50.,7.75000011175871));
#3903=CARTESIAN_POINT('',(47.5000007450581,50.,13.5000002235174));
#3904=CARTESIAN_POINT('Origin',(47.5000007450581,50.,14.5000002235174));
#3905=CARTESIAN_POINT('',(52.5000007450581,50.,13.5000002235174));
#3906=CARTESIAN_POINT('',(51.5317472144535,50.,13.5000002235174));
#3907=CARTESIAN_POINT('',(53.5000007450581,50.,14.5000002235174));
#3908=CARTESIAN_POINT('Origin',(52.5000007450581,50.,14.5000002235174));
#3909=CARTESIAN_POINT('',(53.5000007450581,50.,15.5000002235174));
#3910=CARTESIAN_POINT('',(53.5000007450581,50.,7.25000011175871));
#3911=CARTESIAN_POINT('',(52.5000007450581,50.,16.5000002235174));
#3912=CARTESIAN_POINT('Origin',(52.5000007450581,50.,15.5000002235174));
#3913=CARTESIAN_POINT('',(47.5000007450581,50.,16.5000002235174));
#3914=CARTESIAN_POINT('',(54.0317472144535,50.,16.5000002235174));
#3915=CARTESIAN_POINT('Origin',(47.5000007450581,50.,15.5000002235174));
#3916=CARTESIAN_POINT('',(2.74999983236194,50.,14.0499997027218));
#3917=CARTESIAN_POINT('',(2.74999983236194,50.,12.5499997027218));
#3918=CARTESIAN_POINT('',(2.74999983236194,50.,7.02499985136092));
#3919=CARTESIAN_POINT('',(3.74999983236194,50.,11.5499997027218));
#3920=CARTESIAN_POINT('Origin',(3.74999983236194,50.,12.5499997027218));
#3921=CARTESIAN_POINT('',(11.2499998323619,50.,11.5499997027218));
#3922=CARTESIAN_POINT('',(29.6567467581055,50.,11.5499997027218));
#3923=CARTESIAN_POINT('',(12.2499998323619,50.,12.5499997027218));
#3924=CARTESIAN_POINT('Origin',(11.2499998323619,50.,12.5499997027218));
#3925=CARTESIAN_POINT('',(12.2499998323619,50.,14.0499997027218));
#3926=CARTESIAN_POINT('',(12.2499998323619,50.,6.27499985136092));
#3927=CARTESIAN_POINT('',(11.2499998323619,50.,15.0499997027218));
#3928=CARTESIAN_POINT('Origin',(11.2499998323619,50.,14.0499997027218));
#3929=CARTESIAN_POINT('',(3.74999983236194,50.,15.0499997027218));
#3930=CARTESIAN_POINT('',(33.4067467581055,50.,15.0499997027218));
#3931=CARTESIAN_POINT('Origin',(3.74999983236194,50.,14.0499997027218));
#3932=CARTESIAN_POINT('',(16.0000002384186,50.,12.5000001862645));
#3933=CARTESIAN_POINT('Origin',(15.0000002235174,50.,12.5000001862645));
#3934=CARTESIAN_POINT('',(1.00000001490116,50.,12.5000001862645));
#3935=CARTESIAN_POINT('Origin',(0.,50.,12.5000001862645));
#3936=CARTESIAN_POINT('',(-14.0000002086163,50.,12.5000001862645));
#3937=CARTESIAN_POINT('Origin',(-15.0000002235174,50.,12.5000001862645));
#3938=CARTESIAN_POINT('',(-20.030718696092,50.0000000000004,15.1500000000005));
#3939=CARTESIAN_POINT('Origin',(-22.530718696092,50.0000000000004,15.1500000000005));
#3940=CARTESIAN_POINT('',(24.9692813039081,50.0000000000001,15.1500000000005));
#3941=CARTESIAN_POINT('Origin',(22.4692813039081,50.0000000000001,15.1500000000005));
#3942=CARTESIAN_POINT('Origin',(75.,-28.3380962103094,0.));
#3943=CARTESIAN_POINT('',(75.,45.,38.));
#3944=CARTESIAN_POINT('',(75.,-35.,38.));
#3945=CARTESIAN_POINT('',(75.,-11.6690481051547,38.));
#3946=CARTESIAN_POINT('',(75.,-35.,0.));
#3947=CARTESIAN_POINT('',(75.,-35.,0.));
#3948=CARTESIAN_POINT('',(75.,45.,0.));
#3949=CARTESIAN_POINT('',(75.,45.,0.));
#3950=CARTESIAN_POINT('',(75.,45.,0.));
#3951=CARTESIAN_POINT('Origin',(50.0000007450581,48.5,15.0000002235174));
#3952=CARTESIAN_POINT('',(50.0000007450581,46.5,21.3139930091806));
#3953=CARTESIAN_POINT('Origin',(50.0000007450581,46.5,15.0000002235174));
#3954=CARTESIAN_POINT('',(50.0000007450581,47.25,22.8752425087802));
#3955=CARTESIAN_POINT('Origin',(50.0000007450581,48.5,21.3139930091806));
#3956=CARTESIAN_POINT('',(42.1247584597952,47.25,15.0000002080216));
#3957=CARTESIAN_POINT('Origin',(50.0000007450581,47.25,15.0000002235174));
#3958=CARTESIAN_POINT('Origin',(50.0000007450581,47.25,15.0000002235174));
#3959=CARTESIAN_POINT('Origin',(50.0000007450581,46.5,15.0000002235174));
#3960=CARTESIAN_POINT('',(47.5000007450581,46.5,13.5000002235174));
#3961=CARTESIAN_POINT('',(46.5000007450581,46.5,14.5000002235174));
#3962=CARTESIAN_POINT('Origin',(47.5000007450581,46.5,14.5000002235174));
#3963=CARTESIAN_POINT('',(46.5000007450581,46.5,15.5000002235174));
#3964=CARTESIAN_POINT('',(46.5000007450581,46.5,15.5000002235174));
#3965=CARTESIAN_POINT('',(47.5000007450581,46.5,16.5000002235174));
#3966=CARTESIAN_POINT('Origin',(47.5000007450581,46.5,15.5000002235174));
#3967=CARTESIAN_POINT('',(52.5000007450581,46.5,16.5000002235174));
#3968=CARTESIAN_POINT('',(52.5000007450581,46.5,16.5000002235174));
#3969=CARTESIAN_POINT('',(53.5000007450581,46.5,15.5000002235174));
#3970=CARTESIAN_POINT('Origin',(52.5000007450581,46.5,15.5000002235174));
#3971=CARTESIAN_POINT('',(53.5000007450581,46.5,14.5000002235174));
#3972=CARTESIAN_POINT('',(53.5000007450581,46.5,14.5000002235174));
#3973=CARTESIAN_POINT('',(52.5000007450581,46.5,13.5000002235174));
#3974=CARTESIAN_POINT('Origin',(52.5000007450581,46.5,14.5000002235174));
#3975=CARTESIAN_POINT('',(47.5000007450581,46.5,13.5000002235174));
#3976=CARTESIAN_POINT('Origin',(50.0000007450581,46.,15.0000002235174));
#3977=CARTESIAN_POINT('',(40.5635089601956,48.,15.0000002049495));
#3978=CARTESIAN_POINT('Origin',(50.0000007450581,48.,15.0000002235174));
#3979=CARTESIAN_POINT('Origin',(40.5635089601956,46.,15.0000002049495));
#3980=CARTESIAN_POINT('Origin',(55.563493683849,48.,0.));
#3981=CARTESIAN_POINT('',(-70.,48.,15.));
#3982=CARTESIAN_POINT('',(-70.,48.,0.));
#3983=CARTESIAN_POINT('',(-65.0000009685755,48.,15.));
#3984=CARTESIAN_POINT('',(-6.96825340021937,48.,15.));
#3985=CARTESIAN_POINT('',(-65.0000009685755,48.,5.));
#3986=CARTESIAN_POINT('',(-65.0000009685755,48.,2.5));
#3987=CARTESIAN_POINT('',(-70.,48.,5.));
#3988=CARTESIAN_POINT('',(-6.96825340021937,48.,5.));
#3989=CARTESIAN_POINT('',(-70.,48.,0.));
#3990=CARTESIAN_POINT('',(-70.,48.,0.));
#3991=CARTESIAN_POINT('',(70.,48.,0.));
#3992=CARTESIAN_POINT('',(4.17262026288675,48.,0.));
#3993=CARTESIAN_POINT('',(70.,48.,5.));
#3994=CARTESIAN_POINT('',(70.,48.,0.));
#3995=CARTESIAN_POINT('',(65.0000005960464,48.,5.));
#3996=CARTESIAN_POINT('',(62.5317470840684,48.,5.));
#3997=CARTESIAN_POINT('',(65.0000005960464,48.,15.));
#3998=CARTESIAN_POINT('',(65.0000005960464,48.,2.5));
#3999=CARTESIAN_POINT('',(70.,48.,15.));
#4000=CARTESIAN_POINT('',(62.5317470840684,48.,15.));
#4001=CARTESIAN_POINT('',(70.,48.,0.));
#4002=CARTESIAN_POINT('',(24.9692813039081,48.0000000000001,15.1500000000005));
#4003=CARTESIAN_POINT('Origin',(22.4692813039081,48.0000000000001,15.1500000000005));
#4004=CARTESIAN_POINT('',(-20.030718696092,48.0000000000004,15.1500000000005));
#4005=CARTESIAN_POINT('Origin',(-22.530718696092,48.0000000000004,15.1500000000005));
#4006=CARTESIAN_POINT('',(-14.0000002086163,48.,12.5000001862645));
#4007=CARTESIAN_POINT('Origin',(-15.0000002235174,48.,12.5000001862645));
#4008=CARTESIAN_POINT('',(1.00000001490116,48.,12.5000001862645));
#4009=CARTESIAN_POINT('Origin',(0.,48.,12.5000001862645));
#4010=CARTESIAN_POINT('',(16.0000002384186,48.,12.5000001862645));
#4011=CARTESIAN_POINT('Origin',(15.0000002235174,48.,12.5000001862645));
#4012=CARTESIAN_POINT('',(2.74999983236194,48.,12.5499997027218));
#4013=CARTESIAN_POINT('',(2.74999983236194,48.,14.0499997027218));
#4014=CARTESIAN_POINT('',(2.74999983236194,48.,7.02499985136092));
#4015=CARTESIAN_POINT('',(3.74999983236194,48.,15.0499997027218));
#4016=CARTESIAN_POINT('Origin',(3.74999983236194,48.,14.0499997027218));
#4017=CARTESIAN_POINT('',(11.2499998323619,48.,15.0499997027218));
#4018=CARTESIAN_POINT('',(33.4067467581055,48.,15.0499997027218));
#4019=CARTESIAN_POINT('',(12.2499998323619,48.,14.0499997027218));
#4020=CARTESIAN_POINT('Origin',(11.2499998323619,48.,14.0499997027218));
#4021=CARTESIAN_POINT('',(12.2499998323619,48.,12.5499997027218));
#4022=CARTESIAN_POINT('',(12.2499998323619,48.,6.27499985136092));
#4023=CARTESIAN_POINT('',(11.2499998323619,48.,11.5499997027218));
#4024=CARTESIAN_POINT('Origin',(11.2499998323619,48.,12.5499997027218));
#4025=CARTESIAN_POINT('',(3.74999983236194,48.,11.5499997027218));
#4026=CARTESIAN_POINT('',(29.6567467581055,48.,11.5499997027218));
#4027=CARTESIAN_POINT('Origin',(3.74999983236194,48.,12.5499997027218));
#4028=CARTESIAN_POINT('Origin',(53.5000007450581,50.,14.5000002235174));
#4029=CARTESIAN_POINT('',(53.5000007450581,50.,15.5000002235174));
#4030=CARTESIAN_POINT('',(53.5000007450581,50.,14.5000002235174));
#4031=CARTESIAN_POINT('Origin',(52.5000007450581,50.,14.5000002235174));
#4032=CARTESIAN_POINT('',(52.5000007450581,50.,13.5000002235174));
#4033=CARTESIAN_POINT('Origin',(47.5000007450581,50.,13.5000002235174));
#4034=CARTESIAN_POINT('',(47.5000007450581,50.,13.5000002235174));
#4035=CARTESIAN_POINT('Origin',(47.5000007450581,50.,14.5000002235174));
#4036=CARTESIAN_POINT('',(46.5000007450581,50.,14.5000002235174));
#4037=CARTESIAN_POINT('Origin',(46.5000007450581,50.,15.5000002235174));
#4038=CARTESIAN_POINT('',(46.5000007450581,50.,15.5000002235174));
#4039=CARTESIAN_POINT('Origin',(47.5000007450581,50.,15.5000002235174));
#4040=CARTESIAN_POINT('',(47.5000007450581,50.,16.5000002235174));
#4041=CARTESIAN_POINT('Origin',(52.5000007450581,50.,16.5000002235174));
#4042=CARTESIAN_POINT('',(52.5000007450581,50.,16.5000002235174));
#4043=CARTESIAN_POINT('Origin',(52.5000007450581,50.,15.5000002235174));
#4044=CARTESIAN_POINT('Origin',(-69.5000004842878,-34.5000004842878,5.));
#4045=CARTESIAN_POINT('',(-70.,-38.,5.));
#4046=CARTESIAN_POINT('',(-65.0000005960465,-38.,5.));
#4047=CARTESIAN_POINT('',(-62.5317470840684,-38.,5.));
#4048=CARTESIAN_POINT('',(-73.,-35.,5.));
#4049=CARTESIAN_POINT('Origin',(-70.,-35.,5.));
#4050=CARTESIAN_POINT('',(-73.,-30.0000009685755,5.));
#4051=CARTESIAN_POINT('',(-73.,1.91904786301082,5.));
#4052=CARTESIAN_POINT('',(-68.5026038485779,-30.0000009685755,5.));
#4053=CARTESIAN_POINT('',(-74.0000005960465,-30.0000009685755,5.));
#4054=CARTESIAN_POINT('',(-65.0000005960465,-33.5020426269341,5.));
#4055=CARTESIAN_POINT('Origin',(-68.5,-33.5,5.));
#4056=CARTESIAN_POINT('',(-65.0000005960465,-33.4979573730626,5.));
#4057=CARTESIAN_POINT('',(-67.25,-33.5,5.));
#4058=CARTESIAN_POINT('Origin',(-68.5,-33.5,5.));
#4059=CARTESIAN_POINT('Origin',(-68.5026038485779,-30.0000009685755,5.));
#4060=CARTESIAN_POINT('',(-73.,-30.0000009685755,15.));
#4061=CARTESIAN_POINT('',(-73.,-30.0000009685755,2.5));
#4062=CARTESIAN_POINT('',(-68.5026038485779,-30.0000009685755,15.));
#4063=CARTESIAN_POINT('',(-74.0000005960465,-30.0000009685755,15.));
#4064=CARTESIAN_POINT('',(-68.5026038485779,-30.0000009685755,5.));
#4065=CARTESIAN_POINT('Origin',(-68.5,-33.5,5.));
#4066=CARTESIAN_POINT('',(-67.25,-33.5,15.));
#4067=CARTESIAN_POINT('Origin',(-68.5,-33.5,15.));
#4068=CARTESIAN_POINT('',(-67.25,-33.5,5.));
#4069=CARTESIAN_POINT('Origin',(-65.0000005960465,-39.0000009685755,5.));
#4070=CARTESIAN_POINT('',(-65.0000005960465,-38.,15.));
#4071=CARTESIAN_POINT('',(-65.0000005960465,-38.,2.5));
#4072=CARTESIAN_POINT('',(-65.0000005960465,-33.5020426269341,15.));
#4073=CARTESIAN_POINT('',(-65.0000005960465,-33.5020426269341,5.));
#4074=CARTESIAN_POINT('',(-65.0000005960465,-33.4979573730626,15.));
#4075=CARTESIAN_POINT('Origin',(-68.5,-33.5,5.));
#4076=CARTESIAN_POINT('Origin',(-68.5,-33.5,15.));
#4077=CARTESIAN_POINT('Origin',(-69.5000004842878,-34.5000004842878,15.));
#4078=CARTESIAN_POINT('',(-70.,-38.,15.));
#4079=CARTESIAN_POINT('',(-62.5317470840684,-38.,15.));
#4080=CARTESIAN_POINT('',(-73.,-35.,15.));
#4081=CARTESIAN_POINT('',(-73.,1.91904786301082,15.));
#4082=CARTESIAN_POINT('Origin',(-70.,-35.,15.));
#4083=CARTESIAN_POINT('Origin',(-55.563493683849,-38.,0.));
#4084=CARTESIAN_POINT('',(70.,-38.,15.));
#4085=CARTESIAN_POINT('',(70.,-38.,0.));
#4086=CARTESIAN_POINT('',(65.0000009685755,-38.,15.));
#4087=CARTESIAN_POINT('',(6.96825340021938,-38.,15.));
#4088=CARTESIAN_POINT('',(65.0000009685755,-38.,5.));
#4089=CARTESIAN_POINT('',(65.0000009685755,-38.,2.5));
#4090=CARTESIAN_POINT('',(70.,-38.,5.));
#4091=CARTESIAN_POINT('',(6.96825340021938,-38.,5.));
#4092=CARTESIAN_POINT('',(70.,-38.,0.));
#4093=CARTESIAN_POINT('',(70.,-38.,0.));
#4094=CARTESIAN_POINT('',(-70.,-38.,0.));
#4095=CARTESIAN_POINT('',(-51.3908734209623,-38.,0.));
#4096=CARTESIAN_POINT('',(-70.,-38.,0.));
#4097=CARTESIAN_POINT('',(-70.,-38.,0.));
#4098=CARTESIAN_POINT('Origin',(-70.,-35.,0.));
#4099=CARTESIAN_POINT('',(-73.,-35.,0.));
#4100=CARTESIAN_POINT('Origin',(-69.5000004842877,44.5000004842877,15.));
#4101=CARTESIAN_POINT('',(-73.,45.,15.));
#4102=CARTESIAN_POINT('Origin',(-70.,45.,15.));
#4103=CARTESIAN_POINT('',(-73.,40.0000005960464,15.));
#4104=CARTESIAN_POINT('',(-73.,41.4190483472986,15.));
#4105=CARTESIAN_POINT('',(-68.5020426269341,40.0000005960464,15.));
#4106=CARTESIAN_POINT('',(-68.4979573730626,40.0000005960464,15.));
#4107=CARTESIAN_POINT('',(-65.0000009685755,43.5026038485779,15.));
#4108=CARTESIAN_POINT('Origin',(-68.5,43.5,15.));
#4109=CARTESIAN_POINT('',(-65.0000009685755,49.0000005960464,15.));
#4110=CARTESIAN_POINT('',(-67.25,43.5,15.));
#4111=CARTESIAN_POINT('Origin',(-68.5,43.5,15.));
#4112=CARTESIAN_POINT('Origin',(-74.0000009685755,40.0000005960464,5.));
#4113=CARTESIAN_POINT('',(-73.,40.0000005960464,5.));
#4114=CARTESIAN_POINT('',(-73.,40.0000005960464,2.5));
#4115=CARTESIAN_POINT('',(-68.5020426269341,40.0000005960464,5.));
#4116=CARTESIAN_POINT('',(-68.4979573730626,40.0000005960464,5.));
#4117=CARTESIAN_POINT('',(-68.5020426269341,40.0000005960464,5.));
#4118=CARTESIAN_POINT('Origin',(-68.5,43.5,5.));
#4119=CARTESIAN_POINT('',(-67.25,43.5,5.));
#4120=CARTESIAN_POINT('',(-67.25,43.5,5.));
#4121=CARTESIAN_POINT('Origin',(-68.5,43.5,5.));
#4122=CARTESIAN_POINT('Origin',(-65.0000009685755,43.5026038485779,5.));
#4123=CARTESIAN_POINT('',(-65.0000009685755,43.5026038485779,5.));
#4124=CARTESIAN_POINT('',(-65.0000009685755,43.5026038485779,5.));
#4125=CARTESIAN_POINT('',(-65.0000009685755,49.0000005960464,5.));
#4126=CARTESIAN_POINT('Origin',(-68.5,43.5,5.));
#4127=CARTESIAN_POINT('Origin',(-68.5,43.5,5.));
#4128=CARTESIAN_POINT('Origin',(-69.5000004842877,44.5000004842877,5.));
#4129=CARTESIAN_POINT('',(-73.,45.,5.));
#4130=CARTESIAN_POINT('',(-73.,41.4190483472986,5.));
#4131=CARTESIAN_POINT('Origin',(-70.,45.,5.));
#4132=CARTESIAN_POINT('Origin',(-70.,45.,0.));
#4133=CARTESIAN_POINT('',(-73.,45.,0.));
#4134=CARTESIAN_POINT('',(-73.,45.,0.));
#4135=CARTESIAN_POINT('Origin',(-70.,45.,0.));
#4136=CARTESIAN_POINT('Origin',(69.5000004842878,44.5000004842878,5.));
#4137=CARTESIAN_POINT('',(73.,45.,5.));
#4138=CARTESIAN_POINT('Origin',(70.,45.,5.));
#4139=CARTESIAN_POINT('',(73.,40.0000009685755,5.));
#4140=CARTESIAN_POINT('',(73.,8.08095213698918,5.));
#4141=CARTESIAN_POINT('',(68.5026038485779,40.0000009685755,5.));
#4142=CARTESIAN_POINT('',(74.0000005960465,40.0000009685755,5.));
#4143=CARTESIAN_POINT('',(65.0000005960465,43.5020426269341,5.));
#4144=CARTESIAN_POINT('Origin',(68.5,43.5,5.));
#4145=CARTESIAN_POINT('',(65.0000005960465,43.4979573730626,5.));
#4146=CARTESIAN_POINT('',(69.75,43.5,5.));
#4147=CARTESIAN_POINT('Origin',(68.5,43.5,5.));
#4148=CARTESIAN_POINT('Origin',(68.5026038485779,40.0000009685755,5.));
#4149=CARTESIAN_POINT('',(73.,40.0000009685755,15.));
#4150=CARTESIAN_POINT('',(73.,40.0000009685755,2.5));
#4151=CARTESIAN_POINT('',(68.5026038485779,40.0000009685755,15.));
#4152=CARTESIAN_POINT('',(74.0000005960465,40.0000009685755,15.));
#4153=CARTESIAN_POINT('',(68.5026038485779,40.0000009685755,5.));
#4154=CARTESIAN_POINT('Origin',(68.5,43.5,5.));
#4155=CARTESIAN_POINT('',(69.75,43.5,15.));
#4156=CARTESIAN_POINT('Origin',(68.5,43.5,15.));
#4157=CARTESIAN_POINT('',(69.75,43.5,5.));
#4158=CARTESIAN_POINT('Origin',(65.0000005960464,49.0000009685755,5.));
#4159=CARTESIAN_POINT('',(65.0000005960465,43.5020426269341,15.));
#4160=CARTESIAN_POINT('',(65.0000005960465,43.5020426269341,5.));
#4161=CARTESIAN_POINT('',(65.0000005960465,43.4979573730626,15.));
#4162=CARTESIAN_POINT('Origin',(68.5,43.5,5.));
#4163=CARTESIAN_POINT('Origin',(68.5,43.5,15.));
#4164=CARTESIAN_POINT('Origin',(69.5000004842878,44.5000004842878,15.));
#4165=CARTESIAN_POINT('',(73.,45.,15.));
#4166=CARTESIAN_POINT('',(73.,8.08095213698918,15.));
#4167=CARTESIAN_POINT('Origin',(70.,45.,15.));
#4168=CARTESIAN_POINT('Origin',(70.,45.,0.));
#4169=CARTESIAN_POINT('',(73.,45.,0.));
#4170=CARTESIAN_POINT('Origin',(69.5000004842877,-34.5000004842878,5.));
#4171=CARTESIAN_POINT('',(73.,-35.,5.));
#4172=CARTESIAN_POINT('',(73.,-30.0000005960465,5.));
#4173=CARTESIAN_POINT('',(73.,-31.4190483472986,5.));
#4174=CARTESIAN_POINT('Origin',(70.,-35.,5.));
#4175=CARTESIAN_POINT('',(65.0000009685755,-33.502603848578,5.));
#4176=CARTESIAN_POINT('',(65.0000009685755,-39.0000005960465,5.));
#4177=CARTESIAN_POINT('',(68.5020426269341,-30.0000005960465,5.));
#4178=CARTESIAN_POINT('Origin',(68.5,-33.5,5.));
#4179=CARTESIAN_POINT('',(68.4979573730626,-30.0000005960465,5.));
#4180=CARTESIAN_POINT('',(69.75,-33.5,5.));
#4181=CARTESIAN_POINT('Origin',(68.5,-33.5,5.));
#4182=CARTESIAN_POINT('Origin',(65.0000009685755,-33.502603848578,5.));
#4183=CARTESIAN_POINT('',(65.0000009685755,-33.502603848578,15.));
#4184=CARTESIAN_POINT('',(65.0000009685755,-39.0000005960465,15.));
#4185=CARTESIAN_POINT('',(65.0000009685755,-33.502603848578,5.));
#4186=CARTESIAN_POINT('Origin',(68.5,-33.5,5.));
#4187=CARTESIAN_POINT('',(69.75,-33.5,15.));
#4188=CARTESIAN_POINT('Origin',(68.5,-33.5,15.));
#4189=CARTESIAN_POINT('',(69.75,-33.5,5.));
#4190=CARTESIAN_POINT('Origin',(74.0000009685755,-30.0000005960465,5.));
#4191=CARTESIAN_POINT('',(73.,-30.0000005960465,15.));
#4192=CARTESIAN_POINT('',(73.,-30.0000005960465,2.5));
#4193=CARTESIAN_POINT('',(68.5020426269341,-30.0000005960465,15.));
#4194=CARTESIAN_POINT('',(68.5020426269341,-30.0000005960465,5.));
#4195=CARTESIAN_POINT('',(68.4979573730626,-30.0000005960465,15.));
#4196=CARTESIAN_POINT('Origin',(68.5,-33.5,5.));
#4197=CARTESIAN_POINT('Origin',(68.5,-33.5,15.));
#4198=CARTESIAN_POINT('Origin',(69.5000004842877,-34.5000004842878,15.));
#4199=CARTESIAN_POINT('',(73.,-35.,15.));
#4200=CARTESIAN_POINT('',(73.,-31.4190483472986,15.));
#4201=CARTESIAN_POINT('Origin',(70.,-35.,15.));
#4202=CARTESIAN_POINT('Origin',(73.,-28.3380962103094,0.));
#4203=CARTESIAN_POINT('',(73.,45.,0.));
#4204=CARTESIAN_POINT('',(73.,45.,0.));
#4205=CARTESIAN_POINT('',(73.,-35.,0.));
#4206=CARTESIAN_POINT('',(73.,-11.6690481051547,0.));
#4207=CARTESIAN_POINT('',(73.,-35.,0.));
#4208=CARTESIAN_POINT('',(73.,-35.,0.));
#4209=CARTESIAN_POINT('Origin',(70.,-35.,0.));
#4210=CARTESIAN_POINT('Origin',(-25.0005843480461,35.0574515214266,22.1282439543467));
#4211=CARTESIAN_POINT('',(-21.5005843480461,35.0574515214266,22.1282439543467));
#4212=CARTESIAN_POINT('',(-28.5005843480461,35.0574515214266,22.1282439543467));
#4213=CARTESIAN_POINT('Origin',(-25.0005843480461,35.0574515214266,22.1282439543467));
#4214=CARTESIAN_POINT('Origin',(-73.5005843480461,35.0574515214266,22.1282439543467));
#4215=CARTESIAN_POINT('Origin',(-25.0005843480461,35.0574515214266,22.1282439543467));
#4216=CARTESIAN_POINT('Origin',(-25.0005843480461,35.0574515214266,11.6000000000005));
#4217=CARTESIAN_POINT('',(-21.5005843480461,35.0574515214266,11.6000000000005));
#4218=CARTESIAN_POINT('',(-21.5005843480461,35.0574515214266,11.6000000000005));
#4219=CARTESIAN_POINT('Origin',(-25.0005843480461,35.0574515214266,11.6000000000005));
#4220=CARTESIAN_POINT('Origin',(24.999415651954,35.0574515214264,22.1282439543467));
#4221=CARTESIAN_POINT('',(28.499415651954,35.0574515214264,22.1282439543467));
#4222=CARTESIAN_POINT('',(21.499415651954,35.0574515214264,22.1282439543467));
#4223=CARTESIAN_POINT('Origin',(24.999415651954,35.0574515214264,22.1282439543467));
#4224=CARTESIAN_POINT('Origin',(-23.500584348046,35.0574515214264,22.1282439543467));
#4225=CARTESIAN_POINT('Origin',(24.999415651954,35.0574515214264,22.1282439543467));
#4226=CARTESIAN_POINT('Origin',(24.999415651954,35.0574515214264,11.6000000000005));
#4227=CARTESIAN_POINT('',(28.499415651954,35.0574515214264,11.6000000000005));
#4228=CARTESIAN_POINT('',(28.499415651954,35.0574515214264,11.6000000000005));
#4229=CARTESIAN_POINT('Origin',(24.999415651954,35.0574515214264,11.6000000000005));
#4230=CARTESIAN_POINT('Origin',(0.,-23.3309518948453,37.));
#4231=CARTESIAN_POINT('',(18.5837062762901,-18.4337062762897,36.9999999999996));
#4232=CARTESIAN_POINT('Origin',(17.4337062762901,-18.4337062762897,36.9999999999997));
#4233=CARTESIAN_POINT('Origin',(0.,-23.3309518948453,37.));
#4234=CARTESIAN_POINT('',(-16.01629372371,-18.4337062762905,37.0000000000003));
#4235=CARTESIAN_POINT('Origin',(-17.16629372371,-18.4337062762905,37.0000000000003));
#4236=CARTESIAN_POINT('Origin',(17.4337062762901,-18.4337062762897,33.2541386148178));
#4237=CARTESIAN_POINT('',(18.5837062762901,-18.4337062762897,33.2541386148178));
#4238=CARTESIAN_POINT('',(18.5837062762901,-18.4337062762897,33.2541386148178));
#4239=CARTESIAN_POINT('Origin',(17.4337062762901,-18.4337062762897,33.2541386148178));
#4240=CARTESIAN_POINT('Origin',(17.4337062762901,-18.4337062762897,33.2541386148178));
#4241=CARTESIAN_POINT('',(19.9337062762901,-18.4337062762897,33.2541386148178));
#4242=CARTESIAN_POINT('',(19.9337062762901,-18.4337062762897,33.2541386148178));
#4243=CARTESIAN_POINT('Origin',(17.4337062762901,-18.4337062762897,33.2541386148178));
#4244=CARTESIAN_POINT('Origin',(17.4337062762901,-18.4337062762897,33.2541386148178));
#4245=CARTESIAN_POINT('Origin',(-17.16629372371,-18.4337062762905,33.2541386148185));
#4246=CARTESIAN_POINT('',(-16.01629372371,-18.4337062762905,33.2541386148185));
#4247=CARTESIAN_POINT('',(-16.01629372371,-18.4337062762905,33.2541386148185));
#4248=CARTESIAN_POINT('Origin',(-17.16629372371,-18.4337062762905,33.2541386148185));
#4249=CARTESIAN_POINT('Origin',(-17.16629372371,-18.4337062762905,33.2541386148185));
#4250=CARTESIAN_POINT('',(-14.66629372371,-18.4337062762905,33.2541386148184));
#4251=CARTESIAN_POINT('',(-14.66629372371,-18.4337062762905,33.2541386148184));
#4252=CARTESIAN_POINT('Origin',(-17.16629372371,-18.4337062762905,33.2541386148185));
#4253=CARTESIAN_POINT('Origin',(-17.16629372371,-18.4337062762905,33.2541386148185));
#4254=CARTESIAN_POINT('Origin',(13.1337067680275,18.8662945134718,33.2541386148179));
#4255=CARTESIAN_POINT('',(14.2837067680276,18.8662945134718,36.9999999999997));
#4256=CARTESIAN_POINT('Origin',(13.1337067680276,18.8662945134718,36.9999999999998));
#4257=CARTESIAN_POINT('',(14.2837067680275,18.8662945134718,33.2541386148179));
#4258=CARTESIAN_POINT('',(14.2837067680275,18.8662945134718,33.2541386148179));
#4259=CARTESIAN_POINT('Origin',(13.1337067680275,18.8662945134718,33.2541386148179));
#4260=CARTESIAN_POINT('Origin',(13.1337067680275,18.8662945134718,33.2541386148179));
#4261=CARTESIAN_POINT('',(15.6337067680275,18.8662945134718,33.2541386148179));
#4262=CARTESIAN_POINT('',(15.6337067680275,18.8662945134718,33.2541386148179));
#4263=CARTESIAN_POINT('Origin',(13.1337067680275,18.8662945134718,33.2541386148179));
#4264=CARTESIAN_POINT('Origin',(13.1337067680275,18.8662945134718,33.2541386148179));
#4265=CARTESIAN_POINT('Origin',(0.,4.99999999999999,37.));
#4266=CARTESIAN_POINT('Origin',(-12.8662936194027,18.8662945134712,33.2541386148184));
#4267=CARTESIAN_POINT('',(-11.7162936194026,18.8662945134712,37.0000000000002));
#4268=CARTESIAN_POINT('Origin',(-12.8662936194026,18.8662945134712,37.0000000000002));
#4269=CARTESIAN_POINT('',(-11.7162936194027,18.8662945134712,33.2541386148184));
#4270=CARTESIAN_POINT('',(-11.7162936194027,18.8662945134712,33.2541386148184));
#4271=CARTESIAN_POINT('Origin',(-12.8662936194027,18.8662945134712,33.2541386148184));
#4272=CARTESIAN_POINT('Origin',(-12.8662936194027,18.8662945134712,33.2541386148184));
#4273=CARTESIAN_POINT('',(-10.3662936194027,18.8662945134712,33.2541386148184));
#4274=CARTESIAN_POINT('',(-10.3662936194027,18.8662945134712,33.2541386148184));
#4275=CARTESIAN_POINT('Origin',(-12.8662936194027,18.8662945134712,33.2541386148184));
#4276=CARTESIAN_POINT('Origin',(-12.8662936194027,18.8662945134712,33.2541386148184));
#4277=CARTESIAN_POINT('Origin',(0.,4.99999999999999,37.));
#4278=CARTESIAN_POINT('Origin',(-25.0005843480461,35.0574515214266,11.6000000000005));
#4279=CARTESIAN_POINT('',(-23.8505843480461,35.0574515214266,36.));
#4280=CARTESIAN_POINT('Origin',(-25.0005843480461,35.0574515214266,36.));
#4281=CARTESIAN_POINT('',(-23.8505843480461,35.0574515214266,11.6000000000005));
#4282=CARTESIAN_POINT('',(-23.8505843480461,35.0574515214266,11.6000000000005));
#4283=CARTESIAN_POINT('Origin',(-25.0005843480461,35.0574515214266,11.6000000000005));
#4284=CARTESIAN_POINT('Origin',(-25.0005843480461,35.0574515214266,11.6000000000005));
#4285=CARTESIAN_POINT('Origin',(24.999415651954,35.0574515214264,11.6000000000005));
#4286=CARTESIAN_POINT('',(26.149415651954,35.0574515214264,36.));
#4287=CARTESIAN_POINT('Origin',(24.999415651954,35.0574515214264,36.));
#4288=CARTESIAN_POINT('',(26.149415651954,35.0574515214264,11.6000000000005));
#4289=CARTESIAN_POINT('',(26.149415651954,35.0574515214264,11.6000000000005));
#4290=CARTESIAN_POINT('Origin',(24.999415651954,35.0574515214264,11.6000000000005));
#4291=CARTESIAN_POINT('Origin',(24.999415651954,35.0574515214264,11.6000000000005));
#4292=CARTESIAN_POINT('Origin',(8.88178419700125E-15,33.3309518948453,36.));
#4293=CARTESIAN_POINT('Origin',(12.2499998323619,50.,12.5499997027218));
#4294=CARTESIAN_POINT('',(12.2499998323619,50.,14.0499997027218));
#4295=CARTESIAN_POINT('',(12.2499998323619,50.,12.5499997027218));
#4296=CARTESIAN_POINT('Origin',(11.2499998323619,50.,12.5499997027218));
#4297=CARTESIAN_POINT('',(11.2499998323619,50.,11.5499997027218));
#4298=CARTESIAN_POINT('Origin',(3.74999983236194,50.,11.5499997027218));
#4299=CARTESIAN_POINT('',(3.74999983236194,50.,11.5499997027218));
#4300=CARTESIAN_POINT('Origin',(3.74999983236194,50.,12.5499997027218));
#4301=CARTESIAN_POINT('',(2.74999983236194,50.,12.5499997027218));
#4302=CARTESIAN_POINT('Origin',(2.74999983236194,50.,14.0499997027218));
#4303=CARTESIAN_POINT('',(2.74999983236194,50.,14.0499997027218));
#4304=CARTESIAN_POINT('Origin',(3.74999983236194,50.,14.0499997027218));
#4305=CARTESIAN_POINT('',(3.74999983236194,50.,15.0499997027218));
#4306=CARTESIAN_POINT('Origin',(11.2499998323619,50.,15.0499997027218));
#4307=CARTESIAN_POINT('',(11.2499998323619,50.,15.0499997027218));
#4308=CARTESIAN_POINT('Origin',(11.2499998323619,50.,14.0499997027218));
#4309=CARTESIAN_POINT('Origin',(15.0000002235174,50.,12.5000001862645));
#4310=CARTESIAN_POINT('',(16.0000002384186,50.,12.5000001862645));
#4311=CARTESIAN_POINT('Origin',(0.,50.,12.5000001862645));
#4312=CARTESIAN_POINT('',(1.00000001490116,50.,12.5000001862645));
#4313=CARTESIAN_POINT('Origin',(-15.0000002235174,50.,12.5000001862645));
#4314=CARTESIAN_POINT('',(-14.0000002086163,50.,12.5000001862645));
#4315=CARTESIAN_POINT('Origin',(-22.530718696092,52.6624030428522,15.1500000000005));
#4316=CARTESIAN_POINT('',(-20.030718696092,52.6624030428522,15.1500000000005));
#4317=CARTESIAN_POINT('Origin',(22.4692813039081,52.6624030428519,15.1500000000005));
#4318=CARTESIAN_POINT('',(24.9692813039081,52.6624030428519,15.1500000000005));
#4319=CARTESIAN_POINT('Origin',(0.0462123672822834,39.2650836758578,34.6000000000001));
#4320=CARTESIAN_POINT('',(3.79621236728225,40.6570247665654,34.6000000000001));
#4321=CARTESIAN_POINT('',(-3.70378763271773,40.6570247665653,34.6000000000001));
#4322=CARTESIAN_POINT('Origin',(0.0462123672822839,39.2650836758578,34.6000000000001));
#4323=CARTESIAN_POINT('',(3.7962123672823,37.8731425851504,34.6000000000001));
#4324=CARTESIAN_POINT('Origin',(7.54621236728227,39.265083675858,34.6000000000001));
#4325=CARTESIAN_POINT('',(-3.70378763271768,37.8731425851502,34.6000000000001));
#4326=CARTESIAN_POINT('Origin',(0.0462123672822839,39.2650836758578,34.6000000000001));
#4327=CARTESIAN_POINT('',(-3.4537876327177,39.2650836758577,34.6000000000001));
#4328=CARTESIAN_POINT('Origin',(-7.4537876327177,39.2650836758577,34.6000000000001));
#4329=CARTESIAN_POINT('Origin',(-7.4537876327177,39.2650836758577,34.6000000000001));
#4330=CARTESIAN_POINT('',(2.64621236728228,39.2650836758578,34.6000000000001));
#4331=CARTESIAN_POINT('Origin',(0.0462123672822839,39.2650836758578,34.6000000000001));
#4332=CARTESIAN_POINT('Origin',(0.0462123672822834,39.2650836758578,26.6000000000001));
#4333=CARTESIAN_POINT('',(3.7962123672823,37.8731425851504,26.6000000000001));
#4334=CARTESIAN_POINT('',(-3.70378763271768,37.8731425851502,26.6000000000001));
#4335=CARTESIAN_POINT('Origin',(7.54621236728227,39.265083675858,28.6000000000001));
#4336=CARTESIAN_POINT('',(-3.4537876327177,39.2650836758577,28.6000000000001));
#4337=CARTESIAN_POINT('Origin',(-7.4537876327177,39.2650836758577,28.6000000000001));
#4338=CARTESIAN_POINT('',(-6.3037876327177,39.2650836758577,28.6000000000001));
#4339=CARTESIAN_POINT('Origin',(-7.4537876327177,39.2650836758577,28.6000000000001));
#4340=CARTESIAN_POINT('Origin',(7.54621236728227,39.265083675858,28.6000000000001));
#4341=CARTESIAN_POINT('',(11.5462123672823,39.265083675858,28.6000000000001));
#4342=CARTESIAN_POINT('Origin',(7.54621236728227,39.265083675858,28.6000000000001));
#4343=CARTESIAN_POINT('',(8.69621236728227,39.265083675858,28.6000000000001));
#4344=CARTESIAN_POINT('Origin',(7.54621236728227,39.265083675858,28.6000000000001));
#4345=CARTESIAN_POINT('Origin',(0.0462123672822834,39.2650836758578,26.6000000000001));
#4346=CARTESIAN_POINT('',(-3.70378763271773,40.6570247665653,26.6000000000001));
#4347=CARTESIAN_POINT('',(3.79621236728225,40.6570247665654,26.6000000000001));
#4348=CARTESIAN_POINT('Origin',(0.0462123672822834,39.2650836758578,26.6000000000001));
#4349=CARTESIAN_POINT('',(2.64621236728228,39.2650836758578,39.));
#4350=CARTESIAN_POINT('Origin',(0.0462123672822841,39.2650836758578,39.));
#4351=CARTESIAN_POINT('',(2.64621236728228,39.2650836758578,26.6000000000001));
#4352=CARTESIAN_POINT('Origin',(7.54621236728227,39.265083675858,26.6000000000001));
#4353=CARTESIAN_POINT('',(8.69621236728227,39.265083675858,36.));
#4354=CARTESIAN_POINT('Origin',(7.54621236728227,39.265083675858,36.));
#4355=CARTESIAN_POINT('',(8.69621236728227,39.265083675858,26.6000000000001));
#4356=CARTESIAN_POINT('Origin',(7.54621236728227,39.265083675858,26.6000000000001));
#4357=CARTESIAN_POINT('',(11.5462123672823,39.265083675858,26.6000000000001));
#4358=CARTESIAN_POINT('Origin',(8.88178419700125E-15,33.3309518948453,36.));
#4359=CARTESIAN_POINT('Origin',(-7.4537876327177,39.2650836758577,26.6000000000001));
#4360=CARTESIAN_POINT('',(-6.3037876327177,39.2650836758577,36.));
#4361=CARTESIAN_POINT('Origin',(-7.4537876327177,39.2650836758577,36.));
#4362=CARTESIAN_POINT('',(-6.3037876327177,39.2650836758577,26.6000000000001));
#4363=CARTESIAN_POINT('Origin',(-7.4537876327177,39.2650836758577,26.6000000000001));
#4364=CARTESIAN_POINT('',(-3.4537876327177,39.2650836758577,26.6000000000001));
#4365=CARTESIAN_POINT('Origin',(8.88178419700125E-15,33.3309518948453,36.));
#4366=CARTESIAN_POINT('Origin',(8.88178419700125E-15,33.3309518948453,36.));
#4367=CARTESIAN_POINT('Origin',(70.,-35.,0.));
#4368=CARTESIAN_POINT('Origin',(70.,-35.,0.));
#4369=CARTESIAN_POINT('Origin',(-70.,-35.,0.));
#4370=CARTESIAN_POINT('',(-73.,-35.,0.));
#4371=CARTESIAN_POINT('Origin',(-70.,-35.,0.));
#4372=CARTESIAN_POINT('',(-73.,-35.,0.));
#4373=CARTESIAN_POINT('Origin',(-73.,38.3380962103094,0.));
#4374=CARTESIAN_POINT('',(-73.,21.6690481051547,0.));
#4375=CARTESIAN_POINT('',(-73.,45.,0.));
#4376=CARTESIAN_POINT('Origin',(-70.,45.,0.));
#4377=CARTESIAN_POINT('Origin',(70.,45.,0.));
#4378=CARTESIAN_POINT('Origin',(70.,45.,0.));
#4379=CARTESIAN_POINT('Origin',(0.,5.00000007450581,39.));
#4380=CARTESIAN_POINT('',(-4.28746469245092,2.42752125903525,39.));
#4381=CARTESIAN_POINT('',(-4.28746469245091,7.57247888997636,39.));
#4382=CARTESIAN_POINT('Origin',(0.,5.00000007450581,39.));
#4383=CARTESIAN_POINT('',(-4.28746469245092,2.42752125903525,38.));
#4384=CARTESIAN_POINT('',(-4.28746469245092,2.42752125903525,39.));
#4385=CARTESIAN_POINT('',(-4.28746469245091,7.57247888997636,38.));
#4386=CARTESIAN_POINT('Origin',(0.,5.00000007450581,38.));
#4387=CARTESIAN_POINT('',(-4.28746469245091,7.57247888997636,39.));
#4388=CARTESIAN_POINT('Origin',(-2.57247881547055,3.45651278522347,39.));
#4389=CARTESIAN_POINT('',(-2.57247881547055,3.45651278522347,39.));
#4390=CARTESIAN_POINT('',(-1.28623942417038,4.22825642000357,39.));
#4391=CARTESIAN_POINT('',(-2.57247881547055,3.45651278522347,38.));
#4392=CARTESIAN_POINT('',(-2.57247881547055,3.45651278522347,39.));
#4393=CARTESIAN_POINT('',(-75.0000011175871,-40.0000005960464,38.));
#4394=CARTESIAN_POINT('Origin',(0.,5.00000007450581,39.));
#4395=CARTESIAN_POINT('',(-2.57247881547054,6.54348736378815,39.));
#4396=CARTESIAN_POINT('Origin',(0.,5.00000007450581,39.));
#4397=CARTESIAN_POINT('',(-2.57247881547054,6.54348736378815,38.));
#4398=CARTESIAN_POINT('',(-2.57247881547054,6.54348736378815,39.));
#4399=CARTESIAN_POINT('Origin',(0.,5.00000007450581,38.));
#4400=CARTESIAN_POINT('Origin',(-4.28746469245091,7.57247888997636,39.));
#4401=CARTESIAN_POINT('',(-2.14373232979035,6.28623947238002,39.));
#4402=CARTESIAN_POINT('',(-75.0000011175871,50.0000007450581,38.));
#4403=CARTESIAN_POINT('Origin',(-3.78623944498817,5.00000007450581,38.));
#4404=CARTESIAN_POINT('Origin',(0.,5.00000007450581,39.));
#4405=CARTESIAN_POINT('',(1.00000001490116,5.00000007450581,39.));
#4406=CARTESIAN_POINT('Origin',(0.,5.00000007450581,39.));
#4407=CARTESIAN_POINT('',(1.00000001490116,5.00000007450581,38.));
#4408=CARTESIAN_POINT('',(1.00000001490116,5.00000007450581,39.));
#4409=CARTESIAN_POINT('Origin',(0.,5.00000007450581,38.));
#4410=CARTESIAN_POINT('Origin',(0.,5.00000007450581,38.));
#4411=CARTESIAN_POINT('Origin',(0.,5.00000007450581,39.));
#4412=CARTESIAN_POINT('',(11.1474082003724,11.6884449947292,39.));
#4413=CARTESIAN_POINT('',(11.1474082003724,-1.68844484571764,39.));
#4414=CARTESIAN_POINT('Origin',(0.,5.00000007450581,39.));
#4415=CARTESIAN_POINT('',(11.1474082003724,11.6884449947292,38.));
#4416=CARTESIAN_POINT('',(11.1474082003724,11.6884449947292,39.));
#4417=CARTESIAN_POINT('',(11.1474082003724,-1.68844484571764,38.));
#4418=CARTESIAN_POINT('Origin',(0.,5.00000007450581,38.));
#4419=CARTESIAN_POINT('',(11.1474082003724,-1.68844484571764,39.));
#4420=CARTESIAN_POINT('Origin',(9.43242232339204,10.659453468541,39.));
#4421=CARTESIAN_POINT('',(9.43242232339204,10.659453468541,39.));
#4422=CARTESIAN_POINT('',(4.71621114526091,7.82972676166235,39.));
#4423=CARTESIAN_POINT('',(9.43242232339204,10.659453468541,38.));
#4424=CARTESIAN_POINT('',(9.43242232339204,10.659453468541,39.));
#4425=CARTESIAN_POINT('',(-75.0000011175871,-40.0000005960464,38.));
#4426=CARTESIAN_POINT('Origin',(0.,5.00000007450581,39.));
#4427=CARTESIAN_POINT('',(9.43242232339205,-0.659453319529408,39.));
#4428=CARTESIAN_POINT('Origin',(0.,5.00000007450581,39.));
#4429=CARTESIAN_POINT('',(9.43242232339205,-0.659453319529408,38.));
#4430=CARTESIAN_POINT('',(9.43242232339205,-0.659453319529408,39.));
#4431=CARTESIAN_POINT('Origin',(0.,5.00000007450581,38.));
#4432=CARTESIAN_POINT('Origin',(11.1474082003724,-1.68844484571764,39.));
#4433=CARTESIAN_POINT('',(5.57370411662132,1.65577760453302,39.));
#4434=CARTESIAN_POINT('',(-75.0000011175871,50.0000007450581,38.));
#4435=CARTESIAN_POINT('Origin',(11.2162112585536,5.0000000745058,38.));
#4436=CARTESIAN_POINT('Origin',(0.,5.00000007450581,39.));
#4437=CARTESIAN_POINT('',(-7.71743644641166,0.369538206658806,39.));
#4438=CARTESIAN_POINT('',(-7.71743644641165,9.63046194235281,39.));
#4439=CARTESIAN_POINT('Origin',(0.,5.00000007450581,39.));
#4440=CARTESIAN_POINT('',(-7.71743644641166,0.369538206658806,38.));
#4441=CARTESIAN_POINT('',(-7.71743644641166,0.369538206658806,39.));
#4442=CARTESIAN_POINT('',(-7.71743644641165,9.63046194235281,38.));
#4443=CARTESIAN_POINT('Origin',(0.,5.00000007450581,38.));
#4444=CARTESIAN_POINT('',(-7.71743644641165,9.63046194235281,39.));
#4445=CARTESIAN_POINT('Origin',(-6.00245056943129,1.39852973284703,39.));
#4446=CARTESIAN_POINT('',(-6.00245056943129,1.39852973284703,39.));
#4447=CARTESIAN_POINT('',(-3.00122530115075,3.19926489381535,39.));
#4448=CARTESIAN_POINT('',(-6.00245056943129,1.39852973284703,38.));
#4449=CARTESIAN_POINT('',(-6.00245056943129,1.39852973284703,39.));
#4450=CARTESIAN_POINT('',(-75.0000011175871,-40.0000005960464,38.));
#4451=CARTESIAN_POINT('Origin',(0.,5.00000007450581,39.));
#4452=CARTESIAN_POINT('',(-6.00245056943128,8.60147041616458,39.));
#4453=CARTESIAN_POINT('Origin',(0.,5.00000007450581,39.));
#4454=CARTESIAN_POINT('',(-6.00245056943128,8.60147041616458,38.));
#4455=CARTESIAN_POINT('',(-6.00245056943128,8.60147041616458,39.));
#4456=CARTESIAN_POINT('Origin',(0.,5.00000007450581,38.));
#4457=CARTESIAN_POINT('Origin',(-7.71743644641163,9.6304619423528,39.));
#4458=CARTESIAN_POINT('',(-3.85871820677071,7.31523099856824,39.));
#4459=CARTESIAN_POINT('',(-75.0000011175871,50.0000007450581,38.));
#4460=CARTESIAN_POINT('Origin',(-7.50122535177086,5.00000007450581,38.));
#4461=CARTESIAN_POINT('Origin',(0.,5.00000007450581,39.));
#4462=CARTESIAN_POINT('',(4.28746469245093,7.57247888997636,39.));
#4463=CARTESIAN_POINT('',(4.28746469245094,2.42752125903525,39.));
#4464=CARTESIAN_POINT('Origin',(0.,5.00000007450581,39.));
#4465=CARTESIAN_POINT('',(4.28746469245093,7.57247888997636,38.));
#4466=CARTESIAN_POINT('',(4.28746469245093,7.57247888997636,39.));
#4467=CARTESIAN_POINT('',(4.28746469245094,2.42752125903525,38.));
#4468=CARTESIAN_POINT('Origin',(0.,5.00000007450581,38.));
#4469=CARTESIAN_POINT('',(4.28746469245094,2.42752125903525,39.));
#4470=CARTESIAN_POINT('Origin',(2.57247881547055,6.54348736378814,39.));
#4471=CARTESIAN_POINT('',(2.57247881547055,6.54348736378814,39.));
#4472=CARTESIAN_POINT('',(1.28623939130017,5.77174370928591,39.));
#4473=CARTESIAN_POINT('',(2.57247881547055,6.54348736378814,38.));
#4474=CARTESIAN_POINT('',(2.57247881547055,6.54348736378814,39.));
#4475=CARTESIAN_POINT('',(-75.0000011175871,-40.0000005960464,38.));
#4476=CARTESIAN_POINT('Origin',(0.,5.00000007450581,39.));
#4477=CARTESIAN_POINT('',(2.57247881547057,3.45651278522348,39.));
#4478=CARTESIAN_POINT('Origin',(0.,5.00000007450581,39.));
#4479=CARTESIAN_POINT('',(2.57247881547057,3.45651278522348,38.));
#4480=CARTESIAN_POINT('',(2.57247881547057,3.45651278522348,39.));
#4481=CARTESIAN_POINT('Origin',(0.,5.00000007450581,38.));
#4482=CARTESIAN_POINT('Origin',(4.28746469245094,2.42752125903525,39.));
#4483=CARTESIAN_POINT('',(2.14373236266058,3.71376065690947,39.));
#4484=CARTESIAN_POINT('',(-75.0000011175871,50.0000007450581,38.));
#4485=CARTESIAN_POINT('Origin',(3.78623944498818,5.00000007450581,38.));
#4486=CARTESIAN_POINT('Origin',(0.,5.00000007450581,39.));
#4487=CARTESIAN_POINT('',(7.71743644641166,9.6304619423528,39.));
#4488=CARTESIAN_POINT('',(7.71743644641168,0.369538206658815,39.));
#4489=CARTESIAN_POINT('Origin',(0.,5.00000007450581,39.));
#4490=CARTESIAN_POINT('',(7.71743644641166,9.6304619423528,38.));
#4491=CARTESIAN_POINT('',(7.71743644641166,9.6304619423528,39.));
#4492=CARTESIAN_POINT('',(7.71743644641168,0.369538206658815,38.));
#4493=CARTESIAN_POINT('Origin',(0.,5.00000007450581,38.));
#4494=CARTESIAN_POINT('',(7.71743644641168,0.369538206658815,39.));
#4495=CARTESIAN_POINT('Origin',(6.0024505694313,8.60147041616457,39.));
#4496=CARTESIAN_POINT('',(6.0024505694313,8.60147041616457,39.));
#4497=CARTESIAN_POINT('',(3.00122526828055,6.80073523547412,39.));
#4498=CARTESIAN_POINT('',(6.0024505694313,8.60147041616457,38.));
#4499=CARTESIAN_POINT('',(6.0024505694313,8.60147041616457,39.));
#4500=CARTESIAN_POINT('',(-75.0000011175871,-40.0000005960464,38.));
#4501=CARTESIAN_POINT('Origin',(0.,5.00000007450581,39.));
#4502=CARTESIAN_POINT('',(6.00245056943132,1.39852973284703,39.));
#4503=CARTESIAN_POINT('Origin',(0.,5.00000007450581,39.));
#4504=CARTESIAN_POINT('',(6.00245056943132,1.39852973284703,38.));
#4505=CARTESIAN_POINT('',(6.00245056943132,1.39852973284703,39.));
#4506=CARTESIAN_POINT('Origin',(0.,5.00000007450581,38.));
#4507=CARTESIAN_POINT('Origin',(7.71743644641168,0.369538206658815,39.));
#4508=CARTESIAN_POINT('',(3.85871823964095,2.68476913072125,39.));
#4509=CARTESIAN_POINT('',(-75.0000011175871,50.0000007450581,38.));
#4510=CARTESIAN_POINT('Origin',(7.50122535177088,5.00000007450581,38.));
#4511=CARTESIAN_POINT('Origin',(0.,5.00000007450581,39.));
#4512=CARTESIAN_POINT('',(-11.1474082003724,-1.68844484571764,39.));
#4513=CARTESIAN_POINT('',(-11.1474082003724,11.6884449947292,39.));
#4514=CARTESIAN_POINT('Origin',(0.,5.00000007450581,39.));
#4515=CARTESIAN_POINT('',(-11.1474082003724,-1.68844484571764,38.));
#4516=CARTESIAN_POINT('',(-11.1474082003724,-1.68844484571764,39.));
#4517=CARTESIAN_POINT('',(-11.1474082003724,11.6884449947292,38.));
#4518=CARTESIAN_POINT('Origin',(0.,5.00000007450581,38.));
#4519=CARTESIAN_POINT('',(-11.1474082003724,11.6884449947292,39.));
#4520=CARTESIAN_POINT('Origin',(-9.43242232339203,-0.659453319529413,39.));
#4521=CARTESIAN_POINT('',(-9.43242232339203,-0.659453319529413,39.));
#4522=CARTESIAN_POINT('',(-4.71621117813112,2.17027336762713,39.));
#4523=CARTESIAN_POINT('',(-9.43242232339203,-0.659453319529413,38.));
#4524=CARTESIAN_POINT('',(-9.43242232339203,-0.659453319529413,39.));
#4525=CARTESIAN_POINT('',(-75.0000011175871,-40.0000005960464,38.));
#4526=CARTESIAN_POINT('Origin',(0.,5.00000007450581,39.));
#4527=CARTESIAN_POINT('',(-9.43242232339202,10.659453468541,39.));
#4528=CARTESIAN_POINT('Origin',(0.,5.00000007450581,39.));
#4529=CARTESIAN_POINT('',(-9.43242232339202,10.659453468541,38.));
#4530=CARTESIAN_POINT('',(-9.43242232339202,10.659453468541,39.));
#4531=CARTESIAN_POINT('Origin',(0.,5.00000007450581,38.));
#4532=CARTESIAN_POINT('Origin',(-11.1474082003724,11.6884449947292,39.));
#4533=CARTESIAN_POINT('',(-5.57370408375108,8.34422252475646,39.));
#4534=CARTESIAN_POINT('',(-75.0000011175871,50.0000007450581,38.));
#4535=CARTESIAN_POINT('Origin',(-11.2162112585536,5.00000007450581,38.));
#4536=CARTESIAN_POINT('Origin',(70.,45.,38.));
#4537=CARTESIAN_POINT('',(70.,49.,39.));
#4538=CARTESIAN_POINT('Origin',(70.,49.,38.));
#4539=CARTESIAN_POINT('',(74.,45.,39.));
#4540=CARTESIAN_POINT('Origin',(70.,45.,39.));
#4541=CARTESIAN_POINT('Origin',(74.,45.,38.));
#4542=CARTESIAN_POINT('Origin',(70.,45.,38.));
#4543=CARTESIAN_POINT('Origin',(27.7817468419245,49.,38.));
#4544=CARTESIAN_POINT('',(-70.,49.,39.));
#4545=CARTESIAN_POINT('',(27.7817468419245,49.,39.));
#4546=CARTESIAN_POINT('Origin',(-70.,49.,38.));
#4547=CARTESIAN_POINT('Origin',(70.,45.,0.));
#4548=CARTESIAN_POINT('Origin',(70.,45.,0.));
#4549=CARTESIAN_POINT('Origin',(-70.,45.,38.));
#4550=CARTESIAN_POINT('',(-74.,45.,39.));
#4551=CARTESIAN_POINT('Origin',(-74.,45.,38.));
#4552=CARTESIAN_POINT('Origin',(-70.,45.,39.));
#4553=CARTESIAN_POINT('Origin',(-70.,45.,38.));
#4554=CARTESIAN_POINT('Origin',(-74.,21.6690481051547,38.));
#4555=CARTESIAN_POINT('',(-74.,-35.,39.));
#4556=CARTESIAN_POINT('',(-74.,21.6690481051547,39.));
#4557=CARTESIAN_POINT('Origin',(-74.,-35.,38.));
#4558=CARTESIAN_POINT('Origin',(-70.,45.,0.));
#4559=CARTESIAN_POINT('Origin',(-70.,45.,0.));
#4560=CARTESIAN_POINT('Origin',(-70.,-35.,38.));
#4561=CARTESIAN_POINT('',(-70.,-40.,38.));
#4562=CARTESIAN_POINT('',(-70.,-39.,39.));
#4563=CARTESIAN_POINT('Origin',(-70.,-39.,38.));
#4564=CARTESIAN_POINT('Origin',(-70.,-35.,39.));
#4565=CARTESIAN_POINT('Origin',(-70.,-35.,38.));
#4566=CARTESIAN_POINT('Origin',(-27.7817468419245,-39.,38.));
#4567=CARTESIAN_POINT('',(70.,-39.,39.));
#4568=CARTESIAN_POINT('',(-27.7817468419245,-39.,39.));
#4569=CARTESIAN_POINT('',(70.,-40.,38.));
#4570=CARTESIAN_POINT('',(-27.7817468419245,-40.,38.));
#4571=CARTESIAN_POINT('Origin',(70.,-39.,38.));
#4572=CARTESIAN_POINT('Origin',(-70.,-35.,0.));
#4573=CARTESIAN_POINT('',(-70.,-40.,0.));
#4574=CARTESIAN_POINT('Origin',(-70.,-35.,0.));
#4575=CARTESIAN_POINT('',(-70.,-40.,0.));
#4576=CARTESIAN_POINT('Origin',(70.,-35.,38.));
#4577=CARTESIAN_POINT('',(74.,-35.,39.));
#4578=CARTESIAN_POINT('Origin',(74.,-35.,38.));
#4579=CARTESIAN_POINT('Origin',(70.,-35.,39.));
#4580=CARTESIAN_POINT('Origin',(70.,-35.,38.));
#4581=CARTESIAN_POINT('Origin',(74.,-11.6690481051547,38.));
#4582=CARTESIAN_POINT('',(74.,-11.6690481051547,39.));
#4583=CARTESIAN_POINT('Origin',(70.,-35.,0.));
#4584=CARTESIAN_POINT('',(70.,-40.,0.));
#4585=CARTESIAN_POINT('',(70.,-40.,0.));
#4586=CARTESIAN_POINT('Origin',(70.,-35.,0.));
#4587=CARTESIAN_POINT('Origin',(0.,4.99999999999999,39.));
#4588=CARTESIAN_POINT('Origin',(-55.563493683849,-40.,0.));
#4589=CARTESIAN_POINT('',(70.,-40.,0.));
#4590=CARTESIAN_POINT('Origin',(-47.2182531580755,5.,0.));
#4591=UNCERTAINTY_MEASURE_WITH_UNIT(LENGTH_MEASURE(0.01),#4595,
'DISTANCE_ACCURACY_VALUE',
'Maximum model space distance between geometric entities at asserted c
onnectivities');
#4592=UNCERTAINTY_MEASURE_WITH_UNIT(LENGTH_MEASURE(0.01),#4595,
'DISTANCE_ACCURACY_VALUE',
'Maximum model space distance between geometric entities at asserted c
onnectivities');
#4593=(
GEOMETRIC_REPRESENTATION_CONTEXT(3)
GLOBAL_UNCERTAINTY_ASSIGNED_CONTEXT((#4591))
GLOBAL_UNIT_ASSIGNED_CONTEXT((#4595,#4596,#4597))
REPRESENTATION_CONTEXT('','3D')
);
#4594=(
GEOMETRIC_REPRESENTATION_CONTEXT(3)
GLOBAL_UNCERTAINTY_ASSIGNED_CONTEXT((#4592))
GLOBAL_UNIT_ASSIGNED_CONTEXT((#4595,#4596,#4597))
REPRESENTATION_CONTEXT('','3D')
);
#4595=(
LENGTH_UNIT()
NAMED_UNIT(*)
SI_UNIT(.MILLI.,.METRE.)
);
#4596=(
NAMED_UNIT(*)
PLANE_ANGLE_UNIT()
SI_UNIT($,.RADIAN.)
);
#4597=(
NAMED_UNIT(*)
SI_UNIT($,.STERADIAN.)
SOLID_ANGLE_UNIT()
);
#4598=SHAPE_DEFINITION_REPRESENTATION(#4599,#4600);
#4599=PRODUCT_DEFINITION_SHAPE('',$,#4602);
#4600=SHAPE_REPRESENTATION('',(#2657),#4593);
#4601=PRODUCT_DEFINITION_CONTEXT('part definition',#4606,'design');
#4602=PRODUCT_DEFINITION('Generic Case','Generic Case v4',#4603,#4601);
#4603=PRODUCT_DEFINITION_FORMATION('',$,#4608);
#4604=PRODUCT_RELATED_PRODUCT_CATEGORY('Generic Case v4',
'Generic Case v4',(#4608));
#4605=APPLICATION_PROTOCOL_DEFINITION('international standard',
'automotive_design',2009,#4606);
#4606=APPLICATION_CONTEXT(
'Core Data for Automotive Mechanical Design Process');
#4607=PRODUCT_CONTEXT('part definition',#4606,'mechanical');
#4608=PRODUCT('Generic Case','Generic Case v4',$,(#4607));
#4609=PRESENTATION_STYLE_ASSIGNMENT((#4610));
#4610=SURFACE_STYLE_USAGE(.BOTH.,#4611);
#4611=SURFACE_SIDE_STYLE('',(#4612));
#4612=SURFACE_STYLE_FILL_AREA(#4613);
#4613=FILL_AREA_STYLE('Steel - Satin',(#4614));
#4614=FILL_AREA_STYLE_COLOUR('Steel - Satin',#4615);
#4615=COLOUR_RGB('Steel - Satin',0.627450980392157,0.627450980392157,0.627450980392157);
ENDSEC;
END-ISO-10303-21;
