ISO-10303-21;
HEADER;
/* Generated by software containing ST-Developer
 * from STEP Tools, Inc. (www.steptools.com) 
 */

FILE_DESCRIPTION(
/* description */ (''),
/* implementation_level */ '2;1');

FILE_NAME(
/* name */ 'Case Bottom.step',
/* time_stamp */ '2026-09-27T19:04:00+02:00',
/* author */ (''),
/* organization */ (''),
/* preprocessor_version */ 'ST-DEVELOPER v20.1',
/* originating_system */ 'Autodesk Translation Framework v15.8.0.0',
/* authorisation */ '');

FILE_SCHEMA (('AUTOMOTIVE_DESIGN { 1 0 10303 214 3 1 1 }'));
ENDSEC;

DATA;
#10=MECHANICAL_DESIGN_GEOMETRIC_PRESENTATION_REPRESENTATION('',(#13),#3834);
#11=SHAPE_REPRESENTATION_RELATIONSHIP('SRR','None',#3840,#12);
#12=ADVANCED_BREP_SHAPE_REPRESENTATION('',(#14),#3833);
#13=STYLED_ITEM('',(#3849),#14);
#14=MANIFOLD_SOLID_BREP('Case Bottom',#2262);
#15=CYLINDRICAL_SURFACE('',#2312,1.6);
#16=CYLINDRICAL_SURFACE('',#2316,1.6);
#17=CYLINDRICAL_SURFACE('',#2320,1.6);
#18=CYLINDRICAL_SURFACE('',#2324,1.6);
#19=CYLINDRICAL_SURFACE('',#2326,3.5);
#20=CYLINDRICAL_SURFACE('',#2374,3.5);
#21=CYLINDRICAL_SURFACE('',#2377,3.5);
#22=CYLINDRICAL_SURFACE('',#2380,3.5);
#23=CYLINDRICAL_SURFACE('',#2383,20.0000009387732);
#24=CYLINDRICAL_SURFACE('',#2385,22.5);
#25=CYLINDRICAL_SURFACE('',#2387,5.00000071525575);
#26=CYLINDRICAL_SURFACE('',#2389,7.5);
#27=CYLINDRICAL_SURFACE('',#2391,15.0000008642674);
#28=CYLINDRICAL_SURFACE('',#2393,17.5);
#29=CYLINDRICAL_SURFACE('',#2395,10.0000007897616);
#30=CYLINDRICAL_SURFACE('',#2397,12.5);
#31=CYLINDRICAL_SURFACE('',#2399,5.00000071525575);
#32=CYLINDRICAL_SURFACE('',#2401,7.5);
#33=CYLINDRICAL_SURFACE('',#2403,20.0000009387732);
#34=CYLINDRICAL_SURFACE('',#2405,22.5);
#35=CYLINDRICAL_SURFACE('',#2407,5.00000071525575);
#36=CYLINDRICAL_SURFACE('',#2409,7.5);
#37=CYLINDRICAL_SURFACE('',#2411,20.0000009387732);
#38=CYLINDRICAL_SURFACE('',#2413,22.5);
#39=CYLINDRICAL_SURFACE('',#2415,15.0000008642674);
#40=CYLINDRICAL_SURFACE('',#2417,17.5);
#41=CYLINDRICAL_SURFACE('',#2419,10.0000007897616);
#42=CYLINDRICAL_SURFACE('',#2421,12.5);
#43=CYLINDRICAL_SURFACE('',#2423,10.0000007897616);
#44=CYLINDRICAL_SURFACE('',#2425,12.5);
#45=CYLINDRICAL_SURFACE('',#2427,15.0000008642674);
#46=CYLINDRICAL_SURFACE('',#2429,17.5);
#47=CYLINDRICAL_SURFACE('',#2431,2.5);
#48=CYLINDRICAL_SURFACE('',#2432,20.0000009387732);
#49=CYLINDRICAL_SURFACE('',#2434,22.5);
#50=CYLINDRICAL_SURFACE('',#2436,5.00000071525575);
#51=CYLINDRICAL_SURFACE('',#2438,7.5);
#52=CYLINDRICAL_SURFACE('',#2440,15.0000008642674);
#53=CYLINDRICAL_SURFACE('',#2442,17.5);
#54=CYLINDRICAL_SURFACE('',#2444,10.0000007897616);
#55=CYLINDRICAL_SURFACE('',#2446,12.5);
#56=CYLINDRICAL_SURFACE('',#2450,1.6);
#57=CYLINDRICAL_SURFACE('',#2454,1.6);
#58=CYLINDRICAL_SURFACE('',#2458,1.6);
#59=CYLINDRICAL_SURFACE('',#2462,1.6);
#60=CYLINDRICAL_SURFACE('',#2482,1.15);
#61=CYLINDRICAL_SURFACE('',#2484,3.);
#62=CYLINDRICAL_SURFACE('',#2487,1.15);
#63=CYLINDRICAL_SURFACE('',#2489,3.);
#64=CYLINDRICAL_SURFACE('',#2492,1.15);
#65=CYLINDRICAL_SURFACE('',#2494,3.);
#66=CYLINDRICAL_SURFACE('',#2503,2.5);
#67=CYLINDRICAL_SURFACE('',#2505,2.49999999999999);
#68=CYLINDRICAL_SURFACE('',#2507,2.50000000000001);
#69=CYLINDRICAL_SURFACE('',#2509,2.50000000000001);
#70=FACE_BOUND('',#306,.T.);
#71=FACE_BOUND('',#307,.T.);
#72=FACE_BOUND('',#308,.T.);
#73=FACE_BOUND('',#309,.T.);
#74=FACE_BOUND('',#310,.T.);
#75=FACE_BOUND('',#311,.T.);
#76=FACE_BOUND('',#312,.T.);
#77=FACE_BOUND('',#313,.T.);
#78=FACE_BOUND('',#314,.T.);
#79=FACE_BOUND('',#315,.T.);
#80=FACE_BOUND('',#316,.T.);
#81=FACE_BOUND('',#317,.T.);
#82=FACE_BOUND('',#318,.T.);
#83=FACE_BOUND('',#319,.T.);
#84=FACE_BOUND('',#320,.T.);
#85=FACE_BOUND('',#321,.T.);
#86=FACE_BOUND('',#322,.T.);
#87=FACE_BOUND('',#323,.T.);
#88=FACE_BOUND('',#324,.T.);
#89=FACE_BOUND('',#325,.T.);
#90=FACE_BOUND('',#326,.T.);
#91=FACE_BOUND('',#327,.T.);
#92=FACE_BOUND('',#328,.T.);
#93=FACE_BOUND('',#329,.T.);
#94=FACE_BOUND('',#330,.T.);
#95=FACE_BOUND('',#341,.T.);
#96=FACE_BOUND('',#342,.T.);
#97=FACE_BOUND('',#343,.T.);
#98=FACE_BOUND('',#344,.T.);
#99=FACE_BOUND('',#345,.T.);
#100=FACE_BOUND('',#346,.T.);
#101=FACE_BOUND('',#347,.T.);
#102=FACE_BOUND('',#348,.T.);
#103=FACE_BOUND('',#349,.T.);
#104=FACE_BOUND('',#350,.T.);
#105=FACE_BOUND('',#351,.T.);
#106=FACE_BOUND('',#352,.T.);
#107=FACE_BOUND('',#353,.T.);
#108=FACE_BOUND('',#354,.T.);
#109=FACE_BOUND('',#355,.T.);
#110=FACE_BOUND('',#356,.T.);
#111=FACE_BOUND('',#357,.T.);
#112=FACE_BOUND('',#358,.T.);
#113=FACE_BOUND('',#359,.T.);
#114=FACE_BOUND('',#360,.T.);
#115=FACE_BOUND('',#361,.T.);
#116=FACE_BOUND('',#362,.T.);
#117=FACE_BOUND('',#363,.T.);
#118=FACE_BOUND('',#364,.T.);
#119=FACE_BOUND('',#449,.T.);
#120=FACE_BOUND('',#451,.T.);
#121=FACE_BOUND('',#453,.T.);
#122=FACE_BOUND('',#455,.T.);
#123=FACE_BOUND('',#462,.T.);
#124=FACE_BOUND('',#466,.T.);
#125=FACE_BOUND('',#470,.T.);
#126=FACE_BOUND('',#472,.T.);
#127=FACE_BOUND('',#473,.T.);
#128=FACE_BOUND('',#474,.T.);
#129=FACE_BOUND('',#475,.T.);
#130=FACE_BOUND('',#476,.T.);
#131=PLANE('',#2267);
#132=PLANE('',#2329);
#133=PLANE('',#2330);
#134=PLANE('',#2376);
#135=PLANE('',#2379);
#136=PLANE('',#2382);
#137=PLANE('',#2384);
#138=PLANE('',#2386);
#139=PLANE('',#2388);
#140=PLANE('',#2390);
#141=PLANE('',#2392);
#142=PLANE('',#2394);
#143=PLANE('',#2396);
#144=PLANE('',#2398);
#145=PLANE('',#2400);
#146=PLANE('',#2402);
#147=PLANE('',#2404);
#148=PLANE('',#2406);
#149=PLANE('',#2408);
#150=PLANE('',#2410);
#151=PLANE('',#2412);
#152=PLANE('',#2414);
#153=PLANE('',#2416);
#154=PLANE('',#2418);
#155=PLANE('',#2420);
#156=PLANE('',#2422);
#157=PLANE('',#2424);
#158=PLANE('',#2426);
#159=PLANE('',#2428);
#160=PLANE('',#2430);
#161=PLANE('',#2433);
#162=PLANE('',#2435);
#163=PLANE('',#2437);
#164=PLANE('',#2439);
#165=PLANE('',#2441);
#166=PLANE('',#2443);
#167=PLANE('',#2445);
#168=PLANE('',#2447);
#169=PLANE('',#2472);
#170=PLANE('',#2473);
#171=PLANE('',#2474);
#172=PLANE('',#2475);
#173=PLANE('',#2476);
#174=PLANE('',#2478);
#175=PLANE('',#2480);
#176=PLANE('',#2486);
#177=PLANE('',#2491);
#178=PLANE('',#2496);
#179=PLANE('',#2497);
#180=PLANE('',#2502);
#181=PLANE('',#2504);
#182=PLANE('',#2506);
#183=PLANE('',#2508);
#184=FACE_OUTER_BOUND('',#304,.T.);
#185=FACE_OUTER_BOUND('',#305,.T.);
#186=FACE_OUTER_BOUND('',#331,.T.);
#187=FACE_OUTER_BOUND('',#332,.T.);
#188=FACE_OUTER_BOUND('',#333,.T.);
#189=FACE_OUTER_BOUND('',#334,.T.);
#190=FACE_OUTER_BOUND('',#335,.T.);
#191=FACE_OUTER_BOUND('',#336,.T.);
#192=FACE_OUTER_BOUND('',#337,.T.);
#193=FACE_OUTER_BOUND('',#338,.T.);
#194=FACE_OUTER_BOUND('',#339,.T.);
#195=FACE_OUTER_BOUND('',#340,.T.);
#196=FACE_OUTER_BOUND('',#365,.T.);
#197=FACE_OUTER_BOUND('',#366,.T.);
#198=FACE_OUTER_BOUND('',#367,.T.);
#199=FACE_OUTER_BOUND('',#368,.T.);
#200=FACE_OUTER_BOUND('',#369,.T.);
#201=FACE_OUTER_BOUND('',#370,.T.);
#202=FACE_OUTER_BOUND('',#371,.T.);
#203=FACE_OUTER_BOUND('',#372,.T.);
#204=FACE_OUTER_BOUND('',#373,.T.);
#205=FACE_OUTER_BOUND('',#374,.T.);
#206=FACE_OUTER_BOUND('',#375,.T.);
#207=FACE_OUTER_BOUND('',#376,.T.);
#208=FACE_OUTER_BOUND('',#377,.T.);
#209=FACE_OUTER_BOUND('',#378,.T.);
#210=FACE_OUTER_BOUND('',#379,.T.);
#211=FACE_OUTER_BOUND('',#380,.T.);
#212=FACE_OUTER_BOUND('',#381,.T.);
#213=FACE_OUTER_BOUND('',#382,.T.);
#214=FACE_OUTER_BOUND('',#383,.T.);
#215=FACE_OUTER_BOUND('',#384,.T.);
#216=FACE_OUTER_BOUND('',#385,.T.);
#217=FACE_OUTER_BOUND('',#386,.T.);
#218=FACE_OUTER_BOUND('',#387,.T.);
#219=FACE_OUTER_BOUND('',#388,.T.);
#220=FACE_OUTER_BOUND('',#389,.T.);
#221=FACE_OUTER_BOUND('',#390,.T.);
#222=FACE_OUTER_BOUND('',#391,.T.);
#223=FACE_OUTER_BOUND('',#392,.T.);
#224=FACE_OUTER_BOUND('',#393,.T.);
#225=FACE_OUTER_BOUND('',#394,.T.);
#226=FACE_OUTER_BOUND('',#395,.T.);
#227=FACE_OUTER_BOUND('',#396,.T.);
#228=FACE_OUTER_BOUND('',#397,.T.);
#229=FACE_OUTER_BOUND('',#398,.T.);
#230=FACE_OUTER_BOUND('',#399,.T.);
#231=FACE_OUTER_BOUND('',#400,.T.);
#232=FACE_OUTER_BOUND('',#401,.T.);
#233=FACE_OUTER_BOUND('',#402,.T.);
#234=FACE_OUTER_BOUND('',#403,.T.);
#235=FACE_OUTER_BOUND('',#404,.T.);
#236=FACE_OUTER_BOUND('',#405,.T.);
#237=FACE_OUTER_BOUND('',#406,.T.);
#238=FACE_OUTER_BOUND('',#407,.T.);
#239=FACE_OUTER_BOUND('',#408,.T.);
#240=FACE_OUTER_BOUND('',#409,.T.);
#241=FACE_OUTER_BOUND('',#410,.T.);
#242=FACE_OUTER_BOUND('',#411,.T.);
#243=FACE_OUTER_BOUND('',#412,.T.);
#244=FACE_OUTER_BOUND('',#413,.T.);
#245=FACE_OUTER_BOUND('',#414,.T.);
#246=FACE_OUTER_BOUND('',#415,.T.);
#247=FACE_OUTER_BOUND('',#416,.T.);
#248=FACE_OUTER_BOUND('',#417,.T.);
#249=FACE_OUTER_BOUND('',#418,.T.);
#250=FACE_OUTER_BOUND('',#419,.T.);
#251=FACE_OUTER_BOUND('',#420,.T.);
#252=FACE_OUTER_BOUND('',#421,.T.);
#253=FACE_OUTER_BOUND('',#422,.T.);
#254=FACE_OUTER_BOUND('',#423,.T.);
#255=FACE_OUTER_BOUND('',#424,.T.);
#256=FACE_OUTER_BOUND('',#425,.T.);
#257=FACE_OUTER_BOUND('',#426,.T.);
#258=FACE_OUTER_BOUND('',#427,.T.);
#259=FACE_OUTER_BOUND('',#428,.T.);
#260=FACE_OUTER_BOUND('',#429,.T.);
#261=FACE_OUTER_BOUND('',#430,.T.);
#262=FACE_OUTER_BOUND('',#431,.T.);
#263=FACE_OUTER_BOUND('',#432,.T.);
#264=FACE_OUTER_BOUND('',#433,.T.);
#265=FACE_OUTER_BOUND('',#434,.T.);
#266=FACE_OUTER_BOUND('',#435,.T.);
#267=FACE_OUTER_BOUND('',#436,.T.);
#268=FACE_OUTER_BOUND('',#437,.T.);
#269=FACE_OUTER_BOUND('',#438,.T.);
#270=FACE_OUTER_BOUND('',#439,.T.);
#271=FACE_OUTER_BOUND('',#440,.T.);
#272=FACE_OUTER_BOUND('',#441,.T.);
#273=FACE_OUTER_BOUND('',#442,.T.);
#274=FACE_OUTER_BOUND('',#443,.T.);
#275=FACE_OUTER_BOUND('',#444,.T.);
#276=FACE_OUTER_BOUND('',#445,.T.);
#277=FACE_OUTER_BOUND('',#446,.T.);
#278=FACE_OUTER_BOUND('',#447,.T.);
#279=FACE_OUTER_BOUND('',#448,.T.);
#280=FACE_OUTER_BOUND('',#450,.T.);
#281=FACE_OUTER_BOUND('',#452,.T.);
#282=FACE_OUTER_BOUND('',#454,.T.);
#283=FACE_OUTER_BOUND('',#456,.T.);
#284=FACE_OUTER_BOUND('',#457,.T.);
#285=FACE_OUTER_BOUND('',#458,.T.);
#286=FACE_OUTER_BOUND('',#459,.T.);
#287=FACE_OUTER_BOUND('',#460,.T.);
#288=FACE_OUTER_BOUND('',#461,.T.);
#289=FACE_OUTER_BOUND('',#463,.T.);
#290=FACE_OUTER_BOUND('',#464,.T.);
#291=FACE_OUTER_BOUND('',#465,.T.);
#292=FACE_OUTER_BOUND('',#467,.T.);
#293=FACE_OUTER_BOUND('',#468,.T.);
#294=FACE_OUTER_BOUND('',#469,.T.);
#295=FACE_OUTER_BOUND('',#471,.T.);
#296=FACE_OUTER_BOUND('',#477,.T.);
#297=FACE_OUTER_BOUND('',#478,.T.);
#298=FACE_OUTER_BOUND('',#479,.T.);
#299=FACE_OUTER_BOUND('',#480,.T.);
#300=FACE_OUTER_BOUND('',#481,.T.);
#301=FACE_OUTER_BOUND('',#482,.T.);
#302=FACE_OUTER_BOUND('',#483,.T.);
#303=FACE_OUTER_BOUND('',#484,.T.);
#304=EDGE_LOOP('',(#1504,#1505,#1506,#1507));
#305=EDGE_LOOP('',(#1508,#1509,#1510,#1511,#1512,#1513,#1514,#1515));
#306=EDGE_LOOP('',(#1516));
#307=EDGE_LOOP('',(#1517));
#308=EDGE_LOOP('',(#1518,#1519,#1520,#1521));
#309=EDGE_LOOP('',(#1522,#1523,#1524,#1525));
#310=EDGE_LOOP('',(#1526,#1527,#1528,#1529));
#311=EDGE_LOOP('',(#1530,#1531,#1532,#1533));
#312=EDGE_LOOP('',(#1534,#1535,#1536,#1537));
#313=EDGE_LOOP('',(#1538,#1539,#1540,#1541));
#314=EDGE_LOOP('',(#1542,#1543,#1544,#1545));
#315=EDGE_LOOP('',(#1546,#1547,#1548,#1549));
#316=EDGE_LOOP('',(#1550,#1551,#1552,#1553));
#317=EDGE_LOOP('',(#1554,#1555,#1556,#1557));
#318=EDGE_LOOP('',(#1558,#1559,#1560,#1561));
#319=EDGE_LOOP('',(#1562,#1563,#1564,#1565));
#320=EDGE_LOOP('',(#1566));
#321=EDGE_LOOP('',(#1567,#1568,#1569,#1570));
#322=EDGE_LOOP('',(#1571,#1572,#1573,#1574));
#323=EDGE_LOOP('',(#1575,#1576,#1577,#1578));
#324=EDGE_LOOP('',(#1579,#1580,#1581,#1582));
#325=EDGE_LOOP('',(#1583));
#326=EDGE_LOOP('',(#1584));
#327=EDGE_LOOP('',(#1585));
#328=EDGE_LOOP('',(#1586));
#329=EDGE_LOOP('',(#1587));
#330=EDGE_LOOP('',(#1588));
#331=EDGE_LOOP('',(#1589,#1590,#1591,#1592));
#332=EDGE_LOOP('',(#1593,#1594,#1595,#1596));
#333=EDGE_LOOP('',(#1597,#1598,#1599,#1600));
#334=EDGE_LOOP('',(#1601,#1602,#1603,#1604));
#335=EDGE_LOOP('',(#1605,#1606,#1607,#1608));
#336=EDGE_LOOP('',(#1609,#1610,#1611,#1612));
#337=EDGE_LOOP('',(#1613,#1614,#1615,#1616));
#338=EDGE_LOOP('',(#1617,#1618,#1619,#1620));
#339=EDGE_LOOP('',(#1621,#1622,#1623,#1624));
#340=EDGE_LOOP('',(#1625,#1626,#1627,#1628,#1629,#1630,#1631,#1632));
#341=EDGE_LOOP('',(#1633,#1634,#1635,#1636));
#342=EDGE_LOOP('',(#1637,#1638,#1639,#1640));
#343=EDGE_LOOP('',(#1641,#1642,#1643,#1644));
#344=EDGE_LOOP('',(#1645,#1646,#1647,#1648));
#345=EDGE_LOOP('',(#1649,#1650,#1651,#1652));
#346=EDGE_LOOP('',(#1653,#1654,#1655,#1656));
#347=EDGE_LOOP('',(#1657,#1658,#1659,#1660));
#348=EDGE_LOOP('',(#1661,#1662,#1663,#1664));
#349=EDGE_LOOP('',(#1665,#1666,#1667,#1668));
#350=EDGE_LOOP('',(#1669,#1670,#1671,#1672));
#351=EDGE_LOOP('',(#1673,#1674,#1675,#1676));
#352=EDGE_LOOP('',(#1677,#1678,#1679,#1680));
#353=EDGE_LOOP('',(#1681));
#354=EDGE_LOOP('',(#1682,#1683,#1684,#1685));
#355=EDGE_LOOP('',(#1686,#1687,#1688,#1689));
#356=EDGE_LOOP('',(#1690,#1691,#1692,#1693));
#357=EDGE_LOOP('',(#1694,#1695,#1696,#1697));
#358=EDGE_LOOP('',(#1698));
#359=EDGE_LOOP('',(#1699));
#360=EDGE_LOOP('',(#1700));
#361=EDGE_LOOP('',(#1701));
#362=EDGE_LOOP('',(#1702));
#363=EDGE_LOOP('',(#1703));
#364=EDGE_LOOP('',(#1704));
#365=EDGE_LOOP('',(#1705,#1706,#1707,#1708));
#366=EDGE_LOOP('',(#1709,#1710,#1711,#1712));
#367=EDGE_LOOP('',(#1713,#1714,#1715,#1716));
#368=EDGE_LOOP('',(#1717,#1718,#1719,#1720));
#369=EDGE_LOOP('',(#1721,#1722,#1723,#1724));
#370=EDGE_LOOP('',(#1725,#1726,#1727,#1728));
#371=EDGE_LOOP('',(#1729,#1730,#1731,#1732));
#372=EDGE_LOOP('',(#1733,#1734,#1735,#1736));
#373=EDGE_LOOP('',(#1737,#1738,#1739,#1740));
#374=EDGE_LOOP('',(#1741,#1742,#1743,#1744));
#375=EDGE_LOOP('',(#1745,#1746,#1747,#1748));
#376=EDGE_LOOP('',(#1749,#1750,#1751,#1752));
#377=EDGE_LOOP('',(#1753,#1754,#1755,#1756));
#378=EDGE_LOOP('',(#1757,#1758,#1759,#1760));
#379=EDGE_LOOP('',(#1761,#1762,#1763,#1764));
#380=EDGE_LOOP('',(#1765,#1766,#1767,#1768));
#381=EDGE_LOOP('',(#1769,#1770,#1771,#1772));
#382=EDGE_LOOP('',(#1773,#1774,#1775,#1776));
#383=EDGE_LOOP('',(#1777,#1778,#1779,#1780));
#384=EDGE_LOOP('',(#1781,#1782,#1783,#1784));
#385=EDGE_LOOP('',(#1785,#1786,#1787,#1788));
#386=EDGE_LOOP('',(#1789,#1790,#1791,#1792));
#387=EDGE_LOOP('',(#1793,#1794,#1795,#1796));
#388=EDGE_LOOP('',(#1797,#1798,#1799,#1800));
#389=EDGE_LOOP('',(#1801,#1802,#1803,#1804));
#390=EDGE_LOOP('',(#1805,#1806,#1807,#1808));
#391=EDGE_LOOP('',(#1809,#1810,#1811,#1812));
#392=EDGE_LOOP('',(#1813,#1814,#1815,#1816));
#393=EDGE_LOOP('',(#1817,#1818,#1819,#1820));
#394=EDGE_LOOP('',(#1821,#1822,#1823,#1824));
#395=EDGE_LOOP('',(#1825,#1826,#1827,#1828));
#396=EDGE_LOOP('',(#1829,#1830,#1831,#1832));
#397=EDGE_LOOP('',(#1833,#1834,#1835,#1836));
#398=EDGE_LOOP('',(#1837,#1838,#1839,#1840));
#399=EDGE_LOOP('',(#1841,#1842,#1843,#1844));
#400=EDGE_LOOP('',(#1845,#1846,#1847,#1848));
#401=EDGE_LOOP('',(#1849,#1850,#1851,#1852));
#402=EDGE_LOOP('',(#1853,#1854,#1855,#1856));
#403=EDGE_LOOP('',(#1857,#1858,#1859,#1860));
#404=EDGE_LOOP('',(#1861,#1862,#1863,#1864));
#405=EDGE_LOOP('',(#1865,#1866,#1867,#1868));
#406=EDGE_LOOP('',(#1869,#1870,#1871,#1872));
#407=EDGE_LOOP('',(#1873,#1874,#1875,#1876));
#408=EDGE_LOOP('',(#1877,#1878,#1879,#1880));
#409=EDGE_LOOP('',(#1881,#1882,#1883,#1884));
#410=EDGE_LOOP('',(#1885,#1886,#1887,#1888));
#411=EDGE_LOOP('',(#1889,#1890,#1891,#1892));
#412=EDGE_LOOP('',(#1893,#1894,#1895,#1896));
#413=EDGE_LOOP('',(#1897,#1898,#1899,#1900));
#414=EDGE_LOOP('',(#1901,#1902,#1903,#1904));
#415=EDGE_LOOP('',(#1905,#1906,#1907,#1908));
#416=EDGE_LOOP('',(#1909,#1910,#1911,#1912));
#417=EDGE_LOOP('',(#1913,#1914,#1915,#1916));
#418=EDGE_LOOP('',(#1917,#1918,#1919,#1920));
#419=EDGE_LOOP('',(#1921,#1922,#1923,#1924));
#420=EDGE_LOOP('',(#1925,#1926,#1927,#1928));
#421=EDGE_LOOP('',(#1929,#1930,#1931,#1932));
#422=EDGE_LOOP('',(#1933,#1934,#1935,#1936));
#423=EDGE_LOOP('',(#1937,#1938,#1939,#1940));
#424=EDGE_LOOP('',(#1941,#1942,#1943,#1944));
#425=EDGE_LOOP('',(#1945,#1946,#1947,#1948));
#426=EDGE_LOOP('',(#1949,#1950,#1951,#1952));
#427=EDGE_LOOP('',(#1953,#1954,#1955,#1956));
#428=EDGE_LOOP('',(#1957,#1958,#1959,#1960));
#429=EDGE_LOOP('',(#1961,#1962,#1963,#1964));
#430=EDGE_LOOP('',(#1965,#1966,#1967,#1968));
#431=EDGE_LOOP('',(#1969,#1970,#1971,#1972));
#432=EDGE_LOOP('',(#1973,#1974,#1975,#1976));
#433=EDGE_LOOP('',(#1977,#1978,#1979,#1980));
#434=EDGE_LOOP('',(#1981,#1982,#1983,#1984));
#435=EDGE_LOOP('',(#1985,#1986,#1987,#1988));
#436=EDGE_LOOP('',(#1989,#1990,#1991,#1992));
#437=EDGE_LOOP('',(#1993,#1994,#1995,#1996));
#438=EDGE_LOOP('',(#1997,#1998,#1999,#2000));
#439=EDGE_LOOP('',(#2001,#2002,#2003,#2004));
#440=EDGE_LOOP('',(#2005,#2006,#2007,#2008));
#441=EDGE_LOOP('',(#2009,#2010,#2011,#2012));
#442=EDGE_LOOP('',(#2013,#2014,#2015,#2016));
#443=EDGE_LOOP('',(#2017,#2018,#2019,#2020));
#444=EDGE_LOOP('',(#2021,#2022,#2023,#2024));
#445=EDGE_LOOP('',(#2025,#2026,#2027,#2028));
#446=EDGE_LOOP('',(#2029,#2030,#2031,#2032));
#447=EDGE_LOOP('',(#2033,#2034,#2035,#2036));
#448=EDGE_LOOP('',(#2037));
#449=EDGE_LOOP('',(#2038));
#450=EDGE_LOOP('',(#2039));
#451=EDGE_LOOP('',(#2040));
#452=EDGE_LOOP('',(#2041));
#453=EDGE_LOOP('',(#2042));
#454=EDGE_LOOP('',(#2043));
#455=EDGE_LOOP('',(#2044));
#456=EDGE_LOOP('',(#2045));
#457=EDGE_LOOP('',(#2046));
#458=EDGE_LOOP('',(#2047));
#459=EDGE_LOOP('',(#2048,#2049,#2050,#2051));
#460=EDGE_LOOP('',(#2052,#2053,#2054,#2055));
#461=EDGE_LOOP('',(#2056));
#462=EDGE_LOOP('',(#2057));
#463=EDGE_LOOP('',(#2058,#2059,#2060,#2061));
#464=EDGE_LOOP('',(#2062,#2063,#2064,#2065));
#465=EDGE_LOOP('',(#2066));
#466=EDGE_LOOP('',(#2067));
#467=EDGE_LOOP('',(#2068,#2069,#2070,#2071));
#468=EDGE_LOOP('',(#2072,#2073,#2074,#2075));
#469=EDGE_LOOP('',(#2076));
#470=EDGE_LOOP('',(#2077));
#471=EDGE_LOOP('',(#2078,#2079,#2080,#2081,#2082,#2083,#2084,#2085));
#472=EDGE_LOOP('',(#2086));
#473=EDGE_LOOP('',(#2087));
#474=EDGE_LOOP('',(#2088));
#475=EDGE_LOOP('',(#2089));
#476=EDGE_LOOP('',(#2090,#2091,#2092,#2093,#2094,#2095,#2096,#2097));
#477=EDGE_LOOP('',(#2098,#2099,#2100,#2101));
#478=EDGE_LOOP('',(#2102,#2103,#2104,#2105));
#479=EDGE_LOOP('',(#2106,#2107,#2108,#2109));
#480=EDGE_LOOP('',(#2110,#2111,#2112,#2113));
#481=EDGE_LOOP('',(#2114,#2115,#2116,#2117));
#482=EDGE_LOOP('',(#2118,#2119,#2120,#2121));
#483=EDGE_LOOP('',(#2122,#2123,#2124,#2125));
#484=EDGE_LOOP('',(#2126,#2127,#2128,#2129));
#485=LINE('',#3196,#672);
#486=LINE('',#3203,#673);
#487=LINE('',#3207,#674);
#488=LINE('',#3211,#675);
#489=LINE('',#3214,#676);
#490=LINE('',#3223,#677);
#491=LINE('',#3226,#678);
#492=LINE('',#3231,#679);
#493=LINE('',#3234,#680);
#494=LINE('',#3239,#681);
#495=LINE('',#3242,#682);
#496=LINE('',#3247,#683);
#497=LINE('',#3250,#684);
#498=LINE('',#3255,#685);
#499=LINE('',#3258,#686);
#500=LINE('',#3263,#687);
#501=LINE('',#3266,#688);
#502=LINE('',#3271,#689);
#503=LINE('',#3274,#690);
#504=LINE('',#3279,#691);
#505=LINE('',#3282,#692);
#506=LINE('',#3287,#693);
#507=LINE('',#3290,#694);
#508=LINE('',#3295,#695);
#509=LINE('',#3298,#696);
#510=LINE('',#3303,#697);
#511=LINE('',#3306,#698);
#512=LINE('',#3311,#699);
#513=LINE('',#3314,#700);
#514=LINE('',#3321,#701);
#515=LINE('',#3324,#702);
#516=LINE('',#3329,#703);
#517=LINE('',#3332,#704);
#518=LINE('',#3337,#705);
#519=LINE('',#3340,#706);
#520=LINE('',#3345,#707);
#521=LINE('',#3348,#708);
#522=LINE('',#3361,#709);
#523=LINE('',#3365,#710);
#524=LINE('',#3369,#711);
#525=LINE('',#3373,#712);
#526=LINE('',#3377,#713);
#527=LINE('',#3381,#714);
#528=LINE('',#3385,#715);
#529=LINE('',#3392,#716);
#530=LINE('',#3395,#717);
#531=LINE('',#3398,#718);
#532=LINE('',#3400,#719);
#533=LINE('',#3401,#720);
#534=LINE('',#3404,#721);
#535=LINE('',#3408,#722);
#536=LINE('',#3412,#723);
#537=LINE('',#3418,#724);
#538=LINE('',#3421,#725);
#539=LINE('',#3426,#726);
#540=LINE('',#3429,#727);
#541=LINE('',#3434,#728);
#542=LINE('',#3437,#729);
#543=LINE('',#3442,#730);
#544=LINE('',#3445,#731);
#545=LINE('',#3450,#732);
#546=LINE('',#3453,#733);
#547=LINE('',#3458,#734);
#548=LINE('',#3461,#735);
#549=LINE('',#3466,#736);
#550=LINE('',#3469,#737);
#551=LINE('',#3474,#738);
#552=LINE('',#3477,#739);
#553=LINE('',#3482,#740);
#554=LINE('',#3485,#741);
#555=LINE('',#3490,#742);
#556=LINE('',#3493,#743);
#557=LINE('',#3498,#744);
#558=LINE('',#3501,#745);
#559=LINE('',#3506,#746);
#560=LINE('',#3509,#747);
#561=LINE('',#3516,#748);
#562=LINE('',#3519,#749);
#563=LINE('',#3524,#750);
#564=LINE('',#3527,#751);
#565=LINE('',#3532,#752);
#566=LINE('',#3535,#753);
#567=LINE('',#3540,#754);
#568=LINE('',#3543,#755);
#569=LINE('',#3560,#756);
#570=LINE('',#3564,#757);
#571=LINE('',#3565,#758);
#572=LINE('',#3568,#759);
#573=LINE('',#3571,#760);
#574=LINE('',#3573,#761);
#575=LINE('',#3576,#762);
#576=LINE('',#3579,#763);
#577=LINE('',#3581,#764);
#578=LINE('',#3582,#765);
#579=LINE('',#3584,#766);
#580=LINE('',#3586,#767);
#581=LINE('',#3589,#768);
#582=LINE('',#3590,#769);
#583=LINE('',#3592,#770);
#584=LINE('',#3594,#771);
#585=LINE('',#3597,#772);
#586=LINE('',#3598,#773);
#587=LINE('',#3600,#774);
#588=LINE('',#3602,#775);
#589=LINE('',#3605,#776);
#590=LINE('',#3606,#777);
#591=LINE('',#3608,#778);
#592=LINE('',#3610,#779);
#593=LINE('',#3613,#780);
#594=LINE('',#3614,#781);
#595=LINE('',#3616,#782);
#596=LINE('',#3618,#783);
#597=LINE('',#3621,#784);
#598=LINE('',#3622,#785);
#599=LINE('',#3624,#786);
#600=LINE('',#3626,#787);
#601=LINE('',#3629,#788);
#602=LINE('',#3630,#789);
#603=LINE('',#3632,#790);
#604=LINE('',#3634,#791);
#605=LINE('',#3637,#792);
#606=LINE('',#3638,#793);
#607=LINE('',#3640,#794);
#608=LINE('',#3642,#795);
#609=LINE('',#3645,#796);
#610=LINE('',#3646,#797);
#611=LINE('',#3648,#798);
#612=LINE('',#3650,#799);
#613=LINE('',#3653,#800);
#614=LINE('',#3654,#801);
#615=LINE('',#3656,#802);
#616=LINE('',#3658,#803);
#617=LINE('',#3661,#804);
#618=LINE('',#3662,#805);
#619=LINE('',#3664,#806);
#620=LINE('',#3666,#807);
#621=LINE('',#3669,#808);
#622=LINE('',#3670,#809);
#623=LINE('',#3672,#810);
#624=LINE('',#3674,#811);
#625=LINE('',#3677,#812);
#626=LINE('',#3679,#813);
#627=LINE('',#3680,#814);
#628=LINE('',#3682,#815);
#629=LINE('',#3684,#816);
#630=LINE('',#3687,#817);
#631=LINE('',#3688,#818);
#632=LINE('',#3690,#819);
#633=LINE('',#3692,#820);
#634=LINE('',#3695,#821);
#635=LINE('',#3696,#822);
#636=LINE('',#3698,#823);
#637=LINE('',#3700,#824);
#638=LINE('',#3703,#825);
#639=LINE('',#3704,#826);
#640=LINE('',#3706,#827);
#641=LINE('',#3708,#828);
#642=LINE('',#3712,#829);
#643=LINE('',#3717,#830);
#644=LINE('',#3720,#831);
#645=LINE('',#3725,#832);
#646=LINE('',#3728,#833);
#647=LINE('',#3733,#834);
#648=LINE('',#3736,#835);
#649=LINE('',#3741,#836);
#650=LINE('',#3744,#837);
#651=LINE('',#3748,#838);
#652=LINE('',#3752,#839);
#653=LINE('',#3756,#840);
#654=LINE('',#3773,#841);
#655=LINE('',#3777,#842);
#656=LINE('',#3782,#843);
#657=LINE('',#3786,#844);
#658=LINE('',#3791,#845);
#659=LINE('',#3795,#846);
#660=LINE('',#3801,#847);
#661=LINE('',#3805,#848);
#662=LINE('',#3809,#849);
#663=LINE('',#3813,#850);
#664=LINE('',#3816,#851);
#665=LINE('',#3817,#852);
#666=LINE('',#3819,#853);
#667=LINE('',#3821,#854);
#668=LINE('',#3823,#855);
#669=LINE('',#3825,#856);
#670=LINE('',#3827,#857);
#671=LINE('',#3829,#858);
#672=VECTOR('',#2516,2.6);
#673=VECTOR('',#2523,10.);
#674=VECTOR('',#2526,10.);
#675=VECTOR('',#2529,10.);
#676=VECTOR('',#2532,10.);
#677=VECTOR('',#2539,10.);
#678=VECTOR('',#2542,10.);
#679=VECTOR('',#2545,10.);
#680=VECTOR('',#2548,10.);
#681=VECTOR('',#2551,10.);
#682=VECTOR('',#2554,10.);
#683=VECTOR('',#2557,10.);
#684=VECTOR('',#2560,10.);
#685=VECTOR('',#2563,10.);
#686=VECTOR('',#2566,10.);
#687=VECTOR('',#2569,10.);
#688=VECTOR('',#2572,10.);
#689=VECTOR('',#2575,10.);
#690=VECTOR('',#2578,10.);
#691=VECTOR('',#2581,10.);
#692=VECTOR('',#2584,10.);
#693=VECTOR('',#2587,10.);
#694=VECTOR('',#2590,10.);
#695=VECTOR('',#2593,10.);
#696=VECTOR('',#2596,10.);
#697=VECTOR('',#2599,10.);
#698=VECTOR('',#2602,10.);
#699=VECTOR('',#2605,10.);
#700=VECTOR('',#2608,10.);
#701=VECTOR('',#2613,10.);
#702=VECTOR('',#2616,10.);
#703=VECTOR('',#2619,10.);
#704=VECTOR('',#2622,10.);
#705=VECTOR('',#2625,10.);
#706=VECTOR('',#2628,10.);
#707=VECTOR('',#2631,10.);
#708=VECTOR('',#2634,10.);
#709=VECTOR('',#2647,1.6);
#710=VECTOR('',#2652,2.6);
#711=VECTOR('',#2657,1.6);
#712=VECTOR('',#2662,2.6);
#713=VECTOR('',#2667,1.6);
#714=VECTOR('',#2672,2.6);
#715=VECTOR('',#2677,1.6);
#716=VECTOR('',#2684,10.);
#717=VECTOR('',#2687,10.);
#718=VECTOR('',#2690,10.);
#719=VECTOR('',#2691,10.);
#720=VECTOR('',#2692,10.);
#721=VECTOR('',#2695,10.);
#722=VECTOR('',#2698,10.);
#723=VECTOR('',#2701,10.);
#724=VECTOR('',#2706,10.);
#725=VECTOR('',#2709,10.);
#726=VECTOR('',#2712,10.);
#727=VECTOR('',#2715,10.);
#728=VECTOR('',#2718,10.);
#729=VECTOR('',#2721,10.);
#730=VECTOR('',#2724,10.);
#731=VECTOR('',#2727,10.);
#732=VECTOR('',#2730,10.);
#733=VECTOR('',#2733,10.);
#734=VECTOR('',#2736,10.);
#735=VECTOR('',#2739,10.);
#736=VECTOR('',#2742,10.);
#737=VECTOR('',#2745,10.);
#738=VECTOR('',#2748,10.);
#739=VECTOR('',#2751,10.);
#740=VECTOR('',#2754,10.);
#741=VECTOR('',#2757,10.);
#742=VECTOR('',#2760,10.);
#743=VECTOR('',#2763,10.);
#744=VECTOR('',#2766,10.);
#745=VECTOR('',#2769,10.);
#746=VECTOR('',#2772,10.);
#747=VECTOR('',#2775,10.);
#748=VECTOR('',#2780,10.);
#749=VECTOR('',#2783,10.);
#750=VECTOR('',#2786,10.);
#751=VECTOR('',#2789,10.);
#752=VECTOR('',#2792,10.);
#753=VECTOR('',#2795,10.);
#754=VECTOR('',#2798,10.);
#755=VECTOR('',#2801,10.);
#756=VECTOR('',#2818,10.);
#757=VECTOR('',#2823,10.);
#758=VECTOR('',#2824,10.);
#759=VECTOR('',#2827,10.);
#760=VECTOR('',#2830,10.);
#761=VECTOR('',#2833,10.);
#762=VECTOR('',#2836,10.);
#763=VECTOR('',#2841,10.);
#764=VECTOR('',#2844,10.);
#765=VECTOR('',#2845,10.);
#766=VECTOR('',#2848,10.);
#767=VECTOR('',#2851,10.);
#768=VECTOR('',#2856,10.);
#769=VECTOR('',#2857,10.);
#770=VECTOR('',#2860,10.);
#771=VECTOR('',#2863,10.);
#772=VECTOR('',#2868,10.);
#773=VECTOR('',#2869,10.);
#774=VECTOR('',#2872,10.);
#775=VECTOR('',#2875,10.);
#776=VECTOR('',#2880,10.);
#777=VECTOR('',#2881,10.);
#778=VECTOR('',#2884,10.);
#779=VECTOR('',#2887,10.);
#780=VECTOR('',#2892,10.);
#781=VECTOR('',#2893,10.);
#782=VECTOR('',#2896,10.);
#783=VECTOR('',#2899,10.);
#784=VECTOR('',#2904,10.);
#785=VECTOR('',#2905,10.);
#786=VECTOR('',#2908,10.);
#787=VECTOR('',#2911,10.);
#788=VECTOR('',#2916,10.);
#789=VECTOR('',#2917,10.);
#790=VECTOR('',#2920,10.);
#791=VECTOR('',#2923,10.);
#792=VECTOR('',#2928,10.);
#793=VECTOR('',#2929,10.);
#794=VECTOR('',#2932,10.);
#795=VECTOR('',#2935,10.);
#796=VECTOR('',#2940,10.);
#797=VECTOR('',#2941,10.);
#798=VECTOR('',#2944,10.);
#799=VECTOR('',#2947,10.);
#800=VECTOR('',#2952,10.);
#801=VECTOR('',#2953,10.);
#802=VECTOR('',#2956,10.);
#803=VECTOR('',#2959,10.);
#804=VECTOR('',#2964,10.);
#805=VECTOR('',#2965,10.);
#806=VECTOR('',#2968,10.);
#807=VECTOR('',#2971,10.);
#808=VECTOR('',#2976,10.);
#809=VECTOR('',#2977,10.);
#810=VECTOR('',#2980,10.);
#811=VECTOR('',#2983,10.);
#812=VECTOR('',#2988,2.5);
#813=VECTOR('',#2991,10.);
#814=VECTOR('',#2992,10.);
#815=VECTOR('',#2995,10.);
#816=VECTOR('',#2998,10.);
#817=VECTOR('',#3003,10.);
#818=VECTOR('',#3004,10.);
#819=VECTOR('',#3007,10.);
#820=VECTOR('',#3010,10.);
#821=VECTOR('',#3015,10.);
#822=VECTOR('',#3016,10.);
#823=VECTOR('',#3019,10.);
#824=VECTOR('',#3022,10.);
#825=VECTOR('',#3027,10.);
#826=VECTOR('',#3028,10.);
#827=VECTOR('',#3031,10.);
#828=VECTOR('',#3034,10.);
#829=VECTOR('',#3039,2.6);
#830=VECTOR('',#3046,1.6);
#831=VECTOR('',#3049,2.6);
#832=VECTOR('',#3056,1.6);
#833=VECTOR('',#3059,2.6);
#834=VECTOR('',#3066,1.6);
#835=VECTOR('',#3069,2.6);
#836=VECTOR('',#3076,1.6);
#837=VECTOR('',#3079,3.5);
#838=VECTOR('',#3084,3.5);
#839=VECTOR('',#3089,3.5);
#840=VECTOR('',#3094,3.5);
#841=VECTOR('',#3119,1.15);
#842=VECTOR('',#3124,3.);
#843=VECTOR('',#3131,1.15);
#844=VECTOR('',#3136,3.);
#845=VECTOR('',#3143,1.15);
#846=VECTOR('',#3148,3.);
#847=VECTOR('',#3155,10.);
#848=VECTOR('',#3158,10.);
#849=VECTOR('',#3161,10.);
#850=VECTOR('',#3164,10.);
#851=VECTOR('',#3169,10.);
#852=VECTOR('',#3170,10.);
#853=VECTOR('',#3173,10.);
#854=VECTOR('',#3176,10.);
#855=VECTOR('',#3179,10.);
#856=VECTOR('',#3182,10.);
#857=VECTOR('',#3185,10.);
#858=VECTOR('',#3188,10.);
#859=CIRCLE('',#2265,3.6);
#860=CIRCLE('',#2266,1.6);
#861=CIRCLE('',#2268,2.50000000000001);
#862=CIRCLE('',#2269,2.5);
#863=CIRCLE('',#2270,2.49999999999999);
#864=CIRCLE('',#2271,2.50000000000001);
#865=CIRCLE('',#2272,3.6);
#866=CIRCLE('',#2273,3.6);
#867=CIRCLE('',#2274,22.5);
#868=CIRCLE('',#2275,20.0000009387732);
#869=CIRCLE('',#2276,7.5);
#870=CIRCLE('',#2277,5.00000071525575);
#871=CIRCLE('',#2278,17.5);
#872=CIRCLE('',#2279,15.0000008642674);
#873=CIRCLE('',#2280,12.5);
#874=CIRCLE('',#2281,10.0000007897616);
#875=CIRCLE('',#2282,7.5);
#876=CIRCLE('',#2283,5.00000071525575);
#877=CIRCLE('',#2284,22.5);
#878=CIRCLE('',#2285,20.0000009387732);
#879=CIRCLE('',#2286,7.5);
#880=CIRCLE('',#2287,5.00000071525575);
#881=CIRCLE('',#2288,22.5);
#882=CIRCLE('',#2289,20.0000009387732);
#883=CIRCLE('',#2290,17.5);
#884=CIRCLE('',#2291,15.0000008642674);
#885=CIRCLE('',#2292,12.5);
#886=CIRCLE('',#2293,10.0000007897616);
#887=CIRCLE('',#2294,12.5);
#888=CIRCLE('',#2295,10.0000007897616);
#889=CIRCLE('',#2296,17.5);
#890=CIRCLE('',#2297,15.0000008642674);
#891=CIRCLE('',#2298,2.5);
#892=CIRCLE('',#2299,22.5);
#893=CIRCLE('',#2300,20.0000009387732);
#894=CIRCLE('',#2301,7.5);
#895=CIRCLE('',#2302,5.00000071525575);
#896=CIRCLE('',#2303,17.5);
#897=CIRCLE('',#2304,15.0000008642674);
#898=CIRCLE('',#2305,12.5);
#899=CIRCLE('',#2306,10.0000007897616);
#900=CIRCLE('',#2307,3.6);
#901=CIRCLE('',#2308,3.6);
#902=CIRCLE('',#2309,3.6);
#903=CIRCLE('',#2310,3.6);
#904=CIRCLE('',#2311,3.6);
#905=CIRCLE('',#2313,1.6);
#906=CIRCLE('',#2315,1.6);
#907=CIRCLE('',#2317,1.6);
#908=CIRCLE('',#2319,1.6);
#909=CIRCLE('',#2321,1.6);
#910=CIRCLE('',#2323,1.6);
#911=CIRCLE('',#2325,1.6);
#912=CIRCLE('',#2327,3.5);
#913=CIRCLE('',#2328,3.5);
#914=CIRCLE('',#2331,3.5);
#915=CIRCLE('',#2332,3.5);
#916=CIRCLE('',#2333,3.5);
#917=CIRCLE('',#2334,22.5);
#918=CIRCLE('',#2335,20.0000009387732);
#919=CIRCLE('',#2336,7.5);
#920=CIRCLE('',#2337,5.00000071525575);
#921=CIRCLE('',#2338,17.5);
#922=CIRCLE('',#2339,15.0000008642674);
#923=CIRCLE('',#2340,12.5);
#924=CIRCLE('',#2341,10.0000007897616);
#925=CIRCLE('',#2342,7.5);
#926=CIRCLE('',#2343,5.00000071525575);
#927=CIRCLE('',#2344,22.5);
#928=CIRCLE('',#2345,20.0000009387732);
#929=CIRCLE('',#2346,7.5);
#930=CIRCLE('',#2347,5.00000071525575);
#931=CIRCLE('',#2348,22.5);
#932=CIRCLE('',#2349,20.0000009387732);
#933=CIRCLE('',#2350,17.5);
#934=CIRCLE('',#2351,15.0000008642674);
#935=CIRCLE('',#2352,12.5);
#936=CIRCLE('',#2353,10.0000007897616);
#937=CIRCLE('',#2354,12.5);
#938=CIRCLE('',#2355,10.0000007897616);
#939=CIRCLE('',#2356,17.5);
#940=CIRCLE('',#2357,15.0000008642674);
#941=CIRCLE('',#2358,2.5);
#942=CIRCLE('',#2359,22.5);
#943=CIRCLE('',#2360,20.0000009387732);
#944=CIRCLE('',#2361,7.5);
#945=CIRCLE('',#2362,5.00000071525575);
#946=CIRCLE('',#2363,17.5);
#947=CIRCLE('',#2364,15.0000008642674);
#948=CIRCLE('',#2365,12.5);
#949=CIRCLE('',#2366,10.0000007897616);
#950=CIRCLE('',#2367,4.5);
#951=CIRCLE('',#2368,4.5);
#952=CIRCLE('',#2369,3.);
#953=CIRCLE('',#2370,3.);
#954=CIRCLE('',#2371,3.);
#955=CIRCLE('',#2372,4.5);
#956=CIRCLE('',#2373,4.5);
#957=CIRCLE('',#2375,3.5);
#958=CIRCLE('',#2378,3.5);
#959=CIRCLE('',#2381,3.5);
#960=CIRCLE('',#2449,1.6);
#961=CIRCLE('',#2451,1.6);
#962=CIRCLE('',#2453,1.6);
#963=CIRCLE('',#2455,1.6);
#964=CIRCLE('',#2457,1.6);
#965=CIRCLE('',#2459,1.6);
#966=CIRCLE('',#2461,1.6);
#967=CIRCLE('',#2463,1.6);
#968=CIRCLE('',#2465,2.5);
#969=CIRCLE('',#2467,2.5);
#970=CIRCLE('',#2469,2.5);
#971=CIRCLE('',#2471,2.5);
#972=CIRCLE('',#2477,1.15);
#973=CIRCLE('',#2479,1.15);
#974=CIRCLE('',#2481,1.15);
#975=CIRCLE('',#2483,1.15);
#976=CIRCLE('',#2485,3.);
#977=CIRCLE('',#2488,1.15);
#978=CIRCLE('',#2490,3.);
#979=CIRCLE('',#2493,1.15);
#980=CIRCLE('',#2495,3.);
#981=CIRCLE('',#2498,2.50000000000001);
#982=CIRCLE('',#2499,2.50000000000001);
#983=CIRCLE('',#2500,2.49999999999999);
#984=CIRCLE('',#2501,2.5);
#985=VERTEX_POINT('',#3193);
#986=VERTEX_POINT('',#3195);
#987=VERTEX_POINT('',#3199);
#988=VERTEX_POINT('',#3200);
#989=VERTEX_POINT('',#3202);
#990=VERTEX_POINT('',#3204);
#991=VERTEX_POINT('',#3206);
#992=VERTEX_POINT('',#3208);
#993=VERTEX_POINT('',#3210);
#994=VERTEX_POINT('',#3212);
#995=VERTEX_POINT('',#3215);
#996=VERTEX_POINT('',#3217);
#997=VERTEX_POINT('',#3219);
#998=VERTEX_POINT('',#3220);
#999=VERTEX_POINT('',#3222);
#1000=VERTEX_POINT('',#3224);
#1001=VERTEX_POINT('',#3227);
#1002=VERTEX_POINT('',#3228);
#1003=VERTEX_POINT('',#3230);
#1004=VERTEX_POINT('',#3232);
#1005=VERTEX_POINT('',#3235);
#1006=VERTEX_POINT('',#3236);
#1007=VERTEX_POINT('',#3238);
#1008=VERTEX_POINT('',#3240);
#1009=VERTEX_POINT('',#3243);
#1010=VERTEX_POINT('',#3244);
#1011=VERTEX_POINT('',#3246);
#1012=VERTEX_POINT('',#3248);
#1013=VERTEX_POINT('',#3251);
#1014=VERTEX_POINT('',#3252);
#1015=VERTEX_POINT('',#3254);
#1016=VERTEX_POINT('',#3256);
#1017=VERTEX_POINT('',#3259);
#1018=VERTEX_POINT('',#3260);
#1019=VERTEX_POINT('',#3262);
#1020=VERTEX_POINT('',#3264);
#1021=VERTEX_POINT('',#3267);
#1022=VERTEX_POINT('',#3268);
#1023=VERTEX_POINT('',#3270);
#1024=VERTEX_POINT('',#3272);
#1025=VERTEX_POINT('',#3275);
#1026=VERTEX_POINT('',#3276);
#1027=VERTEX_POINT('',#3278);
#1028=VERTEX_POINT('',#3280);
#1029=VERTEX_POINT('',#3283);
#1030=VERTEX_POINT('',#3284);
#1031=VERTEX_POINT('',#3286);
#1032=VERTEX_POINT('',#3288);
#1033=VERTEX_POINT('',#3291);
#1034=VERTEX_POINT('',#3292);
#1035=VERTEX_POINT('',#3294);
#1036=VERTEX_POINT('',#3296);
#1037=VERTEX_POINT('',#3299);
#1038=VERTEX_POINT('',#3300);
#1039=VERTEX_POINT('',#3302);
#1040=VERTEX_POINT('',#3304);
#1041=VERTEX_POINT('',#3307);
#1042=VERTEX_POINT('',#3308);
#1043=VERTEX_POINT('',#3310);
#1044=VERTEX_POINT('',#3312);
#1045=VERTEX_POINT('',#3315);
#1046=VERTEX_POINT('',#3317);
#1047=VERTEX_POINT('',#3318);
#1048=VERTEX_POINT('',#3320);
#1049=VERTEX_POINT('',#3322);
#1050=VERTEX_POINT('',#3325);
#1051=VERTEX_POINT('',#3326);
#1052=VERTEX_POINT('',#3328);
#1053=VERTEX_POINT('',#3330);
#1054=VERTEX_POINT('',#3333);
#1055=VERTEX_POINT('',#3334);
#1056=VERTEX_POINT('',#3336);
#1057=VERTEX_POINT('',#3338);
#1058=VERTEX_POINT('',#3341);
#1059=VERTEX_POINT('',#3342);
#1060=VERTEX_POINT('',#3344);
#1061=VERTEX_POINT('',#3346);
#1062=VERTEX_POINT('',#3349);
#1063=VERTEX_POINT('',#3351);
#1064=VERTEX_POINT('',#3353);
#1065=VERTEX_POINT('',#3355);
#1066=VERTEX_POINT('',#3357);
#1067=VERTEX_POINT('',#3360);
#1068=VERTEX_POINT('',#3364);
#1069=VERTEX_POINT('',#3368);
#1070=VERTEX_POINT('',#3372);
#1071=VERTEX_POINT('',#3376);
#1072=VERTEX_POINT('',#3380);
#1073=VERTEX_POINT('',#3384);
#1074=VERTEX_POINT('',#3388);
#1075=VERTEX_POINT('',#3389);
#1076=VERTEX_POINT('',#3391);
#1077=VERTEX_POINT('',#3393);
#1078=VERTEX_POINT('',#3397);
#1079=VERTEX_POINT('',#3399);
#1080=VERTEX_POINT('',#3403);
#1081=VERTEX_POINT('',#3405);
#1082=VERTEX_POINT('',#3407);
#1083=VERTEX_POINT('',#3409);
#1084=VERTEX_POINT('',#3411);
#1085=VERTEX_POINT('',#3414);
#1086=VERTEX_POINT('',#3415);
#1087=VERTEX_POINT('',#3417);
#1088=VERTEX_POINT('',#3419);
#1089=VERTEX_POINT('',#3422);
#1090=VERTEX_POINT('',#3423);
#1091=VERTEX_POINT('',#3425);
#1092=VERTEX_POINT('',#3427);
#1093=VERTEX_POINT('',#3430);
#1094=VERTEX_POINT('',#3431);
#1095=VERTEX_POINT('',#3433);
#1096=VERTEX_POINT('',#3435);
#1097=VERTEX_POINT('',#3438);
#1098=VERTEX_POINT('',#3439);
#1099=VERTEX_POINT('',#3441);
#1100=VERTEX_POINT('',#3443);
#1101=VERTEX_POINT('',#3446);
#1102=VERTEX_POINT('',#3447);
#1103=VERTEX_POINT('',#3449);
#1104=VERTEX_POINT('',#3451);
#1105=VERTEX_POINT('',#3454);
#1106=VERTEX_POINT('',#3455);
#1107=VERTEX_POINT('',#3457);
#1108=VERTEX_POINT('',#3459);
#1109=VERTEX_POINT('',#3462);
#1110=VERTEX_POINT('',#3463);
#1111=VERTEX_POINT('',#3465);
#1112=VERTEX_POINT('',#3467);
#1113=VERTEX_POINT('',#3470);
#1114=VERTEX_POINT('',#3471);
#1115=VERTEX_POINT('',#3473);
#1116=VERTEX_POINT('',#3475);
#1117=VERTEX_POINT('',#3478);
#1118=VERTEX_POINT('',#3479);
#1119=VERTEX_POINT('',#3481);
#1120=VERTEX_POINT('',#3483);
#1121=VERTEX_POINT('',#3486);
#1122=VERTEX_POINT('',#3487);
#1123=VERTEX_POINT('',#3489);
#1124=VERTEX_POINT('',#3491);
#1125=VERTEX_POINT('',#3494);
#1126=VERTEX_POINT('',#3495);
#1127=VERTEX_POINT('',#3497);
#1128=VERTEX_POINT('',#3499);
#1129=VERTEX_POINT('',#3502);
#1130=VERTEX_POINT('',#3503);
#1131=VERTEX_POINT('',#3505);
#1132=VERTEX_POINT('',#3507);
#1133=VERTEX_POINT('',#3510);
#1134=VERTEX_POINT('',#3512);
#1135=VERTEX_POINT('',#3513);
#1136=VERTEX_POINT('',#3515);
#1137=VERTEX_POINT('',#3517);
#1138=VERTEX_POINT('',#3520);
#1139=VERTEX_POINT('',#3521);
#1140=VERTEX_POINT('',#3523);
#1141=VERTEX_POINT('',#3525);
#1142=VERTEX_POINT('',#3528);
#1143=VERTEX_POINT('',#3529);
#1144=VERTEX_POINT('',#3531);
#1145=VERTEX_POINT('',#3533);
#1146=VERTEX_POINT('',#3536);
#1147=VERTEX_POINT('',#3537);
#1148=VERTEX_POINT('',#3539);
#1149=VERTEX_POINT('',#3541);
#1150=VERTEX_POINT('',#3544);
#1151=VERTEX_POINT('',#3546);
#1152=VERTEX_POINT('',#3548);
#1153=VERTEX_POINT('',#3550);
#1154=VERTEX_POINT('',#3552);
#1155=VERTEX_POINT('',#3554);
#1156=VERTEX_POINT('',#3556);
#1157=VERTEX_POINT('',#3559);
#1158=VERTEX_POINT('',#3563);
#1159=VERTEX_POINT('',#3567);
#1160=VERTEX_POINT('',#3569);
#1161=VERTEX_POINT('',#3575);
#1162=VERTEX_POINT('',#3711);
#1163=VERTEX_POINT('',#3715);
#1164=VERTEX_POINT('',#3719);
#1165=VERTEX_POINT('',#3723);
#1166=VERTEX_POINT('',#3727);
#1167=VERTEX_POINT('',#3731);
#1168=VERTEX_POINT('',#3735);
#1169=VERTEX_POINT('',#3739);
#1170=VERTEX_POINT('',#3743);
#1171=VERTEX_POINT('',#3747);
#1172=VERTEX_POINT('',#3751);
#1173=VERTEX_POINT('',#3755);
#1174=VERTEX_POINT('',#3763);
#1175=VERTEX_POINT('',#3766);
#1176=VERTEX_POINT('',#3769);
#1177=VERTEX_POINT('',#3772);
#1178=VERTEX_POINT('',#3776);
#1179=VERTEX_POINT('',#3781);
#1180=VERTEX_POINT('',#3785);
#1181=VERTEX_POINT('',#3790);
#1182=VERTEX_POINT('',#3794);
#1183=VERTEX_POINT('',#3799);
#1184=VERTEX_POINT('',#3800);
#1185=VERTEX_POINT('',#3802);
#1186=VERTEX_POINT('',#3804);
#1187=VERTEX_POINT('',#3806);
#1188=VERTEX_POINT('',#3808);
#1189=VERTEX_POINT('',#3810);
#1190=VERTEX_POINT('',#3812);
#1191=EDGE_CURVE('',#985,#985,#859,.T.);
#1192=EDGE_CURVE('',#985,#986,#485,.T.);
#1193=EDGE_CURVE('',#986,#986,#860,.T.);
#1194=EDGE_CURVE('',#987,#988,#861,.T.);
#1195=EDGE_CURVE('',#989,#988,#486,.T.);
#1196=EDGE_CURVE('',#989,#990,#862,.T.);
#1197=EDGE_CURVE('',#991,#990,#487,.T.);
#1198=EDGE_CURVE('',#991,#992,#863,.T.);
#1199=EDGE_CURVE('',#993,#992,#488,.T.);
#1200=EDGE_CURVE('',#993,#994,#864,.T.);
#1201=EDGE_CURVE('',#987,#994,#489,.T.);
#1202=EDGE_CURVE('',#995,#995,#865,.T.);
#1203=EDGE_CURVE('',#996,#996,#866,.T.);
#1204=EDGE_CURVE('',#997,#998,#867,.T.);
#1205=EDGE_CURVE('',#998,#999,#490,.T.);
#1206=EDGE_CURVE('',#999,#1000,#868,.T.);
#1207=EDGE_CURVE('',#1000,#997,#491,.T.);
#1208=EDGE_CURVE('',#1001,#1002,#869,.T.);
#1209=EDGE_CURVE('',#1002,#1003,#492,.T.);
#1210=EDGE_CURVE('',#1003,#1004,#870,.T.);
#1211=EDGE_CURVE('',#1004,#1001,#493,.T.);
#1212=EDGE_CURVE('',#1005,#1006,#871,.T.);
#1213=EDGE_CURVE('',#1006,#1007,#494,.T.);
#1214=EDGE_CURVE('',#1007,#1008,#872,.T.);
#1215=EDGE_CURVE('',#1008,#1005,#495,.T.);
#1216=EDGE_CURVE('',#1009,#1010,#873,.T.);
#1217=EDGE_CURVE('',#1010,#1011,#496,.T.);
#1218=EDGE_CURVE('',#1011,#1012,#874,.T.);
#1219=EDGE_CURVE('',#1012,#1009,#497,.T.);
#1220=EDGE_CURVE('',#1013,#1014,#875,.T.);
#1221=EDGE_CURVE('',#1014,#1015,#498,.T.);
#1222=EDGE_CURVE('',#1015,#1016,#876,.T.);
#1223=EDGE_CURVE('',#1016,#1013,#499,.T.);
#1224=EDGE_CURVE('',#1017,#1018,#877,.T.);
#1225=EDGE_CURVE('',#1018,#1019,#500,.T.);
#1226=EDGE_CURVE('',#1019,#1020,#878,.T.);
#1227=EDGE_CURVE('',#1020,#1017,#501,.T.);
#1228=EDGE_CURVE('',#1021,#1022,#879,.T.);
#1229=EDGE_CURVE('',#1022,#1023,#502,.T.);
#1230=EDGE_CURVE('',#1023,#1024,#880,.T.);
#1231=EDGE_CURVE('',#1024,#1021,#503,.T.);
#1232=EDGE_CURVE('',#1025,#1026,#881,.T.);
#1233=EDGE_CURVE('',#1026,#1027,#504,.T.);
#1234=EDGE_CURVE('',#1027,#1028,#882,.T.);
#1235=EDGE_CURVE('',#1028,#1025,#505,.T.);
#1236=EDGE_CURVE('',#1029,#1030,#883,.T.);
#1237=EDGE_CURVE('',#1030,#1031,#506,.T.);
#1238=EDGE_CURVE('',#1031,#1032,#884,.T.);
#1239=EDGE_CURVE('',#1032,#1029,#507,.T.);
#1240=EDGE_CURVE('',#1033,#1034,#885,.T.);
#1241=EDGE_CURVE('',#1034,#1035,#508,.T.);
#1242=EDGE_CURVE('',#1035,#1036,#886,.T.);
#1243=EDGE_CURVE('',#1036,#1033,#509,.T.);
#1244=EDGE_CURVE('',#1037,#1038,#887,.T.);
#1245=EDGE_CURVE('',#1038,#1039,#510,.T.);
#1246=EDGE_CURVE('',#1039,#1040,#888,.T.);
#1247=EDGE_CURVE('',#1040,#1037,#511,.T.);
#1248=EDGE_CURVE('',#1041,#1042,#889,.T.);
#1249=EDGE_CURVE('',#1042,#1043,#512,.T.);
#1250=EDGE_CURVE('',#1043,#1044,#890,.T.);
#1251=EDGE_CURVE('',#1044,#1041,#513,.T.);
#1252=EDGE_CURVE('',#1045,#1045,#891,.T.);
#1253=EDGE_CURVE('',#1046,#1047,#892,.T.);
#1254=EDGE_CURVE('',#1047,#1048,#514,.T.);
#1255=EDGE_CURVE('',#1048,#1049,#893,.T.);
#1256=EDGE_CURVE('',#1049,#1046,#515,.T.);
#1257=EDGE_CURVE('',#1050,#1051,#894,.T.);
#1258=EDGE_CURVE('',#1051,#1052,#516,.T.);
#1259=EDGE_CURVE('',#1052,#1053,#895,.T.);
#1260=EDGE_CURVE('',#1053,#1050,#517,.T.);
#1261=EDGE_CURVE('',#1054,#1055,#896,.T.);
#1262=EDGE_CURVE('',#1055,#1056,#518,.T.);
#1263=EDGE_CURVE('',#1056,#1057,#897,.T.);
#1264=EDGE_CURVE('',#1057,#1054,#519,.T.);
#1265=EDGE_CURVE('',#1058,#1059,#898,.T.);
#1266=EDGE_CURVE('',#1059,#1060,#520,.T.);
#1267=EDGE_CURVE('',#1060,#1061,#899,.T.);
#1268=EDGE_CURVE('',#1061,#1058,#521,.T.);
#1269=EDGE_CURVE('',#1062,#1062,#900,.T.);
#1270=EDGE_CURVE('',#1063,#1063,#901,.T.);
#1271=EDGE_CURVE('',#1064,#1064,#902,.T.);
#1272=EDGE_CURVE('',#1065,#1065,#903,.T.);
#1273=EDGE_CURVE('',#1066,#1066,#904,.T.);
#1274=EDGE_CURVE('',#986,#1067,#522,.T.);
#1275=EDGE_CURVE('',#1067,#1067,#905,.T.);
#1276=EDGE_CURVE('',#995,#1068,#523,.T.);
#1277=EDGE_CURVE('',#1068,#1068,#906,.T.);
#1278=EDGE_CURVE('',#1068,#1069,#524,.T.);
#1279=EDGE_CURVE('',#1069,#1069,#907,.T.);
#1280=EDGE_CURVE('',#1066,#1070,#525,.T.);
#1281=EDGE_CURVE('',#1070,#1070,#908,.T.);
#1282=EDGE_CURVE('',#1070,#1071,#526,.T.);
#1283=EDGE_CURVE('',#1071,#1071,#909,.T.);
#1284=EDGE_CURVE('',#996,#1072,#527,.T.);
#1285=EDGE_CURVE('',#1072,#1072,#910,.T.);
#1286=EDGE_CURVE('',#1072,#1073,#528,.T.);
#1287=EDGE_CURVE('',#1073,#1073,#911,.T.);
#1288=EDGE_CURVE('',#1074,#1075,#912,.T.);
#1289=EDGE_CURVE('',#1076,#1074,#529,.T.);
#1290=EDGE_CURVE('',#1077,#1076,#913,.T.);
#1291=EDGE_CURVE('',#1075,#1077,#530,.T.);
#1292=EDGE_CURVE('',#1078,#1074,#531,.T.);
#1293=EDGE_CURVE('',#1078,#1079,#532,.T.);
#1294=EDGE_CURVE('',#1076,#1079,#533,.T.);
#1295=EDGE_CURVE('',#1075,#1080,#534,.T.);
#1296=EDGE_CURVE('',#1080,#1081,#914,.T.);
#1297=EDGE_CURVE('',#1081,#1082,#535,.T.);
#1298=EDGE_CURVE('',#1082,#1083,#915,.T.);
#1299=EDGE_CURVE('',#1083,#1084,#536,.T.);
#1300=EDGE_CURVE('',#1084,#1078,#916,.T.);
#1301=EDGE_CURVE('',#1085,#1086,#917,.T.);
#1302=EDGE_CURVE('',#1086,#1087,#537,.T.);
#1303=EDGE_CURVE('',#1087,#1088,#918,.T.);
#1304=EDGE_CURVE('',#1088,#1085,#538,.T.);
#1305=EDGE_CURVE('',#1089,#1090,#919,.T.);
#1306=EDGE_CURVE('',#1090,#1091,#539,.T.);
#1307=EDGE_CURVE('',#1091,#1092,#920,.T.);
#1308=EDGE_CURVE('',#1092,#1089,#540,.T.);
#1309=EDGE_CURVE('',#1093,#1094,#921,.T.);
#1310=EDGE_CURVE('',#1094,#1095,#541,.T.);
#1311=EDGE_CURVE('',#1095,#1096,#922,.T.);
#1312=EDGE_CURVE('',#1096,#1093,#542,.T.);
#1313=EDGE_CURVE('',#1097,#1098,#923,.T.);
#1314=EDGE_CURVE('',#1098,#1099,#543,.T.);
#1315=EDGE_CURVE('',#1099,#1100,#924,.T.);
#1316=EDGE_CURVE('',#1100,#1097,#544,.T.);
#1317=EDGE_CURVE('',#1101,#1102,#925,.T.);
#1318=EDGE_CURVE('',#1102,#1103,#545,.T.);
#1319=EDGE_CURVE('',#1103,#1104,#926,.T.);
#1320=EDGE_CURVE('',#1104,#1101,#546,.T.);
#1321=EDGE_CURVE('',#1105,#1106,#927,.T.);
#1322=EDGE_CURVE('',#1106,#1107,#547,.T.);
#1323=EDGE_CURVE('',#1107,#1108,#928,.T.);
#1324=EDGE_CURVE('',#1108,#1105,#548,.T.);
#1325=EDGE_CURVE('',#1109,#1110,#929,.T.);
#1326=EDGE_CURVE('',#1110,#1111,#549,.T.);
#1327=EDGE_CURVE('',#1111,#1112,#930,.T.);
#1328=EDGE_CURVE('',#1112,#1109,#550,.T.);
#1329=EDGE_CURVE('',#1113,#1114,#931,.T.);
#1330=EDGE_CURVE('',#1114,#1115,#551,.T.);
#1331=EDGE_CURVE('',#1115,#1116,#932,.T.);
#1332=EDGE_CURVE('',#1116,#1113,#552,.T.);
#1333=EDGE_CURVE('',#1117,#1118,#933,.T.);
#1334=EDGE_CURVE('',#1118,#1119,#553,.T.);
#1335=EDGE_CURVE('',#1119,#1120,#934,.T.);
#1336=EDGE_CURVE('',#1120,#1117,#554,.T.);
#1337=EDGE_CURVE('',#1121,#1122,#935,.T.);
#1338=EDGE_CURVE('',#1122,#1123,#555,.T.);
#1339=EDGE_CURVE('',#1123,#1124,#936,.T.);
#1340=EDGE_CURVE('',#1124,#1121,#556,.T.);
#1341=EDGE_CURVE('',#1125,#1126,#937,.T.);
#1342=EDGE_CURVE('',#1126,#1127,#557,.T.);
#1343=EDGE_CURVE('',#1127,#1128,#938,.T.);
#1344=EDGE_CURVE('',#1128,#1125,#558,.T.);
#1345=EDGE_CURVE('',#1129,#1130,#939,.T.);
#1346=EDGE_CURVE('',#1130,#1131,#559,.T.);
#1347=EDGE_CURVE('',#1131,#1132,#940,.T.);
#1348=EDGE_CURVE('',#1132,#1129,#560,.T.);
#1349=EDGE_CURVE('',#1133,#1133,#941,.T.);
#1350=EDGE_CURVE('',#1134,#1135,#942,.T.);
#1351=EDGE_CURVE('',#1135,#1136,#561,.T.);
#1352=EDGE_CURVE('',#1136,#1137,#943,.T.);
#1353=EDGE_CURVE('',#1137,#1134,#562,.T.);
#1354=EDGE_CURVE('',#1138,#1139,#944,.T.);
#1355=EDGE_CURVE('',#1139,#1140,#563,.T.);
#1356=EDGE_CURVE('',#1140,#1141,#945,.T.);
#1357=EDGE_CURVE('',#1141,#1138,#564,.T.);
#1358=EDGE_CURVE('',#1142,#1143,#946,.T.);
#1359=EDGE_CURVE('',#1143,#1144,#565,.T.);
#1360=EDGE_CURVE('',#1144,#1145,#947,.T.);
#1361=EDGE_CURVE('',#1145,#1142,#566,.T.);
#1362=EDGE_CURVE('',#1146,#1147,#948,.T.);
#1363=EDGE_CURVE('',#1147,#1148,#567,.T.);
#1364=EDGE_CURVE('',#1148,#1149,#949,.T.);
#1365=EDGE_CURVE('',#1149,#1146,#568,.T.);
#1366=EDGE_CURVE('',#1150,#1150,#950,.T.);
#1367=EDGE_CURVE('',#1151,#1151,#951,.T.);
#1368=EDGE_CURVE('',#1152,#1152,#952,.T.);
#1369=EDGE_CURVE('',#1153,#1153,#953,.T.);
#1370=EDGE_CURVE('',#1154,#1154,#954,.T.);
#1371=EDGE_CURVE('',#1155,#1155,#955,.T.);
#1372=EDGE_CURVE('',#1156,#1156,#956,.T.);
#1373=EDGE_CURVE('',#1157,#1084,#569,.T.);
#1374=EDGE_CURVE('',#1079,#1157,#957,.T.);
#1375=EDGE_CURVE('',#1083,#1158,#570,.T.);
#1376=EDGE_CURVE('',#1157,#1158,#571,.T.);
#1377=EDGE_CURVE('',#1159,#1080,#572,.T.);
#1378=EDGE_CURVE('',#1160,#1159,#958,.T.);
#1379=EDGE_CURVE('',#1081,#1160,#573,.T.);
#1380=EDGE_CURVE('',#1159,#1077,#574,.T.);
#1381=EDGE_CURVE('',#1161,#1082,#575,.T.);
#1382=EDGE_CURVE('',#1158,#1161,#959,.T.);
#1383=EDGE_CURVE('',#1161,#1160,#576,.T.);
#1384=EDGE_CURVE('',#1088,#999,#577,.T.);
#1385=EDGE_CURVE('',#1087,#1000,#578,.T.);
#1386=EDGE_CURVE('',#1086,#997,#579,.T.);
#1387=EDGE_CURVE('',#1085,#998,#580,.T.);
#1388=EDGE_CURVE('',#1092,#1003,#581,.T.);
#1389=EDGE_CURVE('',#1091,#1004,#582,.T.);
#1390=EDGE_CURVE('',#1090,#1001,#583,.T.);
#1391=EDGE_CURVE('',#1089,#1002,#584,.T.);
#1392=EDGE_CURVE('',#1096,#1007,#585,.T.);
#1393=EDGE_CURVE('',#1095,#1008,#586,.T.);
#1394=EDGE_CURVE('',#1094,#1005,#587,.T.);
#1395=EDGE_CURVE('',#1093,#1006,#588,.T.);
#1396=EDGE_CURVE('',#1100,#1011,#589,.T.);
#1397=EDGE_CURVE('',#1099,#1012,#590,.T.);
#1398=EDGE_CURVE('',#1098,#1009,#591,.T.);
#1399=EDGE_CURVE('',#1097,#1010,#592,.T.);
#1400=EDGE_CURVE('',#1104,#1015,#593,.T.);
#1401=EDGE_CURVE('',#1103,#1016,#594,.T.);
#1402=EDGE_CURVE('',#1102,#1013,#595,.T.);
#1403=EDGE_CURVE('',#1101,#1014,#596,.T.);
#1404=EDGE_CURVE('',#1108,#1019,#597,.T.);
#1405=EDGE_CURVE('',#1107,#1020,#598,.T.);
#1406=EDGE_CURVE('',#1106,#1017,#599,.T.);
#1407=EDGE_CURVE('',#1105,#1018,#600,.T.);
#1408=EDGE_CURVE('',#1112,#1023,#601,.T.);
#1409=EDGE_CURVE('',#1111,#1024,#602,.T.);
#1410=EDGE_CURVE('',#1110,#1021,#603,.T.);
#1411=EDGE_CURVE('',#1109,#1022,#604,.T.);
#1412=EDGE_CURVE('',#1116,#1027,#605,.T.);
#1413=EDGE_CURVE('',#1115,#1028,#606,.T.);
#1414=EDGE_CURVE('',#1114,#1025,#607,.T.);
#1415=EDGE_CURVE('',#1113,#1026,#608,.T.);
#1416=EDGE_CURVE('',#1120,#1031,#609,.T.);
#1417=EDGE_CURVE('',#1119,#1032,#610,.T.);
#1418=EDGE_CURVE('',#1118,#1029,#611,.T.);
#1419=EDGE_CURVE('',#1117,#1030,#612,.T.);
#1420=EDGE_CURVE('',#1124,#1035,#613,.T.);
#1421=EDGE_CURVE('',#1123,#1036,#614,.T.);
#1422=EDGE_CURVE('',#1122,#1033,#615,.T.);
#1423=EDGE_CURVE('',#1121,#1034,#616,.T.);
#1424=EDGE_CURVE('',#1128,#1039,#617,.T.);
#1425=EDGE_CURVE('',#1127,#1040,#618,.T.);
#1426=EDGE_CURVE('',#1126,#1037,#619,.T.);
#1427=EDGE_CURVE('',#1125,#1038,#620,.T.);
#1428=EDGE_CURVE('',#1132,#1043,#621,.T.);
#1429=EDGE_CURVE('',#1131,#1044,#622,.T.);
#1430=EDGE_CURVE('',#1130,#1041,#623,.T.);
#1431=EDGE_CURVE('',#1129,#1042,#624,.T.);
#1432=EDGE_CURVE('',#1133,#1045,#625,.T.);
#1433=EDGE_CURVE('',#1137,#1048,#626,.T.);
#1434=EDGE_CURVE('',#1136,#1049,#627,.T.);
#1435=EDGE_CURVE('',#1135,#1046,#628,.T.);
#1436=EDGE_CURVE('',#1134,#1047,#629,.T.);
#1437=EDGE_CURVE('',#1141,#1052,#630,.T.);
#1438=EDGE_CURVE('',#1140,#1053,#631,.T.);
#1439=EDGE_CURVE('',#1139,#1050,#632,.T.);
#1440=EDGE_CURVE('',#1138,#1051,#633,.T.);
#1441=EDGE_CURVE('',#1145,#1056,#634,.T.);
#1442=EDGE_CURVE('',#1144,#1057,#635,.T.);
#1443=EDGE_CURVE('',#1143,#1054,#636,.T.);
#1444=EDGE_CURVE('',#1142,#1055,#637,.T.);
#1445=EDGE_CURVE('',#1149,#1060,#638,.T.);
#1446=EDGE_CURVE('',#1148,#1061,#639,.T.);
#1447=EDGE_CURVE('',#1147,#1058,#640,.T.);
#1448=EDGE_CURVE('',#1146,#1059,#641,.T.);
#1449=EDGE_CURVE('',#1065,#1162,#642,.T.);
#1450=EDGE_CURVE('',#1162,#1162,#960,.T.);
#1451=EDGE_CURVE('',#1163,#1163,#961,.T.);
#1452=EDGE_CURVE('',#1163,#1162,#643,.T.);
#1453=EDGE_CURVE('',#1062,#1164,#644,.T.);
#1454=EDGE_CURVE('',#1164,#1164,#962,.T.);
#1455=EDGE_CURVE('',#1165,#1165,#963,.T.);
#1456=EDGE_CURVE('',#1165,#1164,#645,.T.);
#1457=EDGE_CURVE('',#1064,#1166,#646,.T.);
#1458=EDGE_CURVE('',#1166,#1166,#964,.T.);
#1459=EDGE_CURVE('',#1167,#1167,#965,.T.);
#1460=EDGE_CURVE('',#1167,#1166,#647,.T.);
#1461=EDGE_CURVE('',#1063,#1168,#648,.T.);
#1462=EDGE_CURVE('',#1168,#1168,#966,.T.);
#1463=EDGE_CURVE('',#1169,#1169,#967,.T.);
#1464=EDGE_CURVE('',#1169,#1168,#649,.T.);
#1465=EDGE_CURVE('',#1156,#1170,#650,.T.);
#1466=EDGE_CURVE('',#1170,#1170,#968,.T.);
#1467=EDGE_CURVE('',#1150,#1171,#651,.T.);
#1468=EDGE_CURVE('',#1171,#1171,#969,.T.);
#1469=EDGE_CURVE('',#1155,#1172,#652,.T.);
#1470=EDGE_CURVE('',#1172,#1172,#970,.T.);
#1471=EDGE_CURVE('',#1151,#1173,#653,.T.);
#1472=EDGE_CURVE('',#1173,#1173,#971,.T.);
#1473=EDGE_CURVE('',#1174,#1174,#972,.T.);
#1474=EDGE_CURVE('',#1175,#1175,#973,.T.);
#1475=EDGE_CURVE('',#1176,#1176,#974,.T.);
#1476=EDGE_CURVE('',#1175,#1177,#654,.T.);
#1477=EDGE_CURVE('',#1177,#1177,#975,.T.);
#1478=EDGE_CURVE('',#1154,#1178,#655,.T.);
#1479=EDGE_CURVE('',#1178,#1178,#976,.T.);
#1480=EDGE_CURVE('',#1176,#1179,#656,.T.);
#1481=EDGE_CURVE('',#1179,#1179,#977,.T.);
#1482=EDGE_CURVE('',#1152,#1180,#657,.T.);
#1483=EDGE_CURVE('',#1180,#1180,#978,.T.);
#1484=EDGE_CURVE('',#1174,#1181,#658,.T.);
#1485=EDGE_CURVE('',#1181,#1181,#979,.T.);
#1486=EDGE_CURVE('',#1153,#1182,#659,.T.);
#1487=EDGE_CURVE('',#1182,#1182,#980,.T.);
#1488=EDGE_CURVE('',#1183,#1184,#660,.T.);
#1489=EDGE_CURVE('',#1184,#1185,#981,.T.);
#1490=EDGE_CURVE('',#1185,#1186,#661,.T.);
#1491=EDGE_CURVE('',#1186,#1187,#982,.T.);
#1492=EDGE_CURVE('',#1187,#1188,#662,.T.);
#1493=EDGE_CURVE('',#1188,#1189,#983,.T.);
#1494=EDGE_CURVE('',#1189,#1190,#663,.T.);
#1495=EDGE_CURVE('',#1190,#1183,#984,.T.);
#1496=EDGE_CURVE('',#988,#1184,#664,.T.);
#1497=EDGE_CURVE('',#989,#1183,#665,.T.);
#1498=EDGE_CURVE('',#990,#1190,#666,.T.);
#1499=EDGE_CURVE('',#991,#1189,#667,.T.);
#1500=EDGE_CURVE('',#992,#1188,#668,.T.);
#1501=EDGE_CURVE('',#993,#1187,#669,.T.);
#1502=EDGE_CURVE('',#994,#1186,#670,.T.);
#1503=EDGE_CURVE('',#987,#1185,#671,.T.);
#1504=ORIENTED_EDGE('',*,*,#1191,.T.);
#1505=ORIENTED_EDGE('',*,*,#1192,.T.);
#1506=ORIENTED_EDGE('',*,*,#1193,.T.);
#1507=ORIENTED_EDGE('',*,*,#1192,.F.);
#1508=ORIENTED_EDGE('',*,*,#1194,.T.);
#1509=ORIENTED_EDGE('',*,*,#1195,.F.);
#1510=ORIENTED_EDGE('',*,*,#1196,.T.);
#1511=ORIENTED_EDGE('',*,*,#1197,.F.);
#1512=ORIENTED_EDGE('',*,*,#1198,.T.);
#1513=ORIENTED_EDGE('',*,*,#1199,.F.);
#1514=ORIENTED_EDGE('',*,*,#1200,.T.);
#1515=ORIENTED_EDGE('',*,*,#1201,.F.);
#1516=ORIENTED_EDGE('',*,*,#1202,.F.);
#1517=ORIENTED_EDGE('',*,*,#1203,.F.);
#1518=ORIENTED_EDGE('',*,*,#1204,.T.);
#1519=ORIENTED_EDGE('',*,*,#1205,.T.);
#1520=ORIENTED_EDGE('',*,*,#1206,.T.);
#1521=ORIENTED_EDGE('',*,*,#1207,.T.);
#1522=ORIENTED_EDGE('',*,*,#1208,.T.);
#1523=ORIENTED_EDGE('',*,*,#1209,.T.);
#1524=ORIENTED_EDGE('',*,*,#1210,.T.);
#1525=ORIENTED_EDGE('',*,*,#1211,.T.);
#1526=ORIENTED_EDGE('',*,*,#1212,.T.);
#1527=ORIENTED_EDGE('',*,*,#1213,.T.);
#1528=ORIENTED_EDGE('',*,*,#1214,.T.);
#1529=ORIENTED_EDGE('',*,*,#1215,.T.);
#1530=ORIENTED_EDGE('',*,*,#1216,.T.);
#1531=ORIENTED_EDGE('',*,*,#1217,.T.);
#1532=ORIENTED_EDGE('',*,*,#1218,.T.);
#1533=ORIENTED_EDGE('',*,*,#1219,.T.);
#1534=ORIENTED_EDGE('',*,*,#1220,.T.);
#1535=ORIENTED_EDGE('',*,*,#1221,.T.);
#1536=ORIENTED_EDGE('',*,*,#1222,.T.);
#1537=ORIENTED_EDGE('',*,*,#1223,.T.);
#1538=ORIENTED_EDGE('',*,*,#1224,.T.);
#1539=ORIENTED_EDGE('',*,*,#1225,.T.);
#1540=ORIENTED_EDGE('',*,*,#1226,.T.);
#1541=ORIENTED_EDGE('',*,*,#1227,.T.);
#1542=ORIENTED_EDGE('',*,*,#1228,.T.);
#1543=ORIENTED_EDGE('',*,*,#1229,.T.);
#1544=ORIENTED_EDGE('',*,*,#1230,.T.);
#1545=ORIENTED_EDGE('',*,*,#1231,.T.);
#1546=ORIENTED_EDGE('',*,*,#1232,.T.);
#1547=ORIENTED_EDGE('',*,*,#1233,.T.);
#1548=ORIENTED_EDGE('',*,*,#1234,.T.);
#1549=ORIENTED_EDGE('',*,*,#1235,.T.);
#1550=ORIENTED_EDGE('',*,*,#1236,.T.);
#1551=ORIENTED_EDGE('',*,*,#1237,.T.);
#1552=ORIENTED_EDGE('',*,*,#1238,.T.);
#1553=ORIENTED_EDGE('',*,*,#1239,.T.);
#1554=ORIENTED_EDGE('',*,*,#1240,.T.);
#1555=ORIENTED_EDGE('',*,*,#1241,.T.);
#1556=ORIENTED_EDGE('',*,*,#1242,.T.);
#1557=ORIENTED_EDGE('',*,*,#1243,.T.);
#1558=ORIENTED_EDGE('',*,*,#1244,.T.);
#1559=ORIENTED_EDGE('',*,*,#1245,.T.);
#1560=ORIENTED_EDGE('',*,*,#1246,.T.);
#1561=ORIENTED_EDGE('',*,*,#1247,.T.);
#1562=ORIENTED_EDGE('',*,*,#1248,.T.);
#1563=ORIENTED_EDGE('',*,*,#1249,.T.);
#1564=ORIENTED_EDGE('',*,*,#1250,.T.);
#1565=ORIENTED_EDGE('',*,*,#1251,.T.);
#1566=ORIENTED_EDGE('',*,*,#1252,.T.);
#1567=ORIENTED_EDGE('',*,*,#1253,.T.);
#1568=ORIENTED_EDGE('',*,*,#1254,.T.);
#1569=ORIENTED_EDGE('',*,*,#1255,.T.);
#1570=ORIENTED_EDGE('',*,*,#1256,.T.);
#1571=ORIENTED_EDGE('',*,*,#1257,.T.);
#1572=ORIENTED_EDGE('',*,*,#1258,.T.);
#1573=ORIENTED_EDGE('',*,*,#1259,.T.);
#1574=ORIENTED_EDGE('',*,*,#1260,.T.);
#1575=ORIENTED_EDGE('',*,*,#1261,.T.);
#1576=ORIENTED_EDGE('',*,*,#1262,.T.);
#1577=ORIENTED_EDGE('',*,*,#1263,.T.);
#1578=ORIENTED_EDGE('',*,*,#1264,.T.);
#1579=ORIENTED_EDGE('',*,*,#1265,.T.);
#1580=ORIENTED_EDGE('',*,*,#1266,.T.);
#1581=ORIENTED_EDGE('',*,*,#1267,.T.);
#1582=ORIENTED_EDGE('',*,*,#1268,.T.);
#1583=ORIENTED_EDGE('',*,*,#1269,.F.);
#1584=ORIENTED_EDGE('',*,*,#1270,.F.);
#1585=ORIENTED_EDGE('',*,*,#1271,.F.);
#1586=ORIENTED_EDGE('',*,*,#1272,.F.);
#1587=ORIENTED_EDGE('',*,*,#1273,.F.);
#1588=ORIENTED_EDGE('',*,*,#1191,.F.);
#1589=ORIENTED_EDGE('',*,*,#1193,.F.);
#1590=ORIENTED_EDGE('',*,*,#1274,.T.);
#1591=ORIENTED_EDGE('',*,*,#1275,.F.);
#1592=ORIENTED_EDGE('',*,*,#1274,.F.);
#1593=ORIENTED_EDGE('',*,*,#1202,.T.);
#1594=ORIENTED_EDGE('',*,*,#1276,.T.);
#1595=ORIENTED_EDGE('',*,*,#1277,.T.);
#1596=ORIENTED_EDGE('',*,*,#1276,.F.);
#1597=ORIENTED_EDGE('',*,*,#1277,.F.);
#1598=ORIENTED_EDGE('',*,*,#1278,.T.);
#1599=ORIENTED_EDGE('',*,*,#1279,.F.);
#1600=ORIENTED_EDGE('',*,*,#1278,.F.);
#1601=ORIENTED_EDGE('',*,*,#1273,.T.);
#1602=ORIENTED_EDGE('',*,*,#1280,.T.);
#1603=ORIENTED_EDGE('',*,*,#1281,.T.);
#1604=ORIENTED_EDGE('',*,*,#1280,.F.);
#1605=ORIENTED_EDGE('',*,*,#1281,.F.);
#1606=ORIENTED_EDGE('',*,*,#1282,.T.);
#1607=ORIENTED_EDGE('',*,*,#1283,.F.);
#1608=ORIENTED_EDGE('',*,*,#1282,.F.);
#1609=ORIENTED_EDGE('',*,*,#1203,.T.);
#1610=ORIENTED_EDGE('',*,*,#1284,.T.);
#1611=ORIENTED_EDGE('',*,*,#1285,.T.);
#1612=ORIENTED_EDGE('',*,*,#1284,.F.);
#1613=ORIENTED_EDGE('',*,*,#1285,.F.);
#1614=ORIENTED_EDGE('',*,*,#1286,.T.);
#1615=ORIENTED_EDGE('',*,*,#1287,.F.);
#1616=ORIENTED_EDGE('',*,*,#1286,.F.);
#1617=ORIENTED_EDGE('',*,*,#1288,.F.);
#1618=ORIENTED_EDGE('',*,*,#1289,.F.);
#1619=ORIENTED_EDGE('',*,*,#1290,.F.);
#1620=ORIENTED_EDGE('',*,*,#1291,.F.);
#1621=ORIENTED_EDGE('',*,*,#1289,.T.);
#1622=ORIENTED_EDGE('',*,*,#1292,.F.);
#1623=ORIENTED_EDGE('',*,*,#1293,.T.);
#1624=ORIENTED_EDGE('',*,*,#1294,.F.);
#1625=ORIENTED_EDGE('',*,*,#1288,.T.);
#1626=ORIENTED_EDGE('',*,*,#1295,.T.);
#1627=ORIENTED_EDGE('',*,*,#1296,.T.);
#1628=ORIENTED_EDGE('',*,*,#1297,.T.);
#1629=ORIENTED_EDGE('',*,*,#1298,.T.);
#1630=ORIENTED_EDGE('',*,*,#1299,.T.);
#1631=ORIENTED_EDGE('',*,*,#1300,.T.);
#1632=ORIENTED_EDGE('',*,*,#1292,.T.);
#1633=ORIENTED_EDGE('',*,*,#1301,.T.);
#1634=ORIENTED_EDGE('',*,*,#1302,.T.);
#1635=ORIENTED_EDGE('',*,*,#1303,.T.);
#1636=ORIENTED_EDGE('',*,*,#1304,.T.);
#1637=ORIENTED_EDGE('',*,*,#1305,.T.);
#1638=ORIENTED_EDGE('',*,*,#1306,.T.);
#1639=ORIENTED_EDGE('',*,*,#1307,.T.);
#1640=ORIENTED_EDGE('',*,*,#1308,.T.);
#1641=ORIENTED_EDGE('',*,*,#1309,.T.);
#1642=ORIENTED_EDGE('',*,*,#1310,.T.);
#1643=ORIENTED_EDGE('',*,*,#1311,.T.);
#1644=ORIENTED_EDGE('',*,*,#1312,.T.);
#1645=ORIENTED_EDGE('',*,*,#1313,.T.);
#1646=ORIENTED_EDGE('',*,*,#1314,.T.);
#1647=ORIENTED_EDGE('',*,*,#1315,.T.);
#1648=ORIENTED_EDGE('',*,*,#1316,.T.);
#1649=ORIENTED_EDGE('',*,*,#1317,.T.);
#1650=ORIENTED_EDGE('',*,*,#1318,.T.);
#1651=ORIENTED_EDGE('',*,*,#1319,.T.);
#1652=ORIENTED_EDGE('',*,*,#1320,.T.);
#1653=ORIENTED_EDGE('',*,*,#1321,.T.);
#1654=ORIENTED_EDGE('',*,*,#1322,.T.);
#1655=ORIENTED_EDGE('',*,*,#1323,.T.);
#1656=ORIENTED_EDGE('',*,*,#1324,.T.);
#1657=ORIENTED_EDGE('',*,*,#1325,.T.);
#1658=ORIENTED_EDGE('',*,*,#1326,.T.);
#1659=ORIENTED_EDGE('',*,*,#1327,.T.);
#1660=ORIENTED_EDGE('',*,*,#1328,.T.);
#1661=ORIENTED_EDGE('',*,*,#1329,.T.);
#1662=ORIENTED_EDGE('',*,*,#1330,.T.);
#1663=ORIENTED_EDGE('',*,*,#1331,.T.);
#1664=ORIENTED_EDGE('',*,*,#1332,.T.);
#1665=ORIENTED_EDGE('',*,*,#1333,.T.);
#1666=ORIENTED_EDGE('',*,*,#1334,.T.);
#1667=ORIENTED_EDGE('',*,*,#1335,.T.);
#1668=ORIENTED_EDGE('',*,*,#1336,.T.);
#1669=ORIENTED_EDGE('',*,*,#1337,.T.);
#1670=ORIENTED_EDGE('',*,*,#1338,.T.);
#1671=ORIENTED_EDGE('',*,*,#1339,.T.);
#1672=ORIENTED_EDGE('',*,*,#1340,.T.);
#1673=ORIENTED_EDGE('',*,*,#1341,.T.);
#1674=ORIENTED_EDGE('',*,*,#1342,.T.);
#1675=ORIENTED_EDGE('',*,*,#1343,.T.);
#1676=ORIENTED_EDGE('',*,*,#1344,.T.);
#1677=ORIENTED_EDGE('',*,*,#1345,.T.);
#1678=ORIENTED_EDGE('',*,*,#1346,.T.);
#1679=ORIENTED_EDGE('',*,*,#1347,.T.);
#1680=ORIENTED_EDGE('',*,*,#1348,.T.);
#1681=ORIENTED_EDGE('',*,*,#1349,.T.);
#1682=ORIENTED_EDGE('',*,*,#1350,.T.);
#1683=ORIENTED_EDGE('',*,*,#1351,.T.);
#1684=ORIENTED_EDGE('',*,*,#1352,.T.);
#1685=ORIENTED_EDGE('',*,*,#1353,.T.);
#1686=ORIENTED_EDGE('',*,*,#1354,.T.);
#1687=ORIENTED_EDGE('',*,*,#1355,.T.);
#1688=ORIENTED_EDGE('',*,*,#1356,.T.);
#1689=ORIENTED_EDGE('',*,*,#1357,.T.);
#1690=ORIENTED_EDGE('',*,*,#1358,.T.);
#1691=ORIENTED_EDGE('',*,*,#1359,.T.);
#1692=ORIENTED_EDGE('',*,*,#1360,.T.);
#1693=ORIENTED_EDGE('',*,*,#1361,.T.);
#1694=ORIENTED_EDGE('',*,*,#1362,.T.);
#1695=ORIENTED_EDGE('',*,*,#1363,.T.);
#1696=ORIENTED_EDGE('',*,*,#1364,.T.);
#1697=ORIENTED_EDGE('',*,*,#1365,.T.);
#1698=ORIENTED_EDGE('',*,*,#1366,.F.);
#1699=ORIENTED_EDGE('',*,*,#1367,.F.);
#1700=ORIENTED_EDGE('',*,*,#1368,.T.);
#1701=ORIENTED_EDGE('',*,*,#1369,.T.);
#1702=ORIENTED_EDGE('',*,*,#1370,.T.);
#1703=ORIENTED_EDGE('',*,*,#1371,.F.);
#1704=ORIENTED_EDGE('',*,*,#1372,.F.);
#1705=ORIENTED_EDGE('',*,*,#1300,.F.);
#1706=ORIENTED_EDGE('',*,*,#1373,.F.);
#1707=ORIENTED_EDGE('',*,*,#1374,.F.);
#1708=ORIENTED_EDGE('',*,*,#1293,.F.);
#1709=ORIENTED_EDGE('',*,*,#1373,.T.);
#1710=ORIENTED_EDGE('',*,*,#1299,.F.);
#1711=ORIENTED_EDGE('',*,*,#1375,.T.);
#1712=ORIENTED_EDGE('',*,*,#1376,.F.);
#1713=ORIENTED_EDGE('',*,*,#1296,.F.);
#1714=ORIENTED_EDGE('',*,*,#1377,.F.);
#1715=ORIENTED_EDGE('',*,*,#1378,.F.);
#1716=ORIENTED_EDGE('',*,*,#1379,.F.);
#1717=ORIENTED_EDGE('',*,*,#1291,.T.);
#1718=ORIENTED_EDGE('',*,*,#1380,.F.);
#1719=ORIENTED_EDGE('',*,*,#1377,.T.);
#1720=ORIENTED_EDGE('',*,*,#1295,.F.);
#1721=ORIENTED_EDGE('',*,*,#1298,.F.);
#1722=ORIENTED_EDGE('',*,*,#1381,.F.);
#1723=ORIENTED_EDGE('',*,*,#1382,.F.);
#1724=ORIENTED_EDGE('',*,*,#1375,.F.);
#1725=ORIENTED_EDGE('',*,*,#1379,.T.);
#1726=ORIENTED_EDGE('',*,*,#1383,.F.);
#1727=ORIENTED_EDGE('',*,*,#1381,.T.);
#1728=ORIENTED_EDGE('',*,*,#1297,.F.);
#1729=ORIENTED_EDGE('',*,*,#1206,.F.);
#1730=ORIENTED_EDGE('',*,*,#1384,.F.);
#1731=ORIENTED_EDGE('',*,*,#1303,.F.);
#1732=ORIENTED_EDGE('',*,*,#1385,.T.);
#1733=ORIENTED_EDGE('',*,*,#1207,.F.);
#1734=ORIENTED_EDGE('',*,*,#1385,.F.);
#1735=ORIENTED_EDGE('',*,*,#1302,.F.);
#1736=ORIENTED_EDGE('',*,*,#1386,.T.);
#1737=ORIENTED_EDGE('',*,*,#1204,.F.);
#1738=ORIENTED_EDGE('',*,*,#1386,.F.);
#1739=ORIENTED_EDGE('',*,*,#1301,.F.);
#1740=ORIENTED_EDGE('',*,*,#1387,.T.);
#1741=ORIENTED_EDGE('',*,*,#1205,.F.);
#1742=ORIENTED_EDGE('',*,*,#1387,.F.);
#1743=ORIENTED_EDGE('',*,*,#1304,.F.);
#1744=ORIENTED_EDGE('',*,*,#1384,.T.);
#1745=ORIENTED_EDGE('',*,*,#1210,.F.);
#1746=ORIENTED_EDGE('',*,*,#1388,.F.);
#1747=ORIENTED_EDGE('',*,*,#1307,.F.);
#1748=ORIENTED_EDGE('',*,*,#1389,.T.);
#1749=ORIENTED_EDGE('',*,*,#1211,.F.);
#1750=ORIENTED_EDGE('',*,*,#1389,.F.);
#1751=ORIENTED_EDGE('',*,*,#1306,.F.);
#1752=ORIENTED_EDGE('',*,*,#1390,.T.);
#1753=ORIENTED_EDGE('',*,*,#1208,.F.);
#1754=ORIENTED_EDGE('',*,*,#1390,.F.);
#1755=ORIENTED_EDGE('',*,*,#1305,.F.);
#1756=ORIENTED_EDGE('',*,*,#1391,.T.);
#1757=ORIENTED_EDGE('',*,*,#1209,.F.);
#1758=ORIENTED_EDGE('',*,*,#1391,.F.);
#1759=ORIENTED_EDGE('',*,*,#1308,.F.);
#1760=ORIENTED_EDGE('',*,*,#1388,.T.);
#1761=ORIENTED_EDGE('',*,*,#1214,.F.);
#1762=ORIENTED_EDGE('',*,*,#1392,.F.);
#1763=ORIENTED_EDGE('',*,*,#1311,.F.);
#1764=ORIENTED_EDGE('',*,*,#1393,.T.);
#1765=ORIENTED_EDGE('',*,*,#1215,.F.);
#1766=ORIENTED_EDGE('',*,*,#1393,.F.);
#1767=ORIENTED_EDGE('',*,*,#1310,.F.);
#1768=ORIENTED_EDGE('',*,*,#1394,.T.);
#1769=ORIENTED_EDGE('',*,*,#1212,.F.);
#1770=ORIENTED_EDGE('',*,*,#1394,.F.);
#1771=ORIENTED_EDGE('',*,*,#1309,.F.);
#1772=ORIENTED_EDGE('',*,*,#1395,.T.);
#1773=ORIENTED_EDGE('',*,*,#1213,.F.);
#1774=ORIENTED_EDGE('',*,*,#1395,.F.);
#1775=ORIENTED_EDGE('',*,*,#1312,.F.);
#1776=ORIENTED_EDGE('',*,*,#1392,.T.);
#1777=ORIENTED_EDGE('',*,*,#1218,.F.);
#1778=ORIENTED_EDGE('',*,*,#1396,.F.);
#1779=ORIENTED_EDGE('',*,*,#1315,.F.);
#1780=ORIENTED_EDGE('',*,*,#1397,.T.);
#1781=ORIENTED_EDGE('',*,*,#1219,.F.);
#1782=ORIENTED_EDGE('',*,*,#1397,.F.);
#1783=ORIENTED_EDGE('',*,*,#1314,.F.);
#1784=ORIENTED_EDGE('',*,*,#1398,.T.);
#1785=ORIENTED_EDGE('',*,*,#1216,.F.);
#1786=ORIENTED_EDGE('',*,*,#1398,.F.);
#1787=ORIENTED_EDGE('',*,*,#1313,.F.);
#1788=ORIENTED_EDGE('',*,*,#1399,.T.);
#1789=ORIENTED_EDGE('',*,*,#1217,.F.);
#1790=ORIENTED_EDGE('',*,*,#1399,.F.);
#1791=ORIENTED_EDGE('',*,*,#1316,.F.);
#1792=ORIENTED_EDGE('',*,*,#1396,.T.);
#1793=ORIENTED_EDGE('',*,*,#1222,.F.);
#1794=ORIENTED_EDGE('',*,*,#1400,.F.);
#1795=ORIENTED_EDGE('',*,*,#1319,.F.);
#1796=ORIENTED_EDGE('',*,*,#1401,.T.);
#1797=ORIENTED_EDGE('',*,*,#1223,.F.);
#1798=ORIENTED_EDGE('',*,*,#1401,.F.);
#1799=ORIENTED_EDGE('',*,*,#1318,.F.);
#1800=ORIENTED_EDGE('',*,*,#1402,.T.);
#1801=ORIENTED_EDGE('',*,*,#1220,.F.);
#1802=ORIENTED_EDGE('',*,*,#1402,.F.);
#1803=ORIENTED_EDGE('',*,*,#1317,.F.);
#1804=ORIENTED_EDGE('',*,*,#1403,.T.);
#1805=ORIENTED_EDGE('',*,*,#1221,.F.);
#1806=ORIENTED_EDGE('',*,*,#1403,.F.);
#1807=ORIENTED_EDGE('',*,*,#1320,.F.);
#1808=ORIENTED_EDGE('',*,*,#1400,.T.);
#1809=ORIENTED_EDGE('',*,*,#1226,.F.);
#1810=ORIENTED_EDGE('',*,*,#1404,.F.);
#1811=ORIENTED_EDGE('',*,*,#1323,.F.);
#1812=ORIENTED_EDGE('',*,*,#1405,.T.);
#1813=ORIENTED_EDGE('',*,*,#1227,.F.);
#1814=ORIENTED_EDGE('',*,*,#1405,.F.);
#1815=ORIENTED_EDGE('',*,*,#1322,.F.);
#1816=ORIENTED_EDGE('',*,*,#1406,.T.);
#1817=ORIENTED_EDGE('',*,*,#1224,.F.);
#1818=ORIENTED_EDGE('',*,*,#1406,.F.);
#1819=ORIENTED_EDGE('',*,*,#1321,.F.);
#1820=ORIENTED_EDGE('',*,*,#1407,.T.);
#1821=ORIENTED_EDGE('',*,*,#1225,.F.);
#1822=ORIENTED_EDGE('',*,*,#1407,.F.);
#1823=ORIENTED_EDGE('',*,*,#1324,.F.);
#1824=ORIENTED_EDGE('',*,*,#1404,.T.);
#1825=ORIENTED_EDGE('',*,*,#1230,.F.);
#1826=ORIENTED_EDGE('',*,*,#1408,.F.);
#1827=ORIENTED_EDGE('',*,*,#1327,.F.);
#1828=ORIENTED_EDGE('',*,*,#1409,.T.);
#1829=ORIENTED_EDGE('',*,*,#1231,.F.);
#1830=ORIENTED_EDGE('',*,*,#1409,.F.);
#1831=ORIENTED_EDGE('',*,*,#1326,.F.);
#1832=ORIENTED_EDGE('',*,*,#1410,.T.);
#1833=ORIENTED_EDGE('',*,*,#1228,.F.);
#1834=ORIENTED_EDGE('',*,*,#1410,.F.);
#1835=ORIENTED_EDGE('',*,*,#1325,.F.);
#1836=ORIENTED_EDGE('',*,*,#1411,.T.);
#1837=ORIENTED_EDGE('',*,*,#1229,.F.);
#1838=ORIENTED_EDGE('',*,*,#1411,.F.);
#1839=ORIENTED_EDGE('',*,*,#1328,.F.);
#1840=ORIENTED_EDGE('',*,*,#1408,.T.);
#1841=ORIENTED_EDGE('',*,*,#1234,.F.);
#1842=ORIENTED_EDGE('',*,*,#1412,.F.);
#1843=ORIENTED_EDGE('',*,*,#1331,.F.);
#1844=ORIENTED_EDGE('',*,*,#1413,.T.);
#1845=ORIENTED_EDGE('',*,*,#1235,.F.);
#1846=ORIENTED_EDGE('',*,*,#1413,.F.);
#1847=ORIENTED_EDGE('',*,*,#1330,.F.);
#1848=ORIENTED_EDGE('',*,*,#1414,.T.);
#1849=ORIENTED_EDGE('',*,*,#1232,.F.);
#1850=ORIENTED_EDGE('',*,*,#1414,.F.);
#1851=ORIENTED_EDGE('',*,*,#1329,.F.);
#1852=ORIENTED_EDGE('',*,*,#1415,.T.);
#1853=ORIENTED_EDGE('',*,*,#1233,.F.);
#1854=ORIENTED_EDGE('',*,*,#1415,.F.);
#1855=ORIENTED_EDGE('',*,*,#1332,.F.);
#1856=ORIENTED_EDGE('',*,*,#1412,.T.);
#1857=ORIENTED_EDGE('',*,*,#1238,.F.);
#1858=ORIENTED_EDGE('',*,*,#1416,.F.);
#1859=ORIENTED_EDGE('',*,*,#1335,.F.);
#1860=ORIENTED_EDGE('',*,*,#1417,.T.);
#1861=ORIENTED_EDGE('',*,*,#1239,.F.);
#1862=ORIENTED_EDGE('',*,*,#1417,.F.);
#1863=ORIENTED_EDGE('',*,*,#1334,.F.);
#1864=ORIENTED_EDGE('',*,*,#1418,.T.);
#1865=ORIENTED_EDGE('',*,*,#1236,.F.);
#1866=ORIENTED_EDGE('',*,*,#1418,.F.);
#1867=ORIENTED_EDGE('',*,*,#1333,.F.);
#1868=ORIENTED_EDGE('',*,*,#1419,.T.);
#1869=ORIENTED_EDGE('',*,*,#1237,.F.);
#1870=ORIENTED_EDGE('',*,*,#1419,.F.);
#1871=ORIENTED_EDGE('',*,*,#1336,.F.);
#1872=ORIENTED_EDGE('',*,*,#1416,.T.);
#1873=ORIENTED_EDGE('',*,*,#1242,.F.);
#1874=ORIENTED_EDGE('',*,*,#1420,.F.);
#1875=ORIENTED_EDGE('',*,*,#1339,.F.);
#1876=ORIENTED_EDGE('',*,*,#1421,.T.);
#1877=ORIENTED_EDGE('',*,*,#1243,.F.);
#1878=ORIENTED_EDGE('',*,*,#1421,.F.);
#1879=ORIENTED_EDGE('',*,*,#1338,.F.);
#1880=ORIENTED_EDGE('',*,*,#1422,.T.);
#1881=ORIENTED_EDGE('',*,*,#1240,.F.);
#1882=ORIENTED_EDGE('',*,*,#1422,.F.);
#1883=ORIENTED_EDGE('',*,*,#1337,.F.);
#1884=ORIENTED_EDGE('',*,*,#1423,.T.);
#1885=ORIENTED_EDGE('',*,*,#1241,.F.);
#1886=ORIENTED_EDGE('',*,*,#1423,.F.);
#1887=ORIENTED_EDGE('',*,*,#1340,.F.);
#1888=ORIENTED_EDGE('',*,*,#1420,.T.);
#1889=ORIENTED_EDGE('',*,*,#1246,.F.);
#1890=ORIENTED_EDGE('',*,*,#1424,.F.);
#1891=ORIENTED_EDGE('',*,*,#1343,.F.);
#1892=ORIENTED_EDGE('',*,*,#1425,.T.);
#1893=ORIENTED_EDGE('',*,*,#1247,.F.);
#1894=ORIENTED_EDGE('',*,*,#1425,.F.);
#1895=ORIENTED_EDGE('',*,*,#1342,.F.);
#1896=ORIENTED_EDGE('',*,*,#1426,.T.);
#1897=ORIENTED_EDGE('',*,*,#1244,.F.);
#1898=ORIENTED_EDGE('',*,*,#1426,.F.);
#1899=ORIENTED_EDGE('',*,*,#1341,.F.);
#1900=ORIENTED_EDGE('',*,*,#1427,.T.);
#1901=ORIENTED_EDGE('',*,*,#1245,.F.);
#1902=ORIENTED_EDGE('',*,*,#1427,.F.);
#1903=ORIENTED_EDGE('',*,*,#1344,.F.);
#1904=ORIENTED_EDGE('',*,*,#1424,.T.);
#1905=ORIENTED_EDGE('',*,*,#1250,.F.);
#1906=ORIENTED_EDGE('',*,*,#1428,.F.);
#1907=ORIENTED_EDGE('',*,*,#1347,.F.);
#1908=ORIENTED_EDGE('',*,*,#1429,.T.);
#1909=ORIENTED_EDGE('',*,*,#1251,.F.);
#1910=ORIENTED_EDGE('',*,*,#1429,.F.);
#1911=ORIENTED_EDGE('',*,*,#1346,.F.);
#1912=ORIENTED_EDGE('',*,*,#1430,.T.);
#1913=ORIENTED_EDGE('',*,*,#1248,.F.);
#1914=ORIENTED_EDGE('',*,*,#1430,.F.);
#1915=ORIENTED_EDGE('',*,*,#1345,.F.);
#1916=ORIENTED_EDGE('',*,*,#1431,.T.);
#1917=ORIENTED_EDGE('',*,*,#1249,.F.);
#1918=ORIENTED_EDGE('',*,*,#1431,.F.);
#1919=ORIENTED_EDGE('',*,*,#1348,.F.);
#1920=ORIENTED_EDGE('',*,*,#1428,.T.);
#1921=ORIENTED_EDGE('',*,*,#1349,.F.);
#1922=ORIENTED_EDGE('',*,*,#1432,.T.);
#1923=ORIENTED_EDGE('',*,*,#1252,.F.);
#1924=ORIENTED_EDGE('',*,*,#1432,.F.);
#1925=ORIENTED_EDGE('',*,*,#1255,.F.);
#1926=ORIENTED_EDGE('',*,*,#1433,.F.);
#1927=ORIENTED_EDGE('',*,*,#1352,.F.);
#1928=ORIENTED_EDGE('',*,*,#1434,.T.);
#1929=ORIENTED_EDGE('',*,*,#1256,.F.);
#1930=ORIENTED_EDGE('',*,*,#1434,.F.);
#1931=ORIENTED_EDGE('',*,*,#1351,.F.);
#1932=ORIENTED_EDGE('',*,*,#1435,.T.);
#1933=ORIENTED_EDGE('',*,*,#1253,.F.);
#1934=ORIENTED_EDGE('',*,*,#1435,.F.);
#1935=ORIENTED_EDGE('',*,*,#1350,.F.);
#1936=ORIENTED_EDGE('',*,*,#1436,.T.);
#1937=ORIENTED_EDGE('',*,*,#1254,.F.);
#1938=ORIENTED_EDGE('',*,*,#1436,.F.);
#1939=ORIENTED_EDGE('',*,*,#1353,.F.);
#1940=ORIENTED_EDGE('',*,*,#1433,.T.);
#1941=ORIENTED_EDGE('',*,*,#1259,.F.);
#1942=ORIENTED_EDGE('',*,*,#1437,.F.);
#1943=ORIENTED_EDGE('',*,*,#1356,.F.);
#1944=ORIENTED_EDGE('',*,*,#1438,.T.);
#1945=ORIENTED_EDGE('',*,*,#1260,.F.);
#1946=ORIENTED_EDGE('',*,*,#1438,.F.);
#1947=ORIENTED_EDGE('',*,*,#1355,.F.);
#1948=ORIENTED_EDGE('',*,*,#1439,.T.);
#1949=ORIENTED_EDGE('',*,*,#1257,.F.);
#1950=ORIENTED_EDGE('',*,*,#1439,.F.);
#1951=ORIENTED_EDGE('',*,*,#1354,.F.);
#1952=ORIENTED_EDGE('',*,*,#1440,.T.);
#1953=ORIENTED_EDGE('',*,*,#1258,.F.);
#1954=ORIENTED_EDGE('',*,*,#1440,.F.);
#1955=ORIENTED_EDGE('',*,*,#1357,.F.);
#1956=ORIENTED_EDGE('',*,*,#1437,.T.);
#1957=ORIENTED_EDGE('',*,*,#1263,.F.);
#1958=ORIENTED_EDGE('',*,*,#1441,.F.);
#1959=ORIENTED_EDGE('',*,*,#1360,.F.);
#1960=ORIENTED_EDGE('',*,*,#1442,.T.);
#1961=ORIENTED_EDGE('',*,*,#1264,.F.);
#1962=ORIENTED_EDGE('',*,*,#1442,.F.);
#1963=ORIENTED_EDGE('',*,*,#1359,.F.);
#1964=ORIENTED_EDGE('',*,*,#1443,.T.);
#1965=ORIENTED_EDGE('',*,*,#1261,.F.);
#1966=ORIENTED_EDGE('',*,*,#1443,.F.);
#1967=ORIENTED_EDGE('',*,*,#1358,.F.);
#1968=ORIENTED_EDGE('',*,*,#1444,.T.);
#1969=ORIENTED_EDGE('',*,*,#1262,.F.);
#1970=ORIENTED_EDGE('',*,*,#1444,.F.);
#1971=ORIENTED_EDGE('',*,*,#1361,.F.);
#1972=ORIENTED_EDGE('',*,*,#1441,.T.);
#1973=ORIENTED_EDGE('',*,*,#1267,.F.);
#1974=ORIENTED_EDGE('',*,*,#1445,.F.);
#1975=ORIENTED_EDGE('',*,*,#1364,.F.);
#1976=ORIENTED_EDGE('',*,*,#1446,.T.);
#1977=ORIENTED_EDGE('',*,*,#1268,.F.);
#1978=ORIENTED_EDGE('',*,*,#1446,.F.);
#1979=ORIENTED_EDGE('',*,*,#1363,.F.);
#1980=ORIENTED_EDGE('',*,*,#1447,.T.);
#1981=ORIENTED_EDGE('',*,*,#1265,.F.);
#1982=ORIENTED_EDGE('',*,*,#1447,.F.);
#1983=ORIENTED_EDGE('',*,*,#1362,.F.);
#1984=ORIENTED_EDGE('',*,*,#1448,.T.);
#1985=ORIENTED_EDGE('',*,*,#1266,.F.);
#1986=ORIENTED_EDGE('',*,*,#1448,.F.);
#1987=ORIENTED_EDGE('',*,*,#1365,.F.);
#1988=ORIENTED_EDGE('',*,*,#1445,.T.);
#1989=ORIENTED_EDGE('',*,*,#1272,.T.);
#1990=ORIENTED_EDGE('',*,*,#1449,.T.);
#1991=ORIENTED_EDGE('',*,*,#1450,.T.);
#1992=ORIENTED_EDGE('',*,*,#1449,.F.);
#1993=ORIENTED_EDGE('',*,*,#1451,.F.);
#1994=ORIENTED_EDGE('',*,*,#1452,.T.);
#1995=ORIENTED_EDGE('',*,*,#1450,.F.);
#1996=ORIENTED_EDGE('',*,*,#1452,.F.);
#1997=ORIENTED_EDGE('',*,*,#1269,.T.);
#1998=ORIENTED_EDGE('',*,*,#1453,.T.);
#1999=ORIENTED_EDGE('',*,*,#1454,.T.);
#2000=ORIENTED_EDGE('',*,*,#1453,.F.);
#2001=ORIENTED_EDGE('',*,*,#1455,.F.);
#2002=ORIENTED_EDGE('',*,*,#1456,.T.);
#2003=ORIENTED_EDGE('',*,*,#1454,.F.);
#2004=ORIENTED_EDGE('',*,*,#1456,.F.);
#2005=ORIENTED_EDGE('',*,*,#1271,.T.);
#2006=ORIENTED_EDGE('',*,*,#1457,.T.);
#2007=ORIENTED_EDGE('',*,*,#1458,.T.);
#2008=ORIENTED_EDGE('',*,*,#1457,.F.);
#2009=ORIENTED_EDGE('',*,*,#1459,.F.);
#2010=ORIENTED_EDGE('',*,*,#1460,.T.);
#2011=ORIENTED_EDGE('',*,*,#1458,.F.);
#2012=ORIENTED_EDGE('',*,*,#1460,.F.);
#2013=ORIENTED_EDGE('',*,*,#1270,.T.);
#2014=ORIENTED_EDGE('',*,*,#1461,.T.);
#2015=ORIENTED_EDGE('',*,*,#1462,.T.);
#2016=ORIENTED_EDGE('',*,*,#1461,.F.);
#2017=ORIENTED_EDGE('',*,*,#1463,.F.);
#2018=ORIENTED_EDGE('',*,*,#1464,.T.);
#2019=ORIENTED_EDGE('',*,*,#1462,.F.);
#2020=ORIENTED_EDGE('',*,*,#1464,.F.);
#2021=ORIENTED_EDGE('',*,*,#1372,.T.);
#2022=ORIENTED_EDGE('',*,*,#1465,.T.);
#2023=ORIENTED_EDGE('',*,*,#1466,.F.);
#2024=ORIENTED_EDGE('',*,*,#1465,.F.);
#2025=ORIENTED_EDGE('',*,*,#1366,.T.);
#2026=ORIENTED_EDGE('',*,*,#1467,.T.);
#2027=ORIENTED_EDGE('',*,*,#1468,.F.);
#2028=ORIENTED_EDGE('',*,*,#1467,.F.);
#2029=ORIENTED_EDGE('',*,*,#1371,.T.);
#2030=ORIENTED_EDGE('',*,*,#1469,.T.);
#2031=ORIENTED_EDGE('',*,*,#1470,.F.);
#2032=ORIENTED_EDGE('',*,*,#1469,.F.);
#2033=ORIENTED_EDGE('',*,*,#1367,.T.);
#2034=ORIENTED_EDGE('',*,*,#1471,.T.);
#2035=ORIENTED_EDGE('',*,*,#1472,.F.);
#2036=ORIENTED_EDGE('',*,*,#1471,.F.);
#2037=ORIENTED_EDGE('',*,*,#1466,.T.);
#2038=ORIENTED_EDGE('',*,*,#1459,.T.);
#2039=ORIENTED_EDGE('',*,*,#1472,.T.);
#2040=ORIENTED_EDGE('',*,*,#1455,.T.);
#2041=ORIENTED_EDGE('',*,*,#1468,.T.);
#2042=ORIENTED_EDGE('',*,*,#1463,.T.);
#2043=ORIENTED_EDGE('',*,*,#1470,.T.);
#2044=ORIENTED_EDGE('',*,*,#1451,.T.);
#2045=ORIENTED_EDGE('',*,*,#1473,.F.);
#2046=ORIENTED_EDGE('',*,*,#1474,.F.);
#2047=ORIENTED_EDGE('',*,*,#1475,.F.);
#2048=ORIENTED_EDGE('',*,*,#1474,.T.);
#2049=ORIENTED_EDGE('',*,*,#1476,.T.);
#2050=ORIENTED_EDGE('',*,*,#1477,.T.);
#2051=ORIENTED_EDGE('',*,*,#1476,.F.);
#2052=ORIENTED_EDGE('',*,*,#1370,.F.);
#2053=ORIENTED_EDGE('',*,*,#1478,.T.);
#2054=ORIENTED_EDGE('',*,*,#1479,.T.);
#2055=ORIENTED_EDGE('',*,*,#1478,.F.);
#2056=ORIENTED_EDGE('',*,*,#1479,.F.);
#2057=ORIENTED_EDGE('',*,*,#1477,.F.);
#2058=ORIENTED_EDGE('',*,*,#1475,.T.);
#2059=ORIENTED_EDGE('',*,*,#1480,.T.);
#2060=ORIENTED_EDGE('',*,*,#1481,.T.);
#2061=ORIENTED_EDGE('',*,*,#1480,.F.);
#2062=ORIENTED_EDGE('',*,*,#1368,.F.);
#2063=ORIENTED_EDGE('',*,*,#1482,.T.);
#2064=ORIENTED_EDGE('',*,*,#1483,.T.);
#2065=ORIENTED_EDGE('',*,*,#1482,.F.);
#2066=ORIENTED_EDGE('',*,*,#1483,.F.);
#2067=ORIENTED_EDGE('',*,*,#1481,.F.);
#2068=ORIENTED_EDGE('',*,*,#1473,.T.);
#2069=ORIENTED_EDGE('',*,*,#1484,.T.);
#2070=ORIENTED_EDGE('',*,*,#1485,.T.);
#2071=ORIENTED_EDGE('',*,*,#1484,.F.);
#2072=ORIENTED_EDGE('',*,*,#1369,.F.);
#2073=ORIENTED_EDGE('',*,*,#1486,.T.);
#2074=ORIENTED_EDGE('',*,*,#1487,.T.);
#2075=ORIENTED_EDGE('',*,*,#1486,.F.);
#2076=ORIENTED_EDGE('',*,*,#1487,.F.);
#2077=ORIENTED_EDGE('',*,*,#1485,.F.);
#2078=ORIENTED_EDGE('',*,*,#1488,.T.);
#2079=ORIENTED_EDGE('',*,*,#1489,.T.);
#2080=ORIENTED_EDGE('',*,*,#1490,.T.);
#2081=ORIENTED_EDGE('',*,*,#1491,.T.);
#2082=ORIENTED_EDGE('',*,*,#1492,.T.);
#2083=ORIENTED_EDGE('',*,*,#1493,.T.);
#2084=ORIENTED_EDGE('',*,*,#1494,.T.);
#2085=ORIENTED_EDGE('',*,*,#1495,.T.);
#2086=ORIENTED_EDGE('',*,*,#1279,.T.);
#2087=ORIENTED_EDGE('',*,*,#1275,.T.);
#2088=ORIENTED_EDGE('',*,*,#1283,.T.);
#2089=ORIENTED_EDGE('',*,*,#1287,.T.);
#2090=ORIENTED_EDGE('',*,*,#1290,.T.);
#2091=ORIENTED_EDGE('',*,*,#1294,.T.);
#2092=ORIENTED_EDGE('',*,*,#1374,.T.);
#2093=ORIENTED_EDGE('',*,*,#1376,.T.);
#2094=ORIENTED_EDGE('',*,*,#1382,.T.);
#2095=ORIENTED_EDGE('',*,*,#1383,.T.);
#2096=ORIENTED_EDGE('',*,*,#1378,.T.);
#2097=ORIENTED_EDGE('',*,*,#1380,.T.);
#2098=ORIENTED_EDGE('',*,*,#1195,.T.);
#2099=ORIENTED_EDGE('',*,*,#1496,.T.);
#2100=ORIENTED_EDGE('',*,*,#1488,.F.);
#2101=ORIENTED_EDGE('',*,*,#1497,.F.);
#2102=ORIENTED_EDGE('',*,*,#1196,.F.);
#2103=ORIENTED_EDGE('',*,*,#1497,.T.);
#2104=ORIENTED_EDGE('',*,*,#1495,.F.);
#2105=ORIENTED_EDGE('',*,*,#1498,.F.);
#2106=ORIENTED_EDGE('',*,*,#1197,.T.);
#2107=ORIENTED_EDGE('',*,*,#1498,.T.);
#2108=ORIENTED_EDGE('',*,*,#1494,.F.);
#2109=ORIENTED_EDGE('',*,*,#1499,.F.);
#2110=ORIENTED_EDGE('',*,*,#1198,.F.);
#2111=ORIENTED_EDGE('',*,*,#1499,.T.);
#2112=ORIENTED_EDGE('',*,*,#1493,.F.);
#2113=ORIENTED_EDGE('',*,*,#1500,.F.);
#2114=ORIENTED_EDGE('',*,*,#1199,.T.);
#2115=ORIENTED_EDGE('',*,*,#1500,.T.);
#2116=ORIENTED_EDGE('',*,*,#1492,.F.);
#2117=ORIENTED_EDGE('',*,*,#1501,.F.);
#2118=ORIENTED_EDGE('',*,*,#1200,.F.);
#2119=ORIENTED_EDGE('',*,*,#1501,.T.);
#2120=ORIENTED_EDGE('',*,*,#1491,.F.);
#2121=ORIENTED_EDGE('',*,*,#1502,.F.);
#2122=ORIENTED_EDGE('',*,*,#1201,.T.);
#2123=ORIENTED_EDGE('',*,*,#1502,.T.);
#2124=ORIENTED_EDGE('',*,*,#1490,.F.);
#2125=ORIENTED_EDGE('',*,*,#1503,.F.);
#2126=ORIENTED_EDGE('',*,*,#1194,.F.);
#2127=ORIENTED_EDGE('',*,*,#1503,.T.);
#2128=ORIENTED_EDGE('',*,*,#1489,.F.);
#2129=ORIENTED_EDGE('',*,*,#1496,.F.);
#2130=CONICAL_SURFACE('',#2264,2.6,0.785398163397449);
#2131=CONICAL_SURFACE('',#2314,2.6,0.785398163397449);
#2132=CONICAL_SURFACE('',#2318,2.6,0.785398163397449);
#2133=CONICAL_SURFACE('',#2322,2.6,0.785398163397449);
#2134=CONICAL_SURFACE('',#2448,2.6,0.785398163397449);
#2135=CONICAL_SURFACE('',#2452,2.6,0.785398163397449);
#2136=CONICAL_SURFACE('',#2456,2.6,0.785398163397449);
#2137=CONICAL_SURFACE('',#2460,2.6,0.785398163397449);
#2138=CONICAL_SURFACE('',#2464,3.5,0.785398163397448);
#2139=CONICAL_SURFACE('',#2466,3.5,0.785398163397449);
#2140=CONICAL_SURFACE('',#2468,3.5,0.785398163397449);
#2141=CONICAL_SURFACE('',#2470,3.5,0.785398163397448);
#2142=ADVANCED_FACE('',(#184),#2130,.F.);
#2143=ADVANCED_FACE('',(#185,#70,#71,#72,#73,#74,#75,#76,#77,#78,#79,#80,
#81,#82,#83,#84,#85,#86,#87,#88,#89,#90,#91,#92,#93,#94),#131,.T.);
#2144=ADVANCED_FACE('',(#186),#15,.F.);
#2145=ADVANCED_FACE('',(#187),#2131,.F.);
#2146=ADVANCED_FACE('',(#188),#16,.F.);
#2147=ADVANCED_FACE('',(#189),#2132,.F.);
#2148=ADVANCED_FACE('',(#190),#17,.F.);
#2149=ADVANCED_FACE('',(#191),#2133,.F.);
#2150=ADVANCED_FACE('',(#192),#18,.F.);
#2151=ADVANCED_FACE('',(#193),#19,.T.);
#2152=ADVANCED_FACE('',(#194),#132,.T.);
#2153=ADVANCED_FACE('',(#195,#95,#96,#97,#98,#99,#100,#101,#102,#103,#104,
#105,#106,#107,#108,#109,#110,#111,#112,#113,#114,#115,#116,#117,#118),
#133,.F.);
#2154=ADVANCED_FACE('',(#196),#20,.T.);
#2155=ADVANCED_FACE('',(#197),#134,.T.);
#2156=ADVANCED_FACE('',(#198),#21,.T.);
#2157=ADVANCED_FACE('',(#199),#135,.T.);
#2158=ADVANCED_FACE('',(#200),#22,.T.);
#2159=ADVANCED_FACE('',(#201),#136,.T.);
#2160=ADVANCED_FACE('',(#202),#23,.T.);
#2161=ADVANCED_FACE('',(#203),#137,.F.);
#2162=ADVANCED_FACE('',(#204),#24,.F.);
#2163=ADVANCED_FACE('',(#205),#138,.F.);
#2164=ADVANCED_FACE('',(#206),#25,.T.);
#2165=ADVANCED_FACE('',(#207),#139,.F.);
#2166=ADVANCED_FACE('',(#208),#26,.F.);
#2167=ADVANCED_FACE('',(#209),#140,.F.);
#2168=ADVANCED_FACE('',(#210),#27,.T.);
#2169=ADVANCED_FACE('',(#211),#141,.F.);
#2170=ADVANCED_FACE('',(#212),#28,.F.);
#2171=ADVANCED_FACE('',(#213),#142,.F.);
#2172=ADVANCED_FACE('',(#214),#29,.T.);
#2173=ADVANCED_FACE('',(#215),#143,.F.);
#2174=ADVANCED_FACE('',(#216),#30,.F.);
#2175=ADVANCED_FACE('',(#217),#144,.F.);
#2176=ADVANCED_FACE('',(#218),#31,.T.);
#2177=ADVANCED_FACE('',(#219),#145,.F.);
#2178=ADVANCED_FACE('',(#220),#32,.F.);
#2179=ADVANCED_FACE('',(#221),#146,.F.);
#2180=ADVANCED_FACE('',(#222),#33,.T.);
#2181=ADVANCED_FACE('',(#223),#147,.F.);
#2182=ADVANCED_FACE('',(#224),#34,.F.);
#2183=ADVANCED_FACE('',(#225),#148,.F.);
#2184=ADVANCED_FACE('',(#226),#35,.T.);
#2185=ADVANCED_FACE('',(#227),#149,.F.);
#2186=ADVANCED_FACE('',(#228),#36,.F.);
#2187=ADVANCED_FACE('',(#229),#150,.F.);
#2188=ADVANCED_FACE('',(#230),#37,.T.);
#2189=ADVANCED_FACE('',(#231),#151,.F.);
#2190=ADVANCED_FACE('',(#232),#38,.F.);
#2191=ADVANCED_FACE('',(#233),#152,.F.);
#2192=ADVANCED_FACE('',(#234),#39,.T.);
#2193=ADVANCED_FACE('',(#235),#153,.F.);
#2194=ADVANCED_FACE('',(#236),#40,.F.);
#2195=ADVANCED_FACE('',(#237),#154,.F.);
#2196=ADVANCED_FACE('',(#238),#41,.T.);
#2197=ADVANCED_FACE('',(#239),#155,.F.);
#2198=ADVANCED_FACE('',(#240),#42,.F.);
#2199=ADVANCED_FACE('',(#241),#156,.F.);
#2200=ADVANCED_FACE('',(#242),#43,.T.);
#2201=ADVANCED_FACE('',(#243),#157,.F.);
#2202=ADVANCED_FACE('',(#244),#44,.F.);
#2203=ADVANCED_FACE('',(#245),#158,.F.);
#2204=ADVANCED_FACE('',(#246),#45,.T.);
#2205=ADVANCED_FACE('',(#247),#159,.F.);
#2206=ADVANCED_FACE('',(#248),#46,.F.);
#2207=ADVANCED_FACE('',(#249),#160,.F.);
#2208=ADVANCED_FACE('',(#250),#47,.F.);
#2209=ADVANCED_FACE('',(#251),#48,.T.);
#2210=ADVANCED_FACE('',(#252),#161,.F.);
#2211=ADVANCED_FACE('',(#253),#49,.F.);
#2212=ADVANCED_FACE('',(#254),#162,.F.);
#2213=ADVANCED_FACE('',(#255),#50,.T.);
#2214=ADVANCED_FACE('',(#256),#163,.F.);
#2215=ADVANCED_FACE('',(#257),#51,.F.);
#2216=ADVANCED_FACE('',(#258),#164,.F.);
#2217=ADVANCED_FACE('',(#259),#52,.T.);
#2218=ADVANCED_FACE('',(#260),#165,.F.);
#2219=ADVANCED_FACE('',(#261),#53,.F.);
#2220=ADVANCED_FACE('',(#262),#166,.F.);
#2221=ADVANCED_FACE('',(#263),#54,.T.);
#2222=ADVANCED_FACE('',(#264),#167,.F.);
#2223=ADVANCED_FACE('',(#265),#55,.F.);
#2224=ADVANCED_FACE('',(#266),#168,.F.);
#2225=ADVANCED_FACE('',(#267),#2134,.F.);
#2226=ADVANCED_FACE('',(#268),#56,.F.);
#2227=ADVANCED_FACE('',(#269),#2135,.F.);
#2228=ADVANCED_FACE('',(#270),#57,.F.);
#2229=ADVANCED_FACE('',(#271),#2136,.F.);
#2230=ADVANCED_FACE('',(#272),#58,.F.);
#2231=ADVANCED_FACE('',(#273),#2137,.F.);
#2232=ADVANCED_FACE('',(#274),#59,.F.);
#2233=ADVANCED_FACE('',(#275),#2138,.T.);
#2234=ADVANCED_FACE('',(#276),#2139,.T.);
#2235=ADVANCED_FACE('',(#277),#2140,.T.);
#2236=ADVANCED_FACE('',(#278),#2141,.T.);
#2237=ADVANCED_FACE('',(#279,#119),#169,.T.);
#2238=ADVANCED_FACE('',(#280,#120),#170,.T.);
#2239=ADVANCED_FACE('',(#281,#121),#171,.T.);
#2240=ADVANCED_FACE('',(#282,#122),#172,.T.);
#2241=ADVANCED_FACE('',(#283),#173,.F.);
#2242=ADVANCED_FACE('',(#284),#174,.F.);
#2243=ADVANCED_FACE('',(#285),#175,.F.);
#2244=ADVANCED_FACE('',(#286),#60,.F.);
#2245=ADVANCED_FACE('',(#287),#61,.T.);
#2246=ADVANCED_FACE('',(#288,#123),#176,.F.);
#2247=ADVANCED_FACE('',(#289),#62,.F.);
#2248=ADVANCED_FACE('',(#290),#63,.T.);
#2249=ADVANCED_FACE('',(#291,#124),#177,.F.);
#2250=ADVANCED_FACE('',(#292),#64,.F.);
#2251=ADVANCED_FACE('',(#293),#65,.T.);
#2252=ADVANCED_FACE('',(#294,#125),#178,.F.);
#2253=ADVANCED_FACE('',(#295,#126,#127,#128,#129,#130),#179,.T.);
#2254=ADVANCED_FACE('',(#296),#180,.T.);
#2255=ADVANCED_FACE('',(#297),#66,.T.);
#2256=ADVANCED_FACE('',(#298),#181,.T.);
#2257=ADVANCED_FACE('',(#299),#67,.T.);
#2258=ADVANCED_FACE('',(#300),#182,.T.);
#2259=ADVANCED_FACE('',(#301),#68,.T.);
#2260=ADVANCED_FACE('',(#302),#183,.T.);
#2261=ADVANCED_FACE('',(#303),#69,.T.);
#2262=CLOSED_SHELL('',(#2142,#2143,#2144,#2145,#2146,#2147,#2148,#2149,
#2150,#2151,#2152,#2153,#2154,#2155,#2156,#2157,#2158,#2159,#2160,#2161,
#2162,#2163,#2164,#2165,#2166,#2167,#2168,#2169,#2170,#2171,#2172,#2173,
#2174,#2175,#2176,#2177,#2178,#2179,#2180,#2181,#2182,#2183,#2184,#2185,
#2186,#2187,#2188,#2189,#2190,#2191,#2192,#2193,#2194,#2195,#2196,#2197,
#2198,#2199,#2200,#2201,#2202,#2203,#2204,#2205,#2206,#2207,#2208,#2209,
#2210,#2211,#2212,#2213,#2214,#2215,#2216,#2217,#2218,#2219,#2220,#2221,
#2222,#2223,#2224,#2225,#2226,#2227,#2228,#2229,#2230,#2231,#2232,#2233,
#2234,#2235,#2236,#2237,#2238,#2239,#2240,#2241,#2242,#2243,#2244,#2245,
#2246,#2247,#2248,#2249,#2250,#2251,#2252,#2253,#2254,#2255,#2256,#2257,
#2258,#2259,#2260,#2261));
#2263=AXIS2_PLACEMENT_3D('',#3191,#2510,#2511);
#2264=AXIS2_PLACEMENT_3D('',#3192,#2512,#2513);
#2265=AXIS2_PLACEMENT_3D('',#3194,#2514,#2515);
#2266=AXIS2_PLACEMENT_3D('',#3197,#2517,#2518);
#2267=AXIS2_PLACEMENT_3D('',#3198,#2519,#2520);
#2268=AXIS2_PLACEMENT_3D('',#3201,#2521,#2522);
#2269=AXIS2_PLACEMENT_3D('',#3205,#2524,#2525);
#2270=AXIS2_PLACEMENT_3D('',#3209,#2527,#2528);
#2271=AXIS2_PLACEMENT_3D('',#3213,#2530,#2531);
#2272=AXIS2_PLACEMENT_3D('',#3216,#2533,#2534);
#2273=AXIS2_PLACEMENT_3D('',#3218,#2535,#2536);
#2274=AXIS2_PLACEMENT_3D('',#3221,#2537,#2538);
#2275=AXIS2_PLACEMENT_3D('',#3225,#2540,#2541);
#2276=AXIS2_PLACEMENT_3D('',#3229,#2543,#2544);
#2277=AXIS2_PLACEMENT_3D('',#3233,#2546,#2547);
#2278=AXIS2_PLACEMENT_3D('',#3237,#2549,#2550);
#2279=AXIS2_PLACEMENT_3D('',#3241,#2552,#2553);
#2280=AXIS2_PLACEMENT_3D('',#3245,#2555,#2556);
#2281=AXIS2_PLACEMENT_3D('',#3249,#2558,#2559);
#2282=AXIS2_PLACEMENT_3D('',#3253,#2561,#2562);
#2283=AXIS2_PLACEMENT_3D('',#3257,#2564,#2565);
#2284=AXIS2_PLACEMENT_3D('',#3261,#2567,#2568);
#2285=AXIS2_PLACEMENT_3D('',#3265,#2570,#2571);
#2286=AXIS2_PLACEMENT_3D('',#3269,#2573,#2574);
#2287=AXIS2_PLACEMENT_3D('',#3273,#2576,#2577);
#2288=AXIS2_PLACEMENT_3D('',#3277,#2579,#2580);
#2289=AXIS2_PLACEMENT_3D('',#3281,#2582,#2583);
#2290=AXIS2_PLACEMENT_3D('',#3285,#2585,#2586);
#2291=AXIS2_PLACEMENT_3D('',#3289,#2588,#2589);
#2292=AXIS2_PLACEMENT_3D('',#3293,#2591,#2592);
#2293=AXIS2_PLACEMENT_3D('',#3297,#2594,#2595);
#2294=AXIS2_PLACEMENT_3D('',#3301,#2597,#2598);
#2295=AXIS2_PLACEMENT_3D('',#3305,#2600,#2601);
#2296=AXIS2_PLACEMENT_3D('',#3309,#2603,#2604);
#2297=AXIS2_PLACEMENT_3D('',#3313,#2606,#2607);
#2298=AXIS2_PLACEMENT_3D('',#3316,#2609,#2610);
#2299=AXIS2_PLACEMENT_3D('',#3319,#2611,#2612);
#2300=AXIS2_PLACEMENT_3D('',#3323,#2614,#2615);
#2301=AXIS2_PLACEMENT_3D('',#3327,#2617,#2618);
#2302=AXIS2_PLACEMENT_3D('',#3331,#2620,#2621);
#2303=AXIS2_PLACEMENT_3D('',#3335,#2623,#2624);
#2304=AXIS2_PLACEMENT_3D('',#3339,#2626,#2627);
#2305=AXIS2_PLACEMENT_3D('',#3343,#2629,#2630);
#2306=AXIS2_PLACEMENT_3D('',#3347,#2632,#2633);
#2307=AXIS2_PLACEMENT_3D('',#3350,#2635,#2636);
#2308=AXIS2_PLACEMENT_3D('',#3352,#2637,#2638);
#2309=AXIS2_PLACEMENT_3D('',#3354,#2639,#2640);
#2310=AXIS2_PLACEMENT_3D('',#3356,#2641,#2642);
#2311=AXIS2_PLACEMENT_3D('',#3358,#2643,#2644);
#2312=AXIS2_PLACEMENT_3D('',#3359,#2645,#2646);
#2313=AXIS2_PLACEMENT_3D('',#3362,#2648,#2649);
#2314=AXIS2_PLACEMENT_3D('',#3363,#2650,#2651);
#2315=AXIS2_PLACEMENT_3D('',#3366,#2653,#2654);
#2316=AXIS2_PLACEMENT_3D('',#3367,#2655,#2656);
#2317=AXIS2_PLACEMENT_3D('',#3370,#2658,#2659);
#2318=AXIS2_PLACEMENT_3D('',#3371,#2660,#2661);
#2319=AXIS2_PLACEMENT_3D('',#3374,#2663,#2664);
#2320=AXIS2_PLACEMENT_3D('',#3375,#2665,#2666);
#2321=AXIS2_PLACEMENT_3D('',#3378,#2668,#2669);
#2322=AXIS2_PLACEMENT_3D('',#3379,#2670,#2671);
#2323=AXIS2_PLACEMENT_3D('',#3382,#2673,#2674);
#2324=AXIS2_PLACEMENT_3D('',#3383,#2675,#2676);
#2325=AXIS2_PLACEMENT_3D('',#3386,#2678,#2679);
#2326=AXIS2_PLACEMENT_3D('',#3387,#2680,#2681);
#2327=AXIS2_PLACEMENT_3D('',#3390,#2682,#2683);
#2328=AXIS2_PLACEMENT_3D('',#3394,#2685,#2686);
#2329=AXIS2_PLACEMENT_3D('',#3396,#2688,#2689);
#2330=AXIS2_PLACEMENT_3D('',#3402,#2693,#2694);
#2331=AXIS2_PLACEMENT_3D('',#3406,#2696,#2697);
#2332=AXIS2_PLACEMENT_3D('',#3410,#2699,#2700);
#2333=AXIS2_PLACEMENT_3D('',#3413,#2702,#2703);
#2334=AXIS2_PLACEMENT_3D('',#3416,#2704,#2705);
#2335=AXIS2_PLACEMENT_3D('',#3420,#2707,#2708);
#2336=AXIS2_PLACEMENT_3D('',#3424,#2710,#2711);
#2337=AXIS2_PLACEMENT_3D('',#3428,#2713,#2714);
#2338=AXIS2_PLACEMENT_3D('',#3432,#2716,#2717);
#2339=AXIS2_PLACEMENT_3D('',#3436,#2719,#2720);
#2340=AXIS2_PLACEMENT_3D('',#3440,#2722,#2723);
#2341=AXIS2_PLACEMENT_3D('',#3444,#2725,#2726);
#2342=AXIS2_PLACEMENT_3D('',#3448,#2728,#2729);
#2343=AXIS2_PLACEMENT_3D('',#3452,#2731,#2732);
#2344=AXIS2_PLACEMENT_3D('',#3456,#2734,#2735);
#2345=AXIS2_PLACEMENT_3D('',#3460,#2737,#2738);
#2346=AXIS2_PLACEMENT_3D('',#3464,#2740,#2741);
#2347=AXIS2_PLACEMENT_3D('',#3468,#2743,#2744);
#2348=AXIS2_PLACEMENT_3D('',#3472,#2746,#2747);
#2349=AXIS2_PLACEMENT_3D('',#3476,#2749,#2750);
#2350=AXIS2_PLACEMENT_3D('',#3480,#2752,#2753);
#2351=AXIS2_PLACEMENT_3D('',#3484,#2755,#2756);
#2352=AXIS2_PLACEMENT_3D('',#3488,#2758,#2759);
#2353=AXIS2_PLACEMENT_3D('',#3492,#2761,#2762);
#2354=AXIS2_PLACEMENT_3D('',#3496,#2764,#2765);
#2355=AXIS2_PLACEMENT_3D('',#3500,#2767,#2768);
#2356=AXIS2_PLACEMENT_3D('',#3504,#2770,#2771);
#2357=AXIS2_PLACEMENT_3D('',#3508,#2773,#2774);
#2358=AXIS2_PLACEMENT_3D('',#3511,#2776,#2777);
#2359=AXIS2_PLACEMENT_3D('',#3514,#2778,#2779);
#2360=AXIS2_PLACEMENT_3D('',#3518,#2781,#2782);
#2361=AXIS2_PLACEMENT_3D('',#3522,#2784,#2785);
#2362=AXIS2_PLACEMENT_3D('',#3526,#2787,#2788);
#2363=AXIS2_PLACEMENT_3D('',#3530,#2790,#2791);
#2364=AXIS2_PLACEMENT_3D('',#3534,#2793,#2794);
#2365=AXIS2_PLACEMENT_3D('',#3538,#2796,#2797);
#2366=AXIS2_PLACEMENT_3D('',#3542,#2799,#2800);
#2367=AXIS2_PLACEMENT_3D('',#3545,#2802,#2803);
#2368=AXIS2_PLACEMENT_3D('',#3547,#2804,#2805);
#2369=AXIS2_PLACEMENT_3D('',#3549,#2806,#2807);
#2370=AXIS2_PLACEMENT_3D('',#3551,#2808,#2809);
#2371=AXIS2_PLACEMENT_3D('',#3553,#2810,#2811);
#2372=AXIS2_PLACEMENT_3D('',#3555,#2812,#2813);
#2373=AXIS2_PLACEMENT_3D('',#3557,#2814,#2815);
#2374=AXIS2_PLACEMENT_3D('',#3558,#2816,#2817);
#2375=AXIS2_PLACEMENT_3D('',#3561,#2819,#2820);
#2376=AXIS2_PLACEMENT_3D('',#3562,#2821,#2822);
#2377=AXIS2_PLACEMENT_3D('',#3566,#2825,#2826);
#2378=AXIS2_PLACEMENT_3D('',#3570,#2828,#2829);
#2379=AXIS2_PLACEMENT_3D('',#3572,#2831,#2832);
#2380=AXIS2_PLACEMENT_3D('',#3574,#2834,#2835);
#2381=AXIS2_PLACEMENT_3D('',#3577,#2837,#2838);
#2382=AXIS2_PLACEMENT_3D('',#3578,#2839,#2840);
#2383=AXIS2_PLACEMENT_3D('',#3580,#2842,#2843);
#2384=AXIS2_PLACEMENT_3D('',#3583,#2846,#2847);
#2385=AXIS2_PLACEMENT_3D('',#3585,#2849,#2850);
#2386=AXIS2_PLACEMENT_3D('',#3587,#2852,#2853);
#2387=AXIS2_PLACEMENT_3D('',#3588,#2854,#2855);
#2388=AXIS2_PLACEMENT_3D('',#3591,#2858,#2859);
#2389=AXIS2_PLACEMENT_3D('',#3593,#2861,#2862);
#2390=AXIS2_PLACEMENT_3D('',#3595,#2864,#2865);
#2391=AXIS2_PLACEMENT_3D('',#3596,#2866,#2867);
#2392=AXIS2_PLACEMENT_3D('',#3599,#2870,#2871);
#2393=AXIS2_PLACEMENT_3D('',#3601,#2873,#2874);
#2394=AXIS2_PLACEMENT_3D('',#3603,#2876,#2877);
#2395=AXIS2_PLACEMENT_3D('',#3604,#2878,#2879);
#2396=AXIS2_PLACEMENT_3D('',#3607,#2882,#2883);
#2397=AXIS2_PLACEMENT_3D('',#3609,#2885,#2886);
#2398=AXIS2_PLACEMENT_3D('',#3611,#2888,#2889);
#2399=AXIS2_PLACEMENT_3D('',#3612,#2890,#2891);
#2400=AXIS2_PLACEMENT_3D('',#3615,#2894,#2895);
#2401=AXIS2_PLACEMENT_3D('',#3617,#2897,#2898);
#2402=AXIS2_PLACEMENT_3D('',#3619,#2900,#2901);
#2403=AXIS2_PLACEMENT_3D('',#3620,#2902,#2903);
#2404=AXIS2_PLACEMENT_3D('',#3623,#2906,#2907);
#2405=AXIS2_PLACEMENT_3D('',#3625,#2909,#2910);
#2406=AXIS2_PLACEMENT_3D('',#3627,#2912,#2913);
#2407=AXIS2_PLACEMENT_3D('',#3628,#2914,#2915);
#2408=AXIS2_PLACEMENT_3D('',#3631,#2918,#2919);
#2409=AXIS2_PLACEMENT_3D('',#3633,#2921,#2922);
#2410=AXIS2_PLACEMENT_3D('',#3635,#2924,#2925);
#2411=AXIS2_PLACEMENT_3D('',#3636,#2926,#2927);
#2412=AXIS2_PLACEMENT_3D('',#3639,#2930,#2931);
#2413=AXIS2_PLACEMENT_3D('',#3641,#2933,#2934);
#2414=AXIS2_PLACEMENT_3D('',#3643,#2936,#2937);
#2415=AXIS2_PLACEMENT_3D('',#3644,#2938,#2939);
#2416=AXIS2_PLACEMENT_3D('',#3647,#2942,#2943);
#2417=AXIS2_PLACEMENT_3D('',#3649,#2945,#2946);
#2418=AXIS2_PLACEMENT_3D('',#3651,#2948,#2949);
#2419=AXIS2_PLACEMENT_3D('',#3652,#2950,#2951);
#2420=AXIS2_PLACEMENT_3D('',#3655,#2954,#2955);
#2421=AXIS2_PLACEMENT_3D('',#3657,#2957,#2958);
#2422=AXIS2_PLACEMENT_3D('',#3659,#2960,#2961);
#2423=AXIS2_PLACEMENT_3D('',#3660,#2962,#2963);
#2424=AXIS2_PLACEMENT_3D('',#3663,#2966,#2967);
#2425=AXIS2_PLACEMENT_3D('',#3665,#2969,#2970);
#2426=AXIS2_PLACEMENT_3D('',#3667,#2972,#2973);
#2427=AXIS2_PLACEMENT_3D('',#3668,#2974,#2975);
#2428=AXIS2_PLACEMENT_3D('',#3671,#2978,#2979);
#2429=AXIS2_PLACEMENT_3D('',#3673,#2981,#2982);
#2430=AXIS2_PLACEMENT_3D('',#3675,#2984,#2985);
#2431=AXIS2_PLACEMENT_3D('',#3676,#2986,#2987);
#2432=AXIS2_PLACEMENT_3D('',#3678,#2989,#2990);
#2433=AXIS2_PLACEMENT_3D('',#3681,#2993,#2994);
#2434=AXIS2_PLACEMENT_3D('',#3683,#2996,#2997);
#2435=AXIS2_PLACEMENT_3D('',#3685,#2999,#3000);
#2436=AXIS2_PLACEMENT_3D('',#3686,#3001,#3002);
#2437=AXIS2_PLACEMENT_3D('',#3689,#3005,#3006);
#2438=AXIS2_PLACEMENT_3D('',#3691,#3008,#3009);
#2439=AXIS2_PLACEMENT_3D('',#3693,#3011,#3012);
#2440=AXIS2_PLACEMENT_3D('',#3694,#3013,#3014);
#2441=AXIS2_PLACEMENT_3D('',#3697,#3017,#3018);
#2442=AXIS2_PLACEMENT_3D('',#3699,#3020,#3021);
#2443=AXIS2_PLACEMENT_3D('',#3701,#3023,#3024);
#2444=AXIS2_PLACEMENT_3D('',#3702,#3025,#3026);
#2445=AXIS2_PLACEMENT_3D('',#3705,#3029,#3030);
#2446=AXIS2_PLACEMENT_3D('',#3707,#3032,#3033);
#2447=AXIS2_PLACEMENT_3D('',#3709,#3035,#3036);
#2448=AXIS2_PLACEMENT_3D('',#3710,#3037,#3038);
#2449=AXIS2_PLACEMENT_3D('',#3713,#3040,#3041);
#2450=AXIS2_PLACEMENT_3D('',#3714,#3042,#3043);
#2451=AXIS2_PLACEMENT_3D('',#3716,#3044,#3045);
#2452=AXIS2_PLACEMENT_3D('',#3718,#3047,#3048);
#2453=AXIS2_PLACEMENT_3D('',#3721,#3050,#3051);
#2454=AXIS2_PLACEMENT_3D('',#3722,#3052,#3053);
#2455=AXIS2_PLACEMENT_3D('',#3724,#3054,#3055);
#2456=AXIS2_PLACEMENT_3D('',#3726,#3057,#3058);
#2457=AXIS2_PLACEMENT_3D('',#3729,#3060,#3061);
#2458=AXIS2_PLACEMENT_3D('',#3730,#3062,#3063);
#2459=AXIS2_PLACEMENT_3D('',#3732,#3064,#3065);
#2460=AXIS2_PLACEMENT_3D('',#3734,#3067,#3068);
#2461=AXIS2_PLACEMENT_3D('',#3737,#3070,#3071);
#2462=AXIS2_PLACEMENT_3D('',#3738,#3072,#3073);
#2463=AXIS2_PLACEMENT_3D('',#3740,#3074,#3075);
#2464=AXIS2_PLACEMENT_3D('',#3742,#3077,#3078);
#2465=AXIS2_PLACEMENT_3D('',#3745,#3080,#3081);
#2466=AXIS2_PLACEMENT_3D('',#3746,#3082,#3083);
#2467=AXIS2_PLACEMENT_3D('',#3749,#3085,#3086);
#2468=AXIS2_PLACEMENT_3D('',#3750,#3087,#3088);
#2469=AXIS2_PLACEMENT_3D('',#3753,#3090,#3091);
#2470=AXIS2_PLACEMENT_3D('',#3754,#3092,#3093);
#2471=AXIS2_PLACEMENT_3D('',#3757,#3095,#3096);
#2472=AXIS2_PLACEMENT_3D('',#3758,#3097,#3098);
#2473=AXIS2_PLACEMENT_3D('',#3759,#3099,#3100);
#2474=AXIS2_PLACEMENT_3D('',#3760,#3101,#3102);
#2475=AXIS2_PLACEMENT_3D('',#3761,#3103,#3104);
#2476=AXIS2_PLACEMENT_3D('',#3762,#3105,#3106);
#2477=AXIS2_PLACEMENT_3D('',#3764,#3107,#3108);
#2478=AXIS2_PLACEMENT_3D('',#3765,#3109,#3110);
#2479=AXIS2_PLACEMENT_3D('',#3767,#3111,#3112);
#2480=AXIS2_PLACEMENT_3D('',#3768,#3113,#3114);
#2481=AXIS2_PLACEMENT_3D('',#3770,#3115,#3116);
#2482=AXIS2_PLACEMENT_3D('',#3771,#3117,#3118);
#2483=AXIS2_PLACEMENT_3D('',#3774,#3120,#3121);
#2484=AXIS2_PLACEMENT_3D('',#3775,#3122,#3123);
#2485=AXIS2_PLACEMENT_3D('',#3778,#3125,#3126);
#2486=AXIS2_PLACEMENT_3D('',#3779,#3127,#3128);
#2487=AXIS2_PLACEMENT_3D('',#3780,#3129,#3130);
#2488=AXIS2_PLACEMENT_3D('',#3783,#3132,#3133);
#2489=AXIS2_PLACEMENT_3D('',#3784,#3134,#3135);
#2490=AXIS2_PLACEMENT_3D('',#3787,#3137,#3138);
#2491=AXIS2_PLACEMENT_3D('',#3788,#3139,#3140);
#2492=AXIS2_PLACEMENT_3D('',#3789,#3141,#3142);
#2493=AXIS2_PLACEMENT_3D('',#3792,#3144,#3145);
#2494=AXIS2_PLACEMENT_3D('',#3793,#3146,#3147);
#2495=AXIS2_PLACEMENT_3D('',#3796,#3149,#3150);
#2496=AXIS2_PLACEMENT_3D('',#3797,#3151,#3152);
#2497=AXIS2_PLACEMENT_3D('',#3798,#3153,#3154);
#2498=AXIS2_PLACEMENT_3D('',#3803,#3156,#3157);
#2499=AXIS2_PLACEMENT_3D('',#3807,#3159,#3160);
#2500=AXIS2_PLACEMENT_3D('',#3811,#3162,#3163);
#2501=AXIS2_PLACEMENT_3D('',#3814,#3165,#3166);
#2502=AXIS2_PLACEMENT_3D('',#3815,#3167,#3168);
#2503=AXIS2_PLACEMENT_3D('',#3818,#3171,#3172);
#2504=AXIS2_PLACEMENT_3D('',#3820,#3174,#3175);
#2505=AXIS2_PLACEMENT_3D('',#3822,#3177,#3178);
#2506=AXIS2_PLACEMENT_3D('',#3824,#3180,#3181);
#2507=AXIS2_PLACEMENT_3D('',#3826,#3183,#3184);
#2508=AXIS2_PLACEMENT_3D('',#3828,#3186,#3187);
#2509=AXIS2_PLACEMENT_3D('',#3830,#3189,#3190);
#2510=DIRECTION('axis',(0.,0.,1.));
#2511=DIRECTION('refdir',(1.,0.,0.));
#2512=DIRECTION('center_axis',(0.,0.,-1.));
#2513=DIRECTION('ref_axis',(1.,0.,0.));
#2514=DIRECTION('center_axis',(0.,0.,-1.));
#2515=DIRECTION('ref_axis',(1.,0.,0.));
#2516=DIRECTION('',(0.707106781186548,-8.65956056235494E-17,0.707106781186547));
#2517=DIRECTION('center_axis',(0.,0.,1.));
#2518=DIRECTION('ref_axis',(1.,0.,0.));
#2519=DIRECTION('center_axis',(0.,0.,-1.));
#2520=DIRECTION('ref_axis',(1.,0.,0.));
#2521=DIRECTION('center_axis',(0.,0.,-1.));
#2522=DIRECTION('ref_axis',(7.10542735760098E-15,1.,0.));
#2523=DIRECTION('',(-1.11022302462516E-16,1.,0.));
#2524=DIRECTION('center_axis',(0.,0.,-1.));
#2525=DIRECTION('ref_axis',(1.,5.32907051820075E-15,0.));
#2526=DIRECTION('',(1.,-9.51619735392991E-17,0.));
#2527=DIRECTION('center_axis',(0.,0.,-1.));
#2528=DIRECTION('ref_axis',(3.55271367880052E-15,-1.,0.));
#2529=DIRECTION('',(1.11022302462516E-16,-1.,0.));
#2530=DIRECTION('center_axis',(0.,0.,-1.));
#2531=DIRECTION('ref_axis',(-1.,7.10542735760098E-15,0.));
#2532=DIRECTION('',(-1.,-6.34413156928661E-17,0.));
#2533=DIRECTION('center_axis',(0.,0.,-1.));
#2534=DIRECTION('ref_axis',(1.,0.,0.));
#2535=DIRECTION('center_axis',(0.,0.,-1.));
#2536=DIRECTION('ref_axis',(1.,0.,0.));
#2537=DIRECTION('center_axis',(0.,0.,1.));
#2538=DIRECTION('ref_axis',(-1.,0.,0.));
#2539=DIRECTION('',(0.707106781186548,-0.707106781186547,0.));
#2540=DIRECTION('center_axis',(0.,0.,-1.));
#2541=DIRECTION('ref_axis',(-1.,0.,0.));
#2542=DIRECTION('',(0.707106781186547,0.707106781186548,0.));
#2543=DIRECTION('center_axis',(0.,0.,1.));
#2544=DIRECTION('ref_axis',(-1.,0.,0.));
#2545=DIRECTION('',(0.707106781186548,-0.707106781186547,0.));
#2546=DIRECTION('center_axis',(0.,0.,-1.));
#2547=DIRECTION('ref_axis',(-1.,0.,0.));
#2548=DIRECTION('',(0.707106781186547,0.707106781186548,0.));
#2549=DIRECTION('center_axis',(0.,0.,1.));
#2550=DIRECTION('ref_axis',(-1.,0.,0.));
#2551=DIRECTION('',(-0.707106781186548,0.707106781186547,0.));
#2552=DIRECTION('center_axis',(0.,0.,-1.));
#2553=DIRECTION('ref_axis',(-1.,0.,0.));
#2554=DIRECTION('',(-0.707106781186547,-0.707106781186548,0.));
#2555=DIRECTION('center_axis',(0.,0.,1.));
#2556=DIRECTION('ref_axis',(-1.,0.,0.));
#2557=DIRECTION('',(-0.707106781186548,-0.707106781186548,0.));
#2558=DIRECTION('center_axis',(0.,0.,-1.));
#2559=DIRECTION('ref_axis',(-1.,0.,0.));
#2560=DIRECTION('',(0.707106781186548,-0.707106781186547,0.));
#2561=DIRECTION('center_axis',(0.,0.,1.));
#2562=DIRECTION('ref_axis',(-1.,0.,0.));
#2563=DIRECTION('',(-0.707106781186548,-0.707106781186548,0.));
#2564=DIRECTION('center_axis',(0.,0.,-1.));
#2565=DIRECTION('ref_axis',(-1.,0.,0.));
#2566=DIRECTION('',(0.707106781186548,-0.707106781186547,0.));
#2567=DIRECTION('center_axis',(0.,0.,1.));
#2568=DIRECTION('ref_axis',(-1.,0.,0.));
#2569=DIRECTION('',(-0.707106781186548,0.707106781186547,0.));
#2570=DIRECTION('center_axis',(0.,0.,-1.));
#2571=DIRECTION('ref_axis',(-1.,0.,0.));
#2572=DIRECTION('',(-0.707106781186547,-0.707106781186548,0.));
#2573=DIRECTION('center_axis',(0.,0.,1.));
#2574=DIRECTION('ref_axis',(-1.,0.,0.));
#2575=DIRECTION('',(0.707106781186547,0.707106781186548,0.));
#2576=DIRECTION('center_axis',(0.,0.,-1.));
#2577=DIRECTION('ref_axis',(-1.,0.,0.));
#2578=DIRECTION('',(-0.707106781186548,0.707106781186547,0.));
#2579=DIRECTION('center_axis',(0.,0.,1.));
#2580=DIRECTION('ref_axis',(-1.,0.,0.));
#2581=DIRECTION('',(0.707106781186547,0.707106781186548,0.));
#2582=DIRECTION('center_axis',(0.,0.,-1.));
#2583=DIRECTION('ref_axis',(-1.,0.,0.));
#2584=DIRECTION('',(-0.707106781186548,0.707106781186547,0.));
#2585=DIRECTION('center_axis',(0.,0.,1.));
#2586=DIRECTION('ref_axis',(-1.,0.,0.));
#2587=DIRECTION('',(0.707106781186548,-0.707106781186547,0.));
#2588=DIRECTION('center_axis',(0.,0.,-1.));
#2589=DIRECTION('ref_axis',(-1.,0.,0.));
#2590=DIRECTION('',(0.707106781186547,0.707106781186548,0.));
#2591=DIRECTION('center_axis',(0.,0.,1.));
#2592=DIRECTION('ref_axis',(-1.,0.,0.));
#2593=DIRECTION('',(0.707106781186547,0.707106781186548,0.));
#2594=DIRECTION('center_axis',(0.,0.,-1.));
#2595=DIRECTION('ref_axis',(-1.,0.,0.));
#2596=DIRECTION('',(-0.707106781186548,0.707106781186547,0.));
#2597=DIRECTION('center_axis',(0.,0.,1.));
#2598=DIRECTION('ref_axis',(-1.,0.,0.));
#2599=DIRECTION('',(-0.707106781186548,0.707106781186547,0.));
#2600=DIRECTION('center_axis',(0.,0.,-1.));
#2601=DIRECTION('ref_axis',(-1.,0.,0.));
#2602=DIRECTION('',(-0.707106781186547,-0.707106781186548,0.));
#2603=DIRECTION('center_axis',(0.,0.,1.));
#2604=DIRECTION('ref_axis',(-1.,0.,0.));
#2605=DIRECTION('',(-0.707106781186548,-0.707106781186548,0.));
#2606=DIRECTION('center_axis',(0.,0.,-1.));
#2607=DIRECTION('ref_axis',(-1.,0.,0.));
#2608=DIRECTION('',(0.707106781186548,-0.707106781186547,0.));
#2609=DIRECTION('center_axis',(0.,0.,1.));
#2610=DIRECTION('ref_axis',(-1.,0.,0.));
#2611=DIRECTION('center_axis',(0.,0.,1.));
#2612=DIRECTION('ref_axis',(-1.,0.,0.));
#2613=DIRECTION('',(-0.707106781186548,-0.707106781186548,0.));
#2614=DIRECTION('center_axis',(0.,0.,-1.));
#2615=DIRECTION('ref_axis',(-1.,0.,0.));
#2616=DIRECTION('',(0.707106781186548,-0.707106781186547,0.));
#2617=DIRECTION('center_axis',(0.,0.,1.));
#2618=DIRECTION('ref_axis',(-1.,0.,0.));
#2619=DIRECTION('',(-0.707106781186548,0.707106781186547,0.));
#2620=DIRECTION('center_axis',(0.,0.,-1.));
#2621=DIRECTION('ref_axis',(-1.,0.,0.));
#2622=DIRECTION('',(-0.707106781186547,-0.707106781186548,0.));
#2623=DIRECTION('center_axis',(0.,0.,1.));
#2624=DIRECTION('ref_axis',(-1.,0.,0.));
#2625=DIRECTION('',(0.707106781186547,0.707106781186548,0.));
#2626=DIRECTION('center_axis',(0.,0.,-1.));
#2627=DIRECTION('ref_axis',(-1.,0.,0.));
#2628=DIRECTION('',(-0.707106781186548,0.707106781186547,0.));
#2629=DIRECTION('center_axis',(0.,0.,1.));
#2630=DIRECTION('ref_axis',(-1.,0.,0.));
#2631=DIRECTION('',(0.707106781186548,-0.707106781186547,0.));
#2632=DIRECTION('center_axis',(0.,0.,-1.));
#2633=DIRECTION('ref_axis',(-1.,0.,0.));
#2634=DIRECTION('',(0.707106781186547,0.707106781186548,0.));
#2635=DIRECTION('center_axis',(0.,0.,-1.));
#2636=DIRECTION('ref_axis',(1.,0.,0.));
#2637=DIRECTION('center_axis',(0.,0.,-1.));
#2638=DIRECTION('ref_axis',(1.,0.,0.));
#2639=DIRECTION('center_axis',(0.,0.,-1.));
#2640=DIRECTION('ref_axis',(1.,0.,0.));
#2641=DIRECTION('center_axis',(0.,0.,-1.));
#2642=DIRECTION('ref_axis',(1.,0.,0.));
#2643=DIRECTION('center_axis',(0.,0.,-1.));
#2644=DIRECTION('ref_axis',(1.,0.,0.));
#2645=DIRECTION('center_axis',(0.,0.,1.));
#2646=DIRECTION('ref_axis',(1.,0.,0.));
#2647=DIRECTION('',(0.,0.,1.));
#2648=DIRECTION('center_axis',(0.,0.,-1.));
#2649=DIRECTION('ref_axis',(-1.,0.,0.));
#2650=DIRECTION('center_axis',(0.,0.,-1.));
#2651=DIRECTION('ref_axis',(1.,0.,0.));
#2652=DIRECTION('',(0.707106781186548,-8.65956056235494E-17,0.707106781186547));
#2653=DIRECTION('center_axis',(0.,0.,1.));
#2654=DIRECTION('ref_axis',(1.,0.,0.));
#2655=DIRECTION('center_axis',(0.,0.,1.));
#2656=DIRECTION('ref_axis',(1.,0.,0.));
#2657=DIRECTION('',(0.,0.,1.));
#2658=DIRECTION('center_axis',(0.,0.,-1.));
#2659=DIRECTION('ref_axis',(-1.,0.,0.));
#2660=DIRECTION('center_axis',(0.,0.,-1.));
#2661=DIRECTION('ref_axis',(1.,0.,0.));
#2662=DIRECTION('',(0.707106781186548,-8.65956056235494E-17,0.707106781186547));
#2663=DIRECTION('center_axis',(0.,0.,1.));
#2664=DIRECTION('ref_axis',(1.,0.,0.));
#2665=DIRECTION('center_axis',(0.,0.,1.));
#2666=DIRECTION('ref_axis',(1.,0.,0.));
#2667=DIRECTION('',(0.,0.,1.));
#2668=DIRECTION('center_axis',(0.,0.,-1.));
#2669=DIRECTION('ref_axis',(-1.,0.,0.));
#2670=DIRECTION('center_axis',(0.,0.,-1.));
#2671=DIRECTION('ref_axis',(1.,0.,0.));
#2672=DIRECTION('',(0.707106781186548,-8.65956056235494E-17,0.707106781186547));
#2673=DIRECTION('center_axis',(0.,0.,1.));
#2674=DIRECTION('ref_axis',(1.,0.,0.));
#2675=DIRECTION('center_axis',(0.,0.,1.));
#2676=DIRECTION('ref_axis',(1.,0.,0.));
#2677=DIRECTION('',(0.,0.,1.));
#2678=DIRECTION('center_axis',(0.,0.,-1.));
#2679=DIRECTION('ref_axis',(-1.,0.,0.));
#2680=DIRECTION('center_axis',(0.,0.,1.));
#2681=DIRECTION('ref_axis',(0.707106781186548,-0.707106781186547,0.));
#2682=DIRECTION('center_axis',(0.,0.,-1.));
#2683=DIRECTION('ref_axis',(-1.,0.,0.));
#2684=DIRECTION('',(0.,0.,-1.));
#2685=DIRECTION('center_axis',(0.,0.,1.));
#2686=DIRECTION('ref_axis',(-1.,0.,0.));
#2687=DIRECTION('',(0.,0.,1.));
#2688=DIRECTION('center_axis',(6.34413156928661E-17,-1.,0.));
#2689=DIRECTION('ref_axis',(1.,6.34413156928661E-17,0.));
#2690=DIRECTION('',(-1.,-6.34413156928661E-17,0.));
#2691=DIRECTION('',(0.,0.,1.));
#2692=DIRECTION('',(1.,6.34413156928661E-17,0.));
#2693=DIRECTION('center_axis',(0.,0.,-1.));
#2694=DIRECTION('ref_axis',(1.,0.,0.));
#2695=DIRECTION('',(0.,-1.,0.));
#2696=DIRECTION('center_axis',(0.,0.,-1.));
#2697=DIRECTION('ref_axis',(-1.,0.,0.));
#2698=DIRECTION('',(1.,-9.51619735392991E-17,0.));
#2699=DIRECTION('center_axis',(0.,0.,-1.));
#2700=DIRECTION('ref_axis',(-1.,0.,0.));
#2701=DIRECTION('',(-2.22044604925031E-16,1.,0.));
#2702=DIRECTION('center_axis',(0.,0.,-1.));
#2703=DIRECTION('ref_axis',(-1.,0.,0.));
#2704=DIRECTION('center_axis',(0.,0.,-1.));
#2705=DIRECTION('ref_axis',(-1.,0.,0.));
#2706=DIRECTION('',(-0.707106781186547,-0.707106781186548,0.));
#2707=DIRECTION('center_axis',(0.,0.,1.));
#2708=DIRECTION('ref_axis',(-1.,0.,0.));
#2709=DIRECTION('',(-0.707106781186548,0.707106781186547,0.));
#2710=DIRECTION('center_axis',(0.,0.,-1.));
#2711=DIRECTION('ref_axis',(-1.,0.,0.));
#2712=DIRECTION('',(-0.707106781186547,-0.707106781186548,0.));
#2713=DIRECTION('center_axis',(0.,0.,1.));
#2714=DIRECTION('ref_axis',(-1.,0.,0.));
#2715=DIRECTION('',(-0.707106781186548,0.707106781186547,0.));
#2716=DIRECTION('center_axis',(0.,0.,-1.));
#2717=DIRECTION('ref_axis',(-1.,0.,0.));
#2718=DIRECTION('',(0.707106781186547,0.707106781186548,0.));
#2719=DIRECTION('center_axis',(0.,0.,1.));
#2720=DIRECTION('ref_axis',(-1.,0.,0.));
#2721=DIRECTION('',(0.707106781186548,-0.707106781186547,0.));
#2722=DIRECTION('center_axis',(0.,0.,-1.));
#2723=DIRECTION('ref_axis',(-1.,0.,0.));
#2724=DIRECTION('',(-0.707106781186548,0.707106781186547,0.));
#2725=DIRECTION('center_axis',(0.,0.,1.));
#2726=DIRECTION('ref_axis',(-1.,0.,0.));
#2727=DIRECTION('',(0.707106781186548,0.707106781186548,0.));
#2728=DIRECTION('center_axis',(0.,0.,-1.));
#2729=DIRECTION('ref_axis',(-1.,0.,0.));
#2730=DIRECTION('',(-0.707106781186548,0.707106781186547,0.));
#2731=DIRECTION('center_axis',(0.,0.,1.));
#2732=DIRECTION('ref_axis',(-1.,0.,0.));
#2733=DIRECTION('',(0.707106781186548,0.707106781186548,0.));
#2734=DIRECTION('center_axis',(0.,0.,-1.));
#2735=DIRECTION('ref_axis',(-1.,0.,0.));
#2736=DIRECTION('',(0.707106781186547,0.707106781186548,0.));
#2737=DIRECTION('center_axis',(0.,0.,1.));
#2738=DIRECTION('ref_axis',(-1.,0.,0.));
#2739=DIRECTION('',(0.707106781186548,-0.707106781186547,0.));
#2740=DIRECTION('center_axis',(0.,0.,-1.));
#2741=DIRECTION('ref_axis',(-1.,0.,0.));
#2742=DIRECTION('',(0.707106781186548,-0.707106781186547,0.));
#2743=DIRECTION('center_axis',(0.,0.,1.));
#2744=DIRECTION('ref_axis',(-1.,0.,0.));
#2745=DIRECTION('',(-0.707106781186547,-0.707106781186548,0.));
#2746=DIRECTION('center_axis',(0.,0.,-1.));
#2747=DIRECTION('ref_axis',(-1.,0.,0.));
#2748=DIRECTION('',(0.707106781186548,-0.707106781186547,0.));
#2749=DIRECTION('center_axis',(0.,0.,1.));
#2750=DIRECTION('ref_axis',(-1.,0.,0.));
#2751=DIRECTION('',(-0.707106781186547,-0.707106781186548,0.));
#2752=DIRECTION('center_axis',(0.,0.,-1.));
#2753=DIRECTION('ref_axis',(-1.,0.,0.));
#2754=DIRECTION('',(-0.707106781186547,-0.707106781186548,0.));
#2755=DIRECTION('center_axis',(0.,0.,1.));
#2756=DIRECTION('ref_axis',(-1.,0.,0.));
#2757=DIRECTION('',(-0.707106781186548,0.707106781186547,0.));
#2758=DIRECTION('center_axis',(0.,0.,-1.));
#2759=DIRECTION('ref_axis',(-1.,0.,0.));
#2760=DIRECTION('',(0.707106781186548,-0.707106781186547,0.));
#2761=DIRECTION('center_axis',(0.,0.,1.));
#2762=DIRECTION('ref_axis',(-1.,0.,0.));
#2763=DIRECTION('',(-0.707106781186547,-0.707106781186548,0.));
#2764=DIRECTION('center_axis',(0.,0.,-1.));
#2765=DIRECTION('ref_axis',(-1.,0.,0.));
#2766=DIRECTION('',(0.707106781186547,0.707106781186548,0.));
#2767=DIRECTION('center_axis',(0.,0.,1.));
#2768=DIRECTION('ref_axis',(-1.,0.,0.));
#2769=DIRECTION('',(0.707106781186548,-0.707106781186547,0.));
#2770=DIRECTION('center_axis',(0.,0.,-1.));
#2771=DIRECTION('ref_axis',(-1.,0.,0.));
#2772=DIRECTION('',(-0.707106781186548,0.707106781186547,0.));
#2773=DIRECTION('center_axis',(0.,0.,1.));
#2774=DIRECTION('ref_axis',(-1.,0.,0.));
#2775=DIRECTION('',(0.707106781186548,0.707106781186548,0.));
#2776=DIRECTION('center_axis',(0.,0.,-1.));
#2777=DIRECTION('ref_axis',(-1.,0.,0.));
#2778=DIRECTION('center_axis',(0.,0.,-1.));
#2779=DIRECTION('ref_axis',(-1.,0.,0.));
#2780=DIRECTION('',(-0.707106781186548,0.707106781186547,0.));
#2781=DIRECTION('center_axis',(0.,0.,1.));
#2782=DIRECTION('ref_axis',(-1.,0.,0.));
#2783=DIRECTION('',(0.707106781186548,0.707106781186548,0.));
#2784=DIRECTION('center_axis',(0.,0.,-1.));
#2785=DIRECTION('ref_axis',(-1.,0.,0.));
#2786=DIRECTION('',(0.707106781186547,0.707106781186548,0.));
#2787=DIRECTION('center_axis',(0.,0.,1.));
#2788=DIRECTION('ref_axis',(-1.,0.,0.));
#2789=DIRECTION('',(0.707106781186548,-0.707106781186547,0.));
#2790=DIRECTION('center_axis',(0.,0.,-1.));
#2791=DIRECTION('ref_axis',(-1.,0.,0.));
#2792=DIRECTION('',(0.707106781186548,-0.707106781186547,0.));
#2793=DIRECTION('center_axis',(0.,0.,1.));
#2794=DIRECTION('ref_axis',(-1.,0.,0.));
#2795=DIRECTION('',(-0.707106781186547,-0.707106781186548,0.));
#2796=DIRECTION('center_axis',(0.,0.,-1.));
#2797=DIRECTION('ref_axis',(-1.,0.,0.));
#2798=DIRECTION('',(-0.707106781186547,-0.707106781186548,0.));
#2799=DIRECTION('center_axis',(0.,0.,1.));
#2800=DIRECTION('ref_axis',(-1.,0.,0.));
#2801=DIRECTION('',(-0.707106781186548,0.707106781186547,0.));
#2802=DIRECTION('center_axis',(0.,0.,1.));
#2803=DIRECTION('ref_axis',(-1.,0.,0.));
#2804=DIRECTION('center_axis',(0.,0.,1.));
#2805=DIRECTION('ref_axis',(-1.,0.,0.));
#2806=DIRECTION('center_axis',(0.,0.,-1.));
#2807=DIRECTION('ref_axis',(1.,-2.77497648893876E-44,0.));
#2808=DIRECTION('center_axis',(0.,0.,-1.));
#2809=DIRECTION('ref_axis',(1.,-2.77497648893876E-44,0.));
#2810=DIRECTION('center_axis',(0.,0.,-1.));
#2811=DIRECTION('ref_axis',(1.,-2.77497648893876E-44,0.));
#2812=DIRECTION('center_axis',(0.,0.,1.));
#2813=DIRECTION('ref_axis',(-1.,0.,0.));
#2814=DIRECTION('center_axis',(0.,0.,1.));
#2815=DIRECTION('ref_axis',(-1.,0.,0.));
#2816=DIRECTION('center_axis',(0.,0.,1.));
#2817=DIRECTION('ref_axis',(-1.,0.,0.));
#2818=DIRECTION('',(0.,0.,-1.));
#2819=DIRECTION('center_axis',(0.,0.,1.));
#2820=DIRECTION('ref_axis',(-1.,0.,0.));
#2821=DIRECTION('center_axis',(-1.,-2.22044604925031E-16,0.));
#2822=DIRECTION('ref_axis',(2.22044604925031E-16,-1.,0.));
#2823=DIRECTION('',(0.,0.,1.));
#2824=DIRECTION('',(2.22044604925031E-16,-1.,0.));
#2825=DIRECTION('center_axis',(0.,0.,1.));
#2826=DIRECTION('ref_axis',(0.707106781186548,0.707106781186547,0.));
#2827=DIRECTION('',(0.,0.,-1.));
#2828=DIRECTION('center_axis',(0.,0.,1.));
#2829=DIRECTION('ref_axis',(-1.,0.,0.));
#2830=DIRECTION('',(0.,0.,1.));
#2831=DIRECTION('center_axis',(1.,0.,0.));
#2832=DIRECTION('ref_axis',(0.,1.,0.));
#2833=DIRECTION('',(0.,1.,0.));
#2834=DIRECTION('center_axis',(0.,0.,1.));
#2835=DIRECTION('ref_axis',(-1.,0.,0.));
#2836=DIRECTION('',(0.,0.,-1.));
#2837=DIRECTION('center_axis',(0.,0.,1.));
#2838=DIRECTION('ref_axis',(-1.,0.,0.));
#2839=DIRECTION('center_axis',(9.51619735392991E-17,1.,0.));
#2840=DIRECTION('ref_axis',(-1.,9.51619735392991E-17,0.));
#2841=DIRECTION('',(-1.,9.51619735392991E-17,0.));
#2842=DIRECTION('center_axis',(0.,0.,-1.));
#2843=DIRECTION('ref_axis',(-1.,0.,0.));
#2844=DIRECTION('',(0.,0.,-1.));
#2845=DIRECTION('',(0.,0.,-1.));
#2846=DIRECTION('center_axis',(0.707106781186548,-0.707106781186547,0.));
#2847=DIRECTION('ref_axis',(-0.707106781186547,-0.707106781186548,0.));
#2848=DIRECTION('',(0.,0.,-1.));
#2849=DIRECTION('center_axis',(0.,0.,-1.));
#2850=DIRECTION('ref_axis',(-1.,0.,0.));
#2851=DIRECTION('',(0.,0.,-1.));
#2852=DIRECTION('center_axis',(-0.707106781186547,-0.707106781186548,0.));
#2853=DIRECTION('ref_axis',(-0.707106781186548,0.707106781186547,0.));
#2854=DIRECTION('center_axis',(0.,0.,-1.));
#2855=DIRECTION('ref_axis',(-1.,0.,0.));
#2856=DIRECTION('',(0.,0.,-1.));
#2857=DIRECTION('',(0.,0.,-1.));
#2858=DIRECTION('center_axis',(0.707106781186548,-0.707106781186547,0.));
#2859=DIRECTION('ref_axis',(-0.707106781186547,-0.707106781186548,0.));
#2860=DIRECTION('',(0.,0.,-1.));
#2861=DIRECTION('center_axis',(0.,0.,-1.));
#2862=DIRECTION('ref_axis',(-1.,0.,0.));
#2863=DIRECTION('',(0.,0.,-1.));
#2864=DIRECTION('center_axis',(-0.707106781186547,-0.707106781186548,0.));
#2865=DIRECTION('ref_axis',(-0.707106781186548,0.707106781186547,0.));
#2866=DIRECTION('center_axis',(0.,0.,-1.));
#2867=DIRECTION('ref_axis',(-1.,0.,0.));
#2868=DIRECTION('',(0.,0.,-1.));
#2869=DIRECTION('',(0.,0.,-1.));
#2870=DIRECTION('center_axis',(-0.707106781186548,0.707106781186547,0.));
#2871=DIRECTION('ref_axis',(0.707106781186547,0.707106781186548,0.));
#2872=DIRECTION('',(0.,0.,-1.));
#2873=DIRECTION('center_axis',(0.,0.,-1.));
#2874=DIRECTION('ref_axis',(-1.,0.,0.));
#2875=DIRECTION('',(0.,0.,-1.));
#2876=DIRECTION('center_axis',(0.707106781186547,0.707106781186548,0.));
#2877=DIRECTION('ref_axis',(0.707106781186548,-0.707106781186547,0.));
#2878=DIRECTION('center_axis',(0.,0.,-1.));
#2879=DIRECTION('ref_axis',(1.,1.22464679914735E-16,0.));
#2880=DIRECTION('',(0.,0.,-1.));
#2881=DIRECTION('',(0.,0.,-1.));
#2882=DIRECTION('center_axis',(-0.707106781186547,-0.707106781186548,0.));
#2883=DIRECTION('ref_axis',(-0.707106781186548,0.707106781186547,0.));
#2884=DIRECTION('',(0.,0.,-1.));
#2885=DIRECTION('center_axis',(0.,0.,-1.));
#2886=DIRECTION('ref_axis',(1.,1.22464679914735E-16,0.));
#2887=DIRECTION('',(0.,0.,-1.));
#2888=DIRECTION('center_axis',(-0.707106781186548,0.707106781186548,0.));
#2889=DIRECTION('ref_axis',(0.707106781186548,0.707106781186548,0.));
#2890=DIRECTION('center_axis',(0.,0.,-1.));
#2891=DIRECTION('ref_axis',(1.,-7.6571373978539E-16,0.));
#2892=DIRECTION('',(0.,0.,-1.));
#2893=DIRECTION('',(0.,0.,-1.));
#2894=DIRECTION('center_axis',(-0.707106781186547,-0.707106781186548,0.));
#2895=DIRECTION('ref_axis',(-0.707106781186548,0.707106781186547,0.));
#2896=DIRECTION('',(0.,0.,-1.));
#2897=DIRECTION('center_axis',(0.,0.,-1.));
#2898=DIRECTION('ref_axis',(1.,1.22464679914735E-16,0.));
#2899=DIRECTION('',(0.,0.,-1.));
#2900=DIRECTION('center_axis',(-0.707106781186548,0.707106781186548,0.));
#2901=DIRECTION('ref_axis',(0.707106781186548,0.707106781186548,0.));
#2902=DIRECTION('center_axis',(0.,0.,-1.));
#2903=DIRECTION('ref_axis',(-1.,0.,0.));
#2904=DIRECTION('',(0.,0.,-1.));
#2905=DIRECTION('',(0.,0.,-1.));
#2906=DIRECTION('center_axis',(-0.707106781186548,0.707106781186547,0.));
#2907=DIRECTION('ref_axis',(0.707106781186547,0.707106781186548,0.));
#2908=DIRECTION('',(0.,0.,-1.));
#2909=DIRECTION('center_axis',(0.,0.,-1.));
#2910=DIRECTION('ref_axis',(-1.,0.,0.));
#2911=DIRECTION('',(0.,0.,-1.));
#2912=DIRECTION('center_axis',(0.707106781186547,0.707106781186548,0.));
#2913=DIRECTION('ref_axis',(0.707106781186548,-0.707106781186547,0.));
#2914=DIRECTION('center_axis',(0.,0.,-1.));
#2915=DIRECTION('ref_axis',(-1.,0.,0.));
#2916=DIRECTION('',(0.,0.,-1.));
#2917=DIRECTION('',(0.,0.,-1.));
#2918=DIRECTION('center_axis',(0.707106781186547,0.707106781186548,0.));
#2919=DIRECTION('ref_axis',(0.707106781186548,-0.707106781186547,0.));
#2920=DIRECTION('',(0.,0.,-1.));
#2921=DIRECTION('center_axis',(0.,0.,-1.));
#2922=DIRECTION('ref_axis',(-1.,0.,0.));
#2923=DIRECTION('',(0.,0.,-1.));
#2924=DIRECTION('center_axis',(0.707106781186548,-0.707106781186547,0.));
#2925=DIRECTION('ref_axis',(-0.707106781186547,-0.707106781186548,0.));
#2926=DIRECTION('center_axis',(0.,0.,-1.));
#2927=DIRECTION('ref_axis',(-1.,0.,0.));
#2928=DIRECTION('',(0.,0.,-1.));
#2929=DIRECTION('',(0.,0.,-1.));
#2930=DIRECTION('center_axis',(0.707106781186547,0.707106781186548,0.));
#2931=DIRECTION('ref_axis',(0.707106781186548,-0.707106781186547,0.));
#2932=DIRECTION('',(0.,0.,-1.));
#2933=DIRECTION('center_axis',(0.,0.,-1.));
#2934=DIRECTION('ref_axis',(-1.,0.,0.));
#2935=DIRECTION('',(0.,0.,-1.));
#2936=DIRECTION('center_axis',(0.707106781186548,-0.707106781186547,0.));
#2937=DIRECTION('ref_axis',(-0.707106781186547,-0.707106781186548,0.));
#2938=DIRECTION('center_axis',(0.,0.,-1.));
#2939=DIRECTION('ref_axis',(-1.,0.,0.));
#2940=DIRECTION('',(0.,0.,-1.));
#2941=DIRECTION('',(0.,0.,-1.));
#2942=DIRECTION('center_axis',(0.707106781186548,-0.707106781186547,0.));
#2943=DIRECTION('ref_axis',(-0.707106781186547,-0.707106781186548,0.));
#2944=DIRECTION('',(0.,0.,-1.));
#2945=DIRECTION('center_axis',(0.,0.,-1.));
#2946=DIRECTION('ref_axis',(-1.,0.,0.));
#2947=DIRECTION('',(0.,0.,-1.));
#2948=DIRECTION('center_axis',(-0.707106781186547,-0.707106781186548,0.));
#2949=DIRECTION('ref_axis',(-0.707106781186548,0.707106781186547,0.));
#2950=DIRECTION('center_axis',(0.,0.,-1.));
#2951=DIRECTION('ref_axis',(-1.,0.,0.));
#2952=DIRECTION('',(0.,0.,-1.));
#2953=DIRECTION('',(0.,0.,-1.));
#2954=DIRECTION('center_axis',(0.707106781186547,0.707106781186548,0.));
#2955=DIRECTION('ref_axis',(0.707106781186548,-0.707106781186547,0.));
#2956=DIRECTION('',(0.,0.,-1.));
#2957=DIRECTION('center_axis',(0.,0.,-1.));
#2958=DIRECTION('ref_axis',(-1.,0.,0.));
#2959=DIRECTION('',(0.,0.,-1.));
#2960=DIRECTION('center_axis',(0.707106781186548,-0.707106781186547,0.));
#2961=DIRECTION('ref_axis',(-0.707106781186547,-0.707106781186548,0.));
#2962=DIRECTION('center_axis',(0.,0.,-1.));
#2963=DIRECTION('ref_axis',(-1.,0.,0.));
#2964=DIRECTION('',(0.,0.,-1.));
#2965=DIRECTION('',(0.,0.,-1.));
#2966=DIRECTION('center_axis',(-0.707106781186548,0.707106781186547,0.));
#2967=DIRECTION('ref_axis',(0.707106781186547,0.707106781186548,0.));
#2968=DIRECTION('',(0.,0.,-1.));
#2969=DIRECTION('center_axis',(0.,0.,-1.));
#2970=DIRECTION('ref_axis',(-1.,0.,0.));
#2971=DIRECTION('',(0.,0.,-1.));
#2972=DIRECTION('center_axis',(0.707106781186547,0.707106781186548,0.));
#2973=DIRECTION('ref_axis',(0.707106781186548,-0.707106781186547,0.));
#2974=DIRECTION('center_axis',(0.,0.,-1.));
#2975=DIRECTION('ref_axis',(1.,1.22464679914735E-16,0.));
#2976=DIRECTION('',(0.,0.,-1.));
#2977=DIRECTION('',(0.,0.,-1.));
#2978=DIRECTION('center_axis',(-0.707106781186547,-0.707106781186548,0.));
#2979=DIRECTION('ref_axis',(-0.707106781186548,0.707106781186547,0.));
#2980=DIRECTION('',(0.,0.,-1.));
#2981=DIRECTION('center_axis',(0.,0.,-1.));
#2982=DIRECTION('ref_axis',(1.,1.22464679914735E-16,0.));
#2983=DIRECTION('',(0.,0.,-1.));
#2984=DIRECTION('center_axis',(-0.707106781186548,0.707106781186548,0.));
#2985=DIRECTION('ref_axis',(0.707106781186548,0.707106781186548,0.));
#2986=DIRECTION('center_axis',(0.,0.,-1.));
#2987=DIRECTION('ref_axis',(-1.,0.,0.));
#2988=DIRECTION('',(0.,0.,-1.));
#2989=DIRECTION('center_axis',(0.,0.,-1.));
#2990=DIRECTION('ref_axis',(1.,1.22464679914735E-16,0.));
#2991=DIRECTION('',(0.,0.,-1.));
#2992=DIRECTION('',(0.,0.,-1.));
#2993=DIRECTION('center_axis',(-0.707106781186547,-0.707106781186548,0.));
#2994=DIRECTION('ref_axis',(-0.707106781186548,0.707106781186547,0.));
#2995=DIRECTION('',(0.,0.,-1.));
#2996=DIRECTION('center_axis',(0.,0.,-1.));
#2997=DIRECTION('ref_axis',(1.,1.22464679914735E-16,0.));
#2998=DIRECTION('',(0.,0.,-1.));
#2999=DIRECTION('center_axis',(-0.707106781186548,0.707106781186548,0.));
#3000=DIRECTION('ref_axis',(0.707106781186548,0.707106781186548,0.));
#3001=DIRECTION('center_axis',(0.,0.,-1.));
#3002=DIRECTION('ref_axis',(-1.,0.,0.));
#3003=DIRECTION('',(0.,0.,-1.));
#3004=DIRECTION('',(0.,0.,-1.));
#3005=DIRECTION('center_axis',(-0.707106781186548,0.707106781186547,0.));
#3006=DIRECTION('ref_axis',(0.707106781186547,0.707106781186548,0.));
#3007=DIRECTION('',(0.,0.,-1.));
#3008=DIRECTION('center_axis',(0.,0.,-1.));
#3009=DIRECTION('ref_axis',(-1.,0.,0.));
#3010=DIRECTION('',(0.,0.,-1.));
#3011=DIRECTION('center_axis',(0.707106781186547,0.707106781186548,0.));
#3012=DIRECTION('ref_axis',(0.707106781186548,-0.707106781186547,0.));
#3013=DIRECTION('center_axis',(0.,0.,-1.));
#3014=DIRECTION('ref_axis',(-1.,0.,0.));
#3015=DIRECTION('',(0.,0.,-1.));
#3016=DIRECTION('',(0.,0.,-1.));
#3017=DIRECTION('center_axis',(0.707106781186547,0.707106781186548,0.));
#3018=DIRECTION('ref_axis',(0.707106781186548,-0.707106781186547,0.));
#3019=DIRECTION('',(0.,0.,-1.));
#3020=DIRECTION('center_axis',(0.,0.,-1.));
#3021=DIRECTION('ref_axis',(-1.,0.,0.));
#3022=DIRECTION('',(0.,0.,-1.));
#3023=DIRECTION('center_axis',(0.707106781186548,-0.707106781186547,0.));
#3024=DIRECTION('ref_axis',(-0.707106781186547,-0.707106781186548,0.));
#3025=DIRECTION('center_axis',(0.,0.,-1.));
#3026=DIRECTION('ref_axis',(-1.,0.,0.));
#3027=DIRECTION('',(0.,0.,-1.));
#3028=DIRECTION('',(0.,0.,-1.));
#3029=DIRECTION('center_axis',(0.707106781186548,-0.707106781186547,0.));
#3030=DIRECTION('ref_axis',(-0.707106781186547,-0.707106781186548,0.));
#3031=DIRECTION('',(0.,0.,-1.));
#3032=DIRECTION('center_axis',(0.,0.,-1.));
#3033=DIRECTION('ref_axis',(-1.,0.,0.));
#3034=DIRECTION('',(0.,0.,-1.));
#3035=DIRECTION('center_axis',(-0.707106781186547,-0.707106781186548,0.));
#3036=DIRECTION('ref_axis',(-0.707106781186548,0.707106781186547,0.));
#3037=DIRECTION('center_axis',(0.,0.,-1.));
#3038=DIRECTION('ref_axis',(1.,0.,0.));
#3039=DIRECTION('',(0.707106781186548,-8.65956056235494E-17,0.707106781186547));
#3040=DIRECTION('center_axis',(0.,0.,1.));
#3041=DIRECTION('ref_axis',(1.,0.,0.));
#3042=DIRECTION('center_axis',(0.,0.,-1.));
#3043=DIRECTION('ref_axis',(1.,0.,0.));
#3044=DIRECTION('center_axis',(0.,0.,-1.));
#3045=DIRECTION('ref_axis',(-1.,0.,0.));
#3046=DIRECTION('',(0.,0.,-1.));
#3047=DIRECTION('center_axis',(0.,0.,-1.));
#3048=DIRECTION('ref_axis',(1.,0.,0.));
#3049=DIRECTION('',(0.707106781186548,-8.65956056235494E-17,0.707106781186547));
#3050=DIRECTION('center_axis',(0.,0.,1.));
#3051=DIRECTION('ref_axis',(1.,0.,0.));
#3052=DIRECTION('center_axis',(0.,0.,-1.));
#3053=DIRECTION('ref_axis',(1.,0.,0.));
#3054=DIRECTION('center_axis',(0.,0.,-1.));
#3055=DIRECTION('ref_axis',(-1.,0.,0.));
#3056=DIRECTION('',(0.,0.,-1.));
#3057=DIRECTION('center_axis',(0.,0.,-1.));
#3058=DIRECTION('ref_axis',(1.,0.,0.));
#3059=DIRECTION('',(0.707106781186548,-8.65956056235494E-17,0.707106781186547));
#3060=DIRECTION('center_axis',(0.,0.,1.));
#3061=DIRECTION('ref_axis',(1.,0.,0.));
#3062=DIRECTION('center_axis',(0.,0.,-1.));
#3063=DIRECTION('ref_axis',(1.,0.,0.));
#3064=DIRECTION('center_axis',(0.,0.,-1.));
#3065=DIRECTION('ref_axis',(-1.,0.,0.));
#3066=DIRECTION('',(0.,0.,-1.));
#3067=DIRECTION('center_axis',(0.,0.,-1.));
#3068=DIRECTION('ref_axis',(1.,0.,0.));
#3069=DIRECTION('',(0.707106781186548,-8.65956056235494E-17,0.707106781186547));
#3070=DIRECTION('center_axis',(0.,0.,1.));
#3071=DIRECTION('ref_axis',(1.,0.,0.));
#3072=DIRECTION('center_axis',(0.,0.,-1.));
#3073=DIRECTION('ref_axis',(1.,0.,0.));
#3074=DIRECTION('center_axis',(0.,0.,-1.));
#3075=DIRECTION('ref_axis',(-1.,0.,0.));
#3076=DIRECTION('',(0.,0.,-1.));
#3077=DIRECTION('center_axis',(0.,0.,-1.));
#3078=DIRECTION('ref_axis',(-1.,0.,0.));
#3079=DIRECTION('',(-0.707106781186547,8.65956056235493E-17,0.707106781186548));
#3080=DIRECTION('center_axis',(0.,0.,1.));
#3081=DIRECTION('ref_axis',(-1.,0.,0.));
#3082=DIRECTION('center_axis',(0.,0.,-1.));
#3083=DIRECTION('ref_axis',(-1.,0.,0.));
#3084=DIRECTION('',(-0.707106781186548,8.65956056235494E-17,0.707106781186547));
#3085=DIRECTION('center_axis',(0.,0.,1.));
#3086=DIRECTION('ref_axis',(-1.,0.,0.));
#3087=DIRECTION('center_axis',(0.,0.,-1.));
#3088=DIRECTION('ref_axis',(-1.,0.,0.));
#3089=DIRECTION('',(-0.707106781186548,8.65956056235494E-17,0.707106781186547));
#3090=DIRECTION('center_axis',(0.,0.,1.));
#3091=DIRECTION('ref_axis',(-1.,0.,0.));
#3092=DIRECTION('center_axis',(0.,0.,-1.));
#3093=DIRECTION('ref_axis',(-1.,0.,0.));
#3094=DIRECTION('',(-0.707106781186547,8.65956056235493E-17,0.707106781186548));
#3095=DIRECTION('center_axis',(0.,0.,1.));
#3096=DIRECTION('ref_axis',(-1.,0.,0.));
#3097=DIRECTION('center_axis',(0.,0.,1.));
#3098=DIRECTION('ref_axis',(-1.,0.,0.));
#3099=DIRECTION('center_axis',(0.,0.,1.));
#3100=DIRECTION('ref_axis',(-1.,0.,0.));
#3101=DIRECTION('center_axis',(0.,0.,1.));
#3102=DIRECTION('ref_axis',(-1.,0.,0.));
#3103=DIRECTION('center_axis',(0.,0.,1.));
#3104=DIRECTION('ref_axis',(-1.,0.,0.));
#3105=DIRECTION('center_axis',(0.,0.,-1.));
#3106=DIRECTION('ref_axis',(1.,0.,0.));
#3107=DIRECTION('center_axis',(0.,0.,-1.));
#3108=DIRECTION('ref_axis',(1.,-2.77497648893876E-44,0.));
#3109=DIRECTION('center_axis',(0.,0.,-1.));
#3110=DIRECTION('ref_axis',(1.,0.,0.));
#3111=DIRECTION('center_axis',(0.,0.,-1.));
#3112=DIRECTION('ref_axis',(1.,-2.77497648893876E-44,0.));
#3113=DIRECTION('center_axis',(0.,0.,-1.));
#3114=DIRECTION('ref_axis',(1.,0.,0.));
#3115=DIRECTION('center_axis',(0.,0.,-1.));
#3116=DIRECTION('ref_axis',(1.,-2.77497648893876E-44,0.));
#3117=DIRECTION('center_axis',(0.,7.40148683083438E-15,-1.));
#3118=DIRECTION('ref_axis',(1.,-2.77497648893876E-44,0.));
#3119=DIRECTION('',(0.,-7.40148683083438E-15,1.));
#3120=DIRECTION('center_axis',(-4.79094332965775E-30,-7.03603841856191E-15,
1.));
#3121=DIRECTION('ref_axis',(1.,-6.32098688511232E-44,4.79094332965775E-30));
#3122=DIRECTION('center_axis',(0.,7.40148683083438E-15,-1.));
#3123=DIRECTION('ref_axis',(1.,-2.77497648893876E-44,0.));
#3124=DIRECTION('',(0.,-7.40148683083438E-15,1.));
#3125=DIRECTION('center_axis',(4.79094332965775E-30,7.03603841856191E-15,
-1.));
#3126=DIRECTION('ref_axis',(1.,-6.32098688511232E-44,4.79094332965775E-30));
#3127=DIRECTION('center_axis',(4.79094332965775E-30,7.03603841856191E-15,
-1.));
#3128=DIRECTION('ref_axis',(1.,-6.32098688511232E-44,4.79094332965775E-30));
#3129=DIRECTION('center_axis',(0.,7.40148683083438E-15,-1.));
#3130=DIRECTION('ref_axis',(1.,-2.77497648893876E-44,0.));
#3131=DIRECTION('',(0.,-7.40148683083438E-15,1.));
#3132=DIRECTION('center_axis',(-4.79094332965775E-30,-7.03603841856191E-15,
1.));
#3133=DIRECTION('ref_axis',(1.,-6.32098688511232E-44,4.79094332965775E-30));
#3134=DIRECTION('center_axis',(0.,7.40148683083438E-15,-1.));
#3135=DIRECTION('ref_axis',(1.,-2.77497648893876E-44,0.));
#3136=DIRECTION('',(0.,-7.40148683083438E-15,1.));
#3137=DIRECTION('center_axis',(4.79094332965775E-30,7.03603841856191E-15,
-1.));
#3138=DIRECTION('ref_axis',(1.,-6.32098688511232E-44,4.79094332965775E-30));
#3139=DIRECTION('center_axis',(4.79094332965775E-30,7.03603841856191E-15,
-1.));
#3140=DIRECTION('ref_axis',(1.,-6.32098688511232E-44,4.79094332965775E-30));
#3141=DIRECTION('center_axis',(0.,7.40148683083438E-15,-1.));
#3142=DIRECTION('ref_axis',(1.,-2.77497648893876E-44,0.));
#3143=DIRECTION('',(0.,-7.40148683083438E-15,1.));
#3144=DIRECTION('center_axis',(-4.79094332965775E-30,-7.03603841856191E-15,
1.));
#3145=DIRECTION('ref_axis',(1.,-6.32098688511232E-44,4.79094332965775E-30));
#3146=DIRECTION('center_axis',(0.,7.40148683083438E-15,-1.));
#3147=DIRECTION('ref_axis',(1.,-2.77497648893876E-44,0.));
#3148=DIRECTION('',(0.,-7.40148683083438E-15,1.));
#3149=DIRECTION('center_axis',(4.79094332965775E-30,7.03603841856191E-15,
-1.));
#3150=DIRECTION('ref_axis',(1.,-6.32098688511232E-44,4.79094332965775E-30));
#3151=DIRECTION('center_axis',(4.79094332965775E-30,7.03603841856191E-15,
-1.));
#3152=DIRECTION('ref_axis',(1.,-6.32098688511232E-44,4.79094332965775E-30));
#3153=DIRECTION('center_axis',(0.,0.,1.));
#3154=DIRECTION('ref_axis',(-1.,0.,0.));
#3155=DIRECTION('',(-1.11022302462516E-16,1.,0.));
#3156=DIRECTION('center_axis',(0.,0.,1.));
#3157=DIRECTION('ref_axis',(1.,3.55271367880049E-15,0.));
#3158=DIRECTION('',(-1.,-6.34413156928661E-17,0.));
#3159=DIRECTION('center_axis',(0.,0.,1.));
#3160=DIRECTION('ref_axis',(-3.55271367880049E-15,1.,0.));
#3161=DIRECTION('',(0.,-1.,0.));
#3162=DIRECTION('center_axis',(0.,0.,1.));
#3163=DIRECTION('ref_axis',(-1.,5.32907051820077E-15,0.));
#3164=DIRECTION('',(1.,-1.26882631385732E-16,0.));
#3165=DIRECTION('center_axis',(0.,0.,1.));
#3166=DIRECTION('ref_axis',(0.,-1.,0.));
#3167=DIRECTION('center_axis',(1.,1.11022302462516E-16,0.));
#3168=DIRECTION('ref_axis',(-1.11022302462516E-16,1.,0.));
#3169=DIRECTION('',(0.,0.,1.));
#3170=DIRECTION('',(0.,0.,1.));
#3171=DIRECTION('center_axis',(0.,0.,1.));
#3172=DIRECTION('ref_axis',(1.,5.32907051820075E-15,0.));
#3173=DIRECTION('',(0.,0.,1.));
#3174=DIRECTION('center_axis',(-9.51619735392991E-17,-1.,0.));
#3175=DIRECTION('ref_axis',(1.,-9.51619735392991E-17,0.));
#3176=DIRECTION('',(0.,0.,1.));
#3177=DIRECTION('center_axis',(0.,0.,1.));
#3178=DIRECTION('ref_axis',(3.55271367880052E-15,-1.,0.));
#3179=DIRECTION('',(0.,0.,1.));
#3180=DIRECTION('center_axis',(-1.,-1.11022302462516E-16,0.));
#3181=DIRECTION('ref_axis',(1.11022302462516E-16,-1.,0.));
#3182=DIRECTION('',(0.,0.,1.));
#3183=DIRECTION('center_axis',(0.,0.,1.));
#3184=DIRECTION('ref_axis',(-1.,7.10542735760098E-15,0.));
#3185=DIRECTION('',(0.,0.,1.));
#3186=DIRECTION('center_axis',(-6.34413156928661E-17,1.,0.));
#3187=DIRECTION('ref_axis',(-1.,-6.34413156928661E-17,0.));
#3188=DIRECTION('',(0.,0.,1.));
#3189=DIRECTION('center_axis',(0.,0.,1.));
#3190=DIRECTION('ref_axis',(7.10542735760098E-15,1.,0.));
#3191=CARTESIAN_POINT('',(0.,0.,0.));
#3192=CARTESIAN_POINT('Origin',(68.5,43.5,1.));
#3193=CARTESIAN_POINT('',(64.9,43.5,0.));
#3194=CARTESIAN_POINT('Origin',(68.5,43.5,0.));
#3195=CARTESIAN_POINT('',(66.9,43.5,2.));
#3196=CARTESIAN_POINT('',(65.9,43.5,1.));
#3197=CARTESIAN_POINT('Origin',(68.5,43.5,2.));
#3198=CARTESIAN_POINT('Origin',(0.,4.99999999999999,0.));
#3199=CARTESIAN_POINT('',(70.,47.5,0.));
#3200=CARTESIAN_POINT('',(72.5,45.,0.));
#3201=CARTESIAN_POINT('Origin',(70.,45.,0.));
#3202=CARTESIAN_POINT('',(72.5,-35.,0.));
#3203=CARTESIAN_POINT('',(72.5,-35.,0.));
#3204=CARTESIAN_POINT('',(70.,-37.5,0.));
#3205=CARTESIAN_POINT('Origin',(70.,-35.,0.));
#3206=CARTESIAN_POINT('',(-70.,-37.5,0.));
#3207=CARTESIAN_POINT('',(-70.,-37.5,0.));
#3208=CARTESIAN_POINT('',(-72.5,-35.,0.));
#3209=CARTESIAN_POINT('Origin',(-70.,-35.,0.));
#3210=CARTESIAN_POINT('',(-72.5,45.,0.));
#3211=CARTESIAN_POINT('',(-72.5,45.,0.));
#3212=CARTESIAN_POINT('',(-70.,47.5,0.));
#3213=CARTESIAN_POINT('Origin',(-70.,45.,0.));
#3214=CARTESIAN_POINT('',(70.,47.5,0.));
#3215=CARTESIAN_POINT('',(-72.1,43.5,0.));
#3216=CARTESIAN_POINT('Origin',(-68.5,43.5,0.));
#3217=CARTESIAN_POINT('',(64.9,-33.5,0.));
#3218=CARTESIAN_POINT('Origin',(68.5,-33.5,0.));
#3219=CARTESIAN_POINT('',(57.4327104293674,17.2611375541136,0.));
#3220=CARTESIAN_POINT('',(28.5672895706326,17.2611375541136,0.));
#3221=CARTESIAN_POINT('Origin',(43.,-4.44089209850063E-15,0.));
#3222=CARTESIAN_POINT('',(30.3429656157458,15.4854615090004,0.));
#3223=CARTESIAN_POINT('',(25.3785895890594,20.4498375356868,0.));
#3224=CARTESIAN_POINT('',(55.6570343842542,15.4854615090004,0.));
#3225=CARTESIAN_POINT('Origin',(43.,-4.44089209850063E-15,0.));
#3226=CARTESIAN_POINT('',(40.0092484334971,-0.162324441756678,0.));
#3227=CARTESIAN_POINT('',(46.6970485126921,6.5254756374383,0.));
#3228=CARTESIAN_POINT('',(39.3029514873079,6.52547563743831,0.));
#3229=CARTESIAN_POINT('Origin',(43.,-4.44089209850063E-15,0.));
#3230=CARTESIAN_POINT('',(41.1738426613374,4.6545844634088,0.));
#3231=CARTESIAN_POINT('',(30.7940281118552,15.0343990128909,0.));
#3232=CARTESIAN_POINT('',(44.8261573386626,4.6545844634088,0.));
#3233=CARTESIAN_POINT('Origin',(43.,-4.44089209850063E-15,0.));
#3234=CARTESIAN_POINT('',(34.6414174751595,-5.5301554000943,0.));
#3235=CARTESIAN_POINT('',(32.1209227092288,-13.7075044155174,0.));
#3236=CARTESIAN_POINT('',(53.8790772907711,-13.7075044155173,0.));
#3237=CARTESIAN_POINT('Origin',(43.,-4.44089209850063E-15,0.));
#3238=CARTESIAN_POINT('',(52.0976850750763,-11.9261121998225,0.));
#3239=CARTESIAN_POINT('',(34.8417357563516,5.32983711890219,0.));
#3240=CARTESIAN_POINT('',(33.9023149249237,-11.9261121998225,0.));
#3241=CARTESIAN_POINT('Origin',(43.,-4.44089209850063E-15,0.));
#3242=CARTESIAN_POINT('',(28.767568135801,-17.0608589889452,-1.38777878078145E-16));
#3243=CARTESIAN_POINT('',(53.1391777456807,-7.31075062093448,0.));
#3244=CARTESIAN_POINT('',(53.1391777456807,7.31075062093447,0.));
#3245=CARTESIAN_POINT('Origin',(43.,-4.44089209850063E-15,0.));
#3246=CARTESIAN_POINT('',(51.3424173626099,5.51399023786371,0.));
#3247=CARTESIAN_POINT('',(38.3783154624915,-7.45011166225469,1.38777878078145E-16));
#3248=CARTESIAN_POINT('',(51.3424173626099,-5.51399023786373,0.));
#3249=CARTESIAN_POINT('Origin',(43.,-4.44089209850063E-15,0.));
#3250=CARTESIAN_POINT('',(36.7766956540269,9.0517314707193,0.));
#3251=CARTESIAN_POINT('',(49.5254756374383,-3.69704851269213,0.));
#3252=CARTESIAN_POINT('',(49.5254756374383,3.69704851269212,0.));
#3253=CARTESIAN_POINT('Origin',(43.,-4.44089209850063E-15,0.));
#3254=CARTESIAN_POINT('',(47.6545844634088,1.82615733866261,0.));
#3255=CARTESIAN_POINT('',(36.5343990128909,-9.29402811185525,1.38777878078145E-16));
#3256=CARTESIAN_POINT('',(47.6545844634088,-1.82615733866263,0.));
#3257=CARTESIAN_POINT('Origin',(43.,-4.44089209850063E-15,0.));
#3258=CARTESIAN_POINT('',(34.9698445999057,10.8585825248405,0.));
#3259=CARTESIAN_POINT('',(28.5672895706326,-17.2611375541136,0.));
#3260=CARTESIAN_POINT('',(57.4327104293674,-17.2611375541136,0.));
#3261=CARTESIAN_POINT('Origin',(43.,-4.44089209850063E-15,0.));
#3262=CARTESIAN_POINT('',(55.6570343842542,-15.4854615090004,0.));
#3263=CARTESIAN_POINT('',(36.6214104109406,3.55016246431323,0.));
#3264=CARTESIAN_POINT('',(30.3429656157458,-15.4854615090004,0.));
#3265=CARTESIAN_POINT('Origin',(43.,-4.44089209850063E-15,0.));
#3266=CARTESIAN_POINT('',(26.9907515665029,-18.8376755582433,-1.38777878078145E-16));
#3267=CARTESIAN_POINT('',(36.4745243625617,3.69704851269211,0.));
#3268=CARTESIAN_POINT('',(36.4745243625617,-3.69704851269213,0.));
#3269=CARTESIAN_POINT('Origin',(43.,-4.44089209850063E-15,0.));
#3270=CARTESIAN_POINT('',(38.3454155365912,-1.82615733866263,0.));
#3271=CARTESIAN_POINT('',(30.465600987109,-9.70597188814477,0.));
#3272=CARTESIAN_POINT('',(38.3454155365912,1.82615733866261,0.));
#3273=CARTESIAN_POINT('Origin',(43.,-4.44089209850063E-15,0.));
#3274=CARTESIAN_POINT('',(27.0301554000943,13.1414174751595,0.));
#3275=CARTESIAN_POINT('',(25.7388624458864,14.4327104293674,0.));
#3276=CARTESIAN_POINT('',(25.7388624458864,-14.4327104293674,0.));
#3277=CARTESIAN_POINT('Origin',(43.,-4.44089209850063E-15,0.));
#3278=CARTESIAN_POINT('',(27.5145384909996,-12.6570343842542,0.));
#3279=CARTESIAN_POINT('',(25.0501624643132,-15.1214104109406,0.));
#3280=CARTESIAN_POINT('',(27.5145384909996,12.6570343842542,0.));
#3281=CARTESIAN_POINT('Origin',(43.,-4.44089209850063E-15,0.));
#3282=CARTESIAN_POINT('',(21.6623244417567,18.5092484334971,0.));
#3283=CARTESIAN_POINT('',(53.8790772907711,13.7075044155173,0.));
#3284=CARTESIAN_POINT('',(32.1209227092288,13.7075044155173,0.));
#3285=CARTESIAN_POINT('Origin',(43.,-4.44089209850063E-15,0.));
#3286=CARTESIAN_POINT('',(33.9023149249237,11.9261121998225,0.));
#3287=CARTESIAN_POINT('',(27.1582642436484,18.6701628810978,0.));
#3288=CARTESIAN_POINT('',(52.0976850750763,11.9261121998225,0.));
#3289=CARTESIAN_POINT('Origin',(43.,-4.44089209850063E-15,0.));
#3290=CARTESIAN_POINT('',(38.232431864199,-1.93914101105479,0.));
#3291=CARTESIAN_POINT('',(32.8608222543193,7.31075062093447,0.));
#3292=CARTESIAN_POINT('',(32.8608222543193,-7.31075062093449,0.));
#3293=CARTESIAN_POINT('Origin',(43.,-4.44089209850063E-15,0.));
#3294=CARTESIAN_POINT('',(34.6575826373901,-5.51399023786373,0.));
#3295=CARTESIAN_POINT('',(28.6216845375085,-11.5498883377453,0.));
#3296=CARTESIAN_POINT('',(34.6575826373901,5.51399023786372,0.));
#3297=CARTESIAN_POINT('Origin',(43.,-4.44089209850063E-15,0.));
#3298=CARTESIAN_POINT('',(25.2233043459731,14.9482685292807,0.));
#3299=CARTESIAN_POINT('',(35.6892493790655,-10.1391777456807,0.));
#3300=CARTESIAN_POINT('',(50.3107506209345,-10.1391777456807,0.));
#3301=CARTESIAN_POINT('Origin',(43.,-4.44089209850063E-15,0.));
#3302=CARTESIAN_POINT('',(48.5139902378637,-8.34241736260991,0.));
#3303=CARTESIAN_POINT('',(33.0498883377453,7.12168453750849,0.));
#3304=CARTESIAN_POINT('',(37.4860097621363,-8.34241736260992,0.));
#3305=CARTESIAN_POINT('Origin',(43.,-4.44089209850063E-15,0.));
#3306=CARTESIAN_POINT('',(30.5517314707193,-15.2766956540269,-1.38777878078145E-16));
#3307=CARTESIAN_POINT('',(56.7075044155173,-10.8790772907712,0.));
#3308=CARTESIAN_POINT('',(56.7075044155173,10.8790772907711,0.));
#3309=CARTESIAN_POINT('Origin',(43.,-4.44089209850063E-15,0.));
#3310=CARTESIAN_POINT('',(54.9261121998225,9.09768507507631,0.));
#3311=CARTESIAN_POINT('',(40.1701628810978,-5.6582642436484,1.38777878078145E-16));
#3312=CARTESIAN_POINT('',(54.9261121998225,-9.09768507507632,0.));
#3313=CARTESIAN_POINT('Origin',(43.,-4.44089209850063E-15,0.));
#3314=CARTESIAN_POINT('',(38.5608589889452,7.26756813580096,0.));
#3315=CARTESIAN_POINT('',(45.5,-4.13473039871379E-15,0.));
#3316=CARTESIAN_POINT('Origin',(43.,-4.44089209850063E-15,0.));
#3317=CARTESIAN_POINT('',(60.2611375541136,-14.4327104293674,0.));
#3318=CARTESIAN_POINT('',(60.2611375541136,14.4327104293674,0.));
#3319=CARTESIAN_POINT('Origin',(43.,-4.44089209850063E-15,0.));
#3320=CARTESIAN_POINT('',(58.4854615090004,12.6570343842542,0.));
#3321=CARTESIAN_POINT('',(41.9498375356868,-3.87858958905944,1.38777878078145E-16));
#3322=CARTESIAN_POINT('',(58.4854615090004,-12.6570343842542,0.));
#3323=CARTESIAN_POINT('Origin',(43.,-4.44089209850063E-15,0.));
#3324=CARTESIAN_POINT('',(40.3376755582433,5.49075156650285,0.));
#3325=CARTESIAN_POINT('',(39.3029514873079,-6.52547563743833,0.));
#3326=CARTESIAN_POINT('',(46.6970485126921,-6.52547563743832,0.));
#3327=CARTESIAN_POINT('Origin',(43.,-4.44089209850063E-15,0.));
#3328=CARTESIAN_POINT('',(44.8261573386626,-4.65458446340881,0.));
#3329=CARTESIAN_POINT('',(31.2059718881447,8.96560098710904,0.));
#3330=CARTESIAN_POINT('',(41.1738426613374,-4.65458446340882,0.));
#3331=CARTESIAN_POINT('Origin',(43.,-4.44089209850063E-15,0.));
#3332=CARTESIAN_POINT('',(32.3585825248405,-13.4698445999057,-1.38777878078145E-16));
#3333=CARTESIAN_POINT('',(29.2924955844826,10.8790772907711,0.));
#3334=CARTESIAN_POINT('',(29.2924955844827,-10.8790772907712,0.));
#3335=CARTESIAN_POINT('Origin',(43.,-4.44089209850063E-15,0.));
#3336=CARTESIAN_POINT('',(31.0738878001775,-9.09768507507633,0.));
#3337=CARTESIAN_POINT('',(26.8298371189022,-13.3417357563516,0.));
#3338=CARTESIAN_POINT('',(31.0738878001775,9.09768507507631,0.));
#3339=CARTESIAN_POINT('Origin',(43.,-4.44089209850063E-15,0.));
#3340=CARTESIAN_POINT('',(23.4391410110548,16.732431864199,0.));
#3341=CARTESIAN_POINT('',(50.3107506209345,10.1391777456807,0.));
#3342=CARTESIAN_POINT('',(35.6892493790655,10.1391777456807,0.));
#3343=CARTESIAN_POINT('Origin',(43.,-4.44089209850063E-15,0.));
#3344=CARTESIAN_POINT('',(37.4860097621363,8.34241736260991,0.));
#3345=CARTESIAN_POINT('',(28.9501116622547,16.8783154624915,0.));
#3346=CARTESIAN_POINT('',(48.5139902378637,8.3424173626099,0.));
#3347=CARTESIAN_POINT('Origin',(43.,-4.44089209850063E-15,0.));
#3348=CARTESIAN_POINT('',(36.4482685292807,-3.72330434597312,0.));
#3349=CARTESIAN_POINT('',(18.1867965644036,21.2132034355964,0.));
#3350=CARTESIAN_POINT('Origin',(21.7867965644036,21.2132034355964,0.));
#3351=CARTESIAN_POINT('',(60.6132034355964,-21.2132034355964,0.));
#3352=CARTESIAN_POINT('Origin',(64.2132034355964,-21.2132034355964,0.));
#3353=CARTESIAN_POINT('',(18.1867965644036,-21.2132034355964,0.));
#3354=CARTESIAN_POINT('Origin',(21.7867965644036,-21.2132034355964,0.));
#3355=CARTESIAN_POINT('',(60.6132034355964,21.2132034355964,0.));
#3356=CARTESIAN_POINT('Origin',(64.2132034355964,21.2132034355964,0.));
#3357=CARTESIAN_POINT('',(-72.1,-33.5,0.));
#3358=CARTESIAN_POINT('Origin',(-68.5,-33.5,0.));
#3359=CARTESIAN_POINT('Origin',(68.5,43.5,0.));
#3360=CARTESIAN_POINT('',(66.9,43.5,5.));
#3361=CARTESIAN_POINT('',(66.9,43.5,0.));
#3362=CARTESIAN_POINT('Origin',(68.5,43.5,5.));
#3363=CARTESIAN_POINT('Origin',(-68.5,43.5,1.));
#3364=CARTESIAN_POINT('',(-70.1,43.5,2.));
#3365=CARTESIAN_POINT('',(-71.1,43.5,1.));
#3366=CARTESIAN_POINT('Origin',(-68.5,43.5,2.));
#3367=CARTESIAN_POINT('Origin',(-68.5,43.5,0.));
#3368=CARTESIAN_POINT('',(-70.1,43.5,5.));
#3369=CARTESIAN_POINT('',(-70.1,43.5,0.));
#3370=CARTESIAN_POINT('Origin',(-68.5,43.5,5.));
#3371=CARTESIAN_POINT('Origin',(-68.5,-33.5,1.));
#3372=CARTESIAN_POINT('',(-70.1,-33.5,2.));
#3373=CARTESIAN_POINT('',(-71.1,-33.5,1.));
#3374=CARTESIAN_POINT('Origin',(-68.5,-33.5,2.));
#3375=CARTESIAN_POINT('Origin',(-68.5,-33.5,0.));
#3376=CARTESIAN_POINT('',(-70.1,-33.5,5.));
#3377=CARTESIAN_POINT('',(-70.1,-33.5,0.));
#3378=CARTESIAN_POINT('Origin',(-68.5,-33.5,5.));
#3379=CARTESIAN_POINT('Origin',(68.5,-33.5,1.));
#3380=CARTESIAN_POINT('',(66.9,-33.5,2.));
#3381=CARTESIAN_POINT('',(65.9,-33.5,1.));
#3382=CARTESIAN_POINT('Origin',(68.5,-33.5,2.));
#3383=CARTESIAN_POINT('Origin',(68.5,-33.5,0.));
#3384=CARTESIAN_POINT('',(66.9,-33.5,5.));
#3385=CARTESIAN_POINT('',(66.9,-33.5,0.));
#3386=CARTESIAN_POINT('Origin',(68.5,-33.5,5.));
#3387=CARTESIAN_POINT('Origin',(-68.5,43.5,2.));
#3388=CARTESIAN_POINT('',(-65.627718676731,45.5,2.));
#3389=CARTESIAN_POINT('',(-70.5,40.627718676731,2.));
#3390=CARTESIAN_POINT('Origin',(-68.5,43.5,2.));
#3391=CARTESIAN_POINT('',(-65.627718676731,45.5,5.));
#3392=CARTESIAN_POINT('',(-65.627718676731,45.5,2.));
#3393=CARTESIAN_POINT('',(-70.5,40.627718676731,5.));
#3394=CARTESIAN_POINT('Origin',(-68.5,43.5,5.));
#3395=CARTESIAN_POINT('',(-70.5,40.627718676731,2.));
#3396=CARTESIAN_POINT('Origin',(-70.,45.5,2.));
#3397=CARTESIAN_POINT('',(65.627718676731,45.5,2.));
#3398=CARTESIAN_POINT('',(-35.,45.5,2.));
#3399=CARTESIAN_POINT('',(65.627718676731,45.5,5.));
#3400=CARTESIAN_POINT('',(65.627718676731,45.5,2.));
#3401=CARTESIAN_POINT('',(70.,45.5,5.));
#3402=CARTESIAN_POINT('Origin',(0.,4.99999999999999,2.));
#3403=CARTESIAN_POINT('',(-70.5,-30.627718676731,2.));
#3404=CARTESIAN_POINT('',(-70.5,-15.,2.));
#3405=CARTESIAN_POINT('',(-65.627718676731,-35.5,2.));
#3406=CARTESIAN_POINT('Origin',(-68.5,-33.5,2.));
#3407=CARTESIAN_POINT('',(65.627718676731,-35.5,2.));
#3408=CARTESIAN_POINT('',(35.,-35.5,2.));
#3409=CARTESIAN_POINT('',(70.5,-30.627718676731,2.));
#3410=CARTESIAN_POINT('Origin',(68.5,-33.5,2.));
#3411=CARTESIAN_POINT('',(70.5,40.627718676731,2.));
#3412=CARTESIAN_POINT('',(70.5,25.,2.));
#3413=CARTESIAN_POINT('Origin',(68.5,43.5,2.));
#3414=CARTESIAN_POINT('',(28.5672895706326,17.2611375541136,2.));
#3415=CARTESIAN_POINT('',(57.4327104293674,17.2611375541136,2.));
#3416=CARTESIAN_POINT('Origin',(43.,-4.44089209850063E-15,2.));
#3417=CARTESIAN_POINT('',(55.6570343842542,15.4854615090004,2.));
#3418=CARTESIAN_POINT('',(40.0092484334971,-0.162324441756678,2.));
#3419=CARTESIAN_POINT('',(30.3429656157458,15.4854615090004,2.));
#3420=CARTESIAN_POINT('Origin',(43.,-4.44089209850063E-15,2.));
#3421=CARTESIAN_POINT('',(25.3785895890594,20.4498375356868,2.));
#3422=CARTESIAN_POINT('',(39.3029514873079,6.52547563743831,2.));
#3423=CARTESIAN_POINT('',(46.6970485126921,6.5254756374383,2.));
#3424=CARTESIAN_POINT('Origin',(43.,-4.44089209850063E-15,2.));
#3425=CARTESIAN_POINT('',(44.8261573386626,4.6545844634088,2.));
#3426=CARTESIAN_POINT('',(34.6414174751595,-5.5301554000943,2.));
#3427=CARTESIAN_POINT('',(41.1738426613374,4.6545844634088,2.));
#3428=CARTESIAN_POINT('Origin',(43.,-4.44089209850063E-15,2.));
#3429=CARTESIAN_POINT('',(30.7940281118552,15.0343990128909,2.));
#3430=CARTESIAN_POINT('',(53.8790772907711,-13.7075044155173,2.));
#3431=CARTESIAN_POINT('',(32.1209227092288,-13.7075044155174,2.));
#3432=CARTESIAN_POINT('Origin',(43.,-4.44089209850063E-15,2.));
#3433=CARTESIAN_POINT('',(33.9023149249237,-11.9261121998225,2.));
#3434=CARTESIAN_POINT('',(28.767568135801,-17.0608589889452,2.));
#3435=CARTESIAN_POINT('',(52.0976850750763,-11.9261121998225,2.));
#3436=CARTESIAN_POINT('Origin',(43.,-4.44089209850063E-15,2.));
#3437=CARTESIAN_POINT('',(34.8417357563516,5.32983711890219,2.));
#3438=CARTESIAN_POINT('',(53.1391777456807,7.31075062093447,2.));
#3439=CARTESIAN_POINT('',(53.1391777456807,-7.31075062093448,2.));
#3440=CARTESIAN_POINT('Origin',(43.,-4.44089209850063E-15,2.));
#3441=CARTESIAN_POINT('',(51.3424173626099,-5.51399023786373,2.));
#3442=CARTESIAN_POINT('',(36.7766956540269,9.0517314707193,2.));
#3443=CARTESIAN_POINT('',(51.3424173626099,5.51399023786371,2.));
#3444=CARTESIAN_POINT('Origin',(43.,-4.44089209850063E-15,2.));
#3445=CARTESIAN_POINT('',(38.3783154624915,-7.45011166225469,2.));
#3446=CARTESIAN_POINT('',(49.5254756374383,3.69704851269212,2.));
#3447=CARTESIAN_POINT('',(49.5254756374383,-3.69704851269213,2.));
#3448=CARTESIAN_POINT('Origin',(43.,-4.44089209850063E-15,2.));
#3449=CARTESIAN_POINT('',(47.6545844634088,-1.82615733866263,2.));
#3450=CARTESIAN_POINT('',(34.9698445999057,10.8585825248405,2.));
#3451=CARTESIAN_POINT('',(47.6545844634088,1.82615733866261,2.));
#3452=CARTESIAN_POINT('Origin',(43.,-4.44089209850063E-15,2.));
#3453=CARTESIAN_POINT('',(36.5343990128909,-9.29402811185525,2.));
#3454=CARTESIAN_POINT('',(57.4327104293674,-17.2611375541136,2.));
#3455=CARTESIAN_POINT('',(28.5672895706326,-17.2611375541136,2.));
#3456=CARTESIAN_POINT('Origin',(43.,-4.44089209850063E-15,2.));
#3457=CARTESIAN_POINT('',(30.3429656157458,-15.4854615090004,2.));
#3458=CARTESIAN_POINT('',(26.9907515665029,-18.8376755582433,2.));
#3459=CARTESIAN_POINT('',(55.6570343842542,-15.4854615090004,2.));
#3460=CARTESIAN_POINT('Origin',(43.,-4.44089209850063E-15,2.));
#3461=CARTESIAN_POINT('',(36.6214104109406,3.55016246431323,2.));
#3462=CARTESIAN_POINT('',(36.4745243625617,-3.69704851269213,2.));
#3463=CARTESIAN_POINT('',(36.4745243625617,3.69704851269211,2.));
#3464=CARTESIAN_POINT('Origin',(43.,-4.44089209850063E-15,2.));
#3465=CARTESIAN_POINT('',(38.3454155365912,1.82615733866261,2.));
#3466=CARTESIAN_POINT('',(27.0301554000943,13.1414174751595,2.));
#3467=CARTESIAN_POINT('',(38.3454155365912,-1.82615733866263,2.));
#3468=CARTESIAN_POINT('Origin',(43.,-4.44089209850063E-15,2.));
#3469=CARTESIAN_POINT('',(30.465600987109,-9.70597188814477,2.));
#3470=CARTESIAN_POINT('',(25.7388624458864,-14.4327104293674,2.));
#3471=CARTESIAN_POINT('',(25.7388624458864,14.4327104293674,2.));
#3472=CARTESIAN_POINT('Origin',(43.,-4.44089209850063E-15,2.));
#3473=CARTESIAN_POINT('',(27.5145384909996,12.6570343842542,2.));
#3474=CARTESIAN_POINT('',(21.6623244417567,18.5092484334971,2.));
#3475=CARTESIAN_POINT('',(27.5145384909996,-12.6570343842542,2.));
#3476=CARTESIAN_POINT('Origin',(43.,-4.44089209850063E-15,2.));
#3477=CARTESIAN_POINT('',(25.0501624643132,-15.1214104109406,2.));
#3478=CARTESIAN_POINT('',(32.1209227092288,13.7075044155173,2.));
#3479=CARTESIAN_POINT('',(53.8790772907711,13.7075044155173,2.));
#3480=CARTESIAN_POINT('Origin',(43.,-4.44089209850063E-15,2.));
#3481=CARTESIAN_POINT('',(52.0976850750763,11.9261121998225,2.));
#3482=CARTESIAN_POINT('',(38.232431864199,-1.93914101105479,2.));
#3483=CARTESIAN_POINT('',(33.9023149249237,11.9261121998225,2.));
#3484=CARTESIAN_POINT('Origin',(43.,-4.44089209850063E-15,2.));
#3485=CARTESIAN_POINT('',(27.1582642436484,18.6701628810978,2.));
#3486=CARTESIAN_POINT('',(32.8608222543193,-7.31075062093449,2.));
#3487=CARTESIAN_POINT('',(32.8608222543193,7.31075062093447,2.));
#3488=CARTESIAN_POINT('Origin',(43.,-4.44089209850063E-15,2.));
#3489=CARTESIAN_POINT('',(34.6575826373901,5.51399023786372,2.));
#3490=CARTESIAN_POINT('',(25.2233043459731,14.9482685292807,2.));
#3491=CARTESIAN_POINT('',(34.6575826373901,-5.51399023786373,2.));
#3492=CARTESIAN_POINT('Origin',(43.,-4.44089209850063E-15,2.));
#3493=CARTESIAN_POINT('',(28.6216845375085,-11.5498883377453,2.));
#3494=CARTESIAN_POINT('',(50.3107506209345,-10.1391777456807,2.));
#3495=CARTESIAN_POINT('',(35.6892493790655,-10.1391777456807,2.));
#3496=CARTESIAN_POINT('Origin',(43.,-4.44089209850063E-15,2.));
#3497=CARTESIAN_POINT('',(37.4860097621363,-8.34241736260992,2.));
#3498=CARTESIAN_POINT('',(30.5517314707193,-15.2766956540269,2.));
#3499=CARTESIAN_POINT('',(48.5139902378637,-8.34241736260991,2.));
#3500=CARTESIAN_POINT('Origin',(43.,-4.44089209850063E-15,2.));
#3501=CARTESIAN_POINT('',(33.0498883377453,7.12168453750849,2.));
#3502=CARTESIAN_POINT('',(56.7075044155173,10.8790772907711,2.));
#3503=CARTESIAN_POINT('',(56.7075044155173,-10.8790772907712,2.));
#3504=CARTESIAN_POINT('Origin',(43.,-4.44089209850063E-15,2.));
#3505=CARTESIAN_POINT('',(54.9261121998225,-9.09768507507632,2.));
#3506=CARTESIAN_POINT('',(38.5608589889452,7.26756813580096,2.));
#3507=CARTESIAN_POINT('',(54.9261121998225,9.09768507507631,2.));
#3508=CARTESIAN_POINT('Origin',(43.,-4.44089209850063E-15,2.));
#3509=CARTESIAN_POINT('',(40.1701628810978,-5.6582642436484,2.));
#3510=CARTESIAN_POINT('',(45.5,-4.13473039871379E-15,2.));
#3511=CARTESIAN_POINT('Origin',(43.,-4.44089209850063E-15,2.));
#3512=CARTESIAN_POINT('',(60.2611375541136,14.4327104293674,2.));
#3513=CARTESIAN_POINT('',(60.2611375541136,-14.4327104293674,2.));
#3514=CARTESIAN_POINT('Origin',(43.,-4.44089209850063E-15,2.));
#3515=CARTESIAN_POINT('',(58.4854615090004,-12.6570343842542,2.));
#3516=CARTESIAN_POINT('',(40.3376755582433,5.49075156650285,2.));
#3517=CARTESIAN_POINT('',(58.4854615090004,12.6570343842542,2.));
#3518=CARTESIAN_POINT('Origin',(43.,-4.44089209850063E-15,2.));
#3519=CARTESIAN_POINT('',(41.9498375356868,-3.87858958905944,2.));
#3520=CARTESIAN_POINT('',(46.6970485126921,-6.52547563743832,2.));
#3521=CARTESIAN_POINT('',(39.3029514873079,-6.52547563743833,2.));
#3522=CARTESIAN_POINT('Origin',(43.,-4.44089209850063E-15,2.));
#3523=CARTESIAN_POINT('',(41.1738426613374,-4.65458446340882,2.));
#3524=CARTESIAN_POINT('',(32.3585825248405,-13.4698445999057,2.));
#3525=CARTESIAN_POINT('',(44.8261573386626,-4.65458446340881,2.));
#3526=CARTESIAN_POINT('Origin',(43.,-4.44089209850063E-15,2.));
#3527=CARTESIAN_POINT('',(31.2059718881447,8.96560098710904,2.));
#3528=CARTESIAN_POINT('',(29.2924955844827,-10.8790772907712,2.));
#3529=CARTESIAN_POINT('',(29.2924955844826,10.8790772907711,2.));
#3530=CARTESIAN_POINT('Origin',(43.,-4.44089209850063E-15,2.));
#3531=CARTESIAN_POINT('',(31.0738878001775,9.09768507507631,2.));
#3532=CARTESIAN_POINT('',(23.4391410110548,16.732431864199,2.));
#3533=CARTESIAN_POINT('',(31.0738878001775,-9.09768507507633,2.));
#3534=CARTESIAN_POINT('Origin',(43.,-4.44089209850063E-15,2.));
#3535=CARTESIAN_POINT('',(26.8298371189022,-13.3417357563516,2.));
#3536=CARTESIAN_POINT('',(35.6892493790655,10.1391777456807,2.));
#3537=CARTESIAN_POINT('',(50.3107506209345,10.1391777456807,2.));
#3538=CARTESIAN_POINT('Origin',(43.,-4.44089209850063E-15,2.));
#3539=CARTESIAN_POINT('',(48.5139902378637,8.3424173626099,2.));
#3540=CARTESIAN_POINT('',(36.4482685292807,-3.72330434597312,2.));
#3541=CARTESIAN_POINT('',(37.4860097621363,8.34241736260991,2.));
#3542=CARTESIAN_POINT('Origin',(43.,-4.44089209850063E-15,2.));
#3543=CARTESIAN_POINT('',(28.9501116622547,16.8783154624915,2.));
#3544=CARTESIAN_POINT('',(68.7132034355964,-21.2132034355964,2.));
#3545=CARTESIAN_POINT('Origin',(64.2132034355964,-21.2132034355964,2.));
#3546=CARTESIAN_POINT('',(26.2867965644036,21.2132034355964,2.));
#3547=CARTESIAN_POINT('Origin',(21.7867965644036,21.2132034355964,2.));
#3548=CARTESIAN_POINT('',(-67.5000000000008,-25.5000000000008,1.99999999999977));
#3549=CARTESIAN_POINT('Origin',(-64.5000000000008,-25.5000000000008,1.99999999999977));
#3550=CARTESIAN_POINT('',(-67.5000000000008,32.4999999999992,2.0000000000002));
#3551=CARTESIAN_POINT('Origin',(-64.5000000000008,32.4999999999992,2.0000000000002));
#3552=CARTESIAN_POINT('',(-44.5000000000009,32.4999999999992,2.0000000000002));
#3553=CARTESIAN_POINT('Origin',(-41.5000000000009,32.4999999999992,2.0000000000002));
#3554=CARTESIAN_POINT('',(68.7132034355964,21.2132034355964,2.));
#3555=CARTESIAN_POINT('Origin',(64.2132034355964,21.2132034355964,2.));
#3556=CARTESIAN_POINT('',(26.2867965644036,-21.2132034355964,2.));
#3557=CARTESIAN_POINT('Origin',(21.7867965644036,-21.2132034355964,2.));
#3558=CARTESIAN_POINT('Origin',(68.5,43.5,2.));
#3559=CARTESIAN_POINT('',(70.5,40.627718676731,5.));
#3560=CARTESIAN_POINT('',(70.5,40.627718676731,2.));
#3561=CARTESIAN_POINT('Origin',(68.5,43.5,5.));
#3562=CARTESIAN_POINT('Origin',(70.5,45.,2.));
#3563=CARTESIAN_POINT('',(70.5,-30.627718676731,5.));
#3564=CARTESIAN_POINT('',(70.5,-30.627718676731,2.));
#3565=CARTESIAN_POINT('',(70.5,-35.,5.));
#3566=CARTESIAN_POINT('Origin',(-68.5,-33.5,2.));
#3567=CARTESIAN_POINT('',(-70.5,-30.627718676731,5.));
#3568=CARTESIAN_POINT('',(-70.5,-30.627718676731,2.));
#3569=CARTESIAN_POINT('',(-65.627718676731,-35.5,5.));
#3570=CARTESIAN_POINT('Origin',(-68.5,-33.5,5.));
#3571=CARTESIAN_POINT('',(-65.627718676731,-35.5,2.));
#3572=CARTESIAN_POINT('Origin',(-70.5,-35.,2.));
#3573=CARTESIAN_POINT('',(-70.5,45.,5.));
#3574=CARTESIAN_POINT('Origin',(68.5,-33.5,2.));
#3575=CARTESIAN_POINT('',(65.627718676731,-35.5,5.));
#3576=CARTESIAN_POINT('',(65.627718676731,-35.5,2.));
#3577=CARTESIAN_POINT('Origin',(68.5,-33.5,5.));
#3578=CARTESIAN_POINT('Origin',(70.,-35.5,2.));
#3579=CARTESIAN_POINT('',(-70.,-35.5,5.));
#3580=CARTESIAN_POINT('Origin',(43.,-4.44089209850063E-15,2.));
#3581=CARTESIAN_POINT('',(30.3429656157458,15.4854615090004,2.));
#3582=CARTESIAN_POINT('',(55.6570343842542,15.4854615090004,2.));
#3583=CARTESIAN_POINT('Origin',(57.4327104293674,17.2611375541136,2.));
#3584=CARTESIAN_POINT('',(57.4327104293674,17.2611375541136,2.));
#3585=CARTESIAN_POINT('Origin',(43.,-4.44089209850063E-15,2.));
#3586=CARTESIAN_POINT('',(28.5672895706326,17.2611375541136,2.));
#3587=CARTESIAN_POINT('Origin',(30.3429656157458,15.4854615090004,2.));
#3588=CARTESIAN_POINT('Origin',(43.,-4.44089209850063E-15,2.));
#3589=CARTESIAN_POINT('',(41.1738426613374,4.6545844634088,2.));
#3590=CARTESIAN_POINT('',(44.8261573386626,4.6545844634088,2.));
#3591=CARTESIAN_POINT('Origin',(46.6970485126921,6.5254756374383,2.));
#3592=CARTESIAN_POINT('',(46.6970485126921,6.5254756374383,2.));
#3593=CARTESIAN_POINT('Origin',(43.,-4.44089209850063E-15,2.));
#3594=CARTESIAN_POINT('',(39.3029514873079,6.52547563743831,2.));
#3595=CARTESIAN_POINT('Origin',(41.1738426613374,4.6545844634088,2.));
#3596=CARTESIAN_POINT('Origin',(43.,-4.44089209850063E-15,2.));
#3597=CARTESIAN_POINT('',(52.0976850750763,-11.9261121998225,2.));
#3598=CARTESIAN_POINT('',(33.9023149249237,-11.9261121998225,2.));
#3599=CARTESIAN_POINT('Origin',(32.1209227092288,-13.7075044155174,2.));
#3600=CARTESIAN_POINT('',(32.1209227092288,-13.7075044155174,2.));
#3601=CARTESIAN_POINT('Origin',(43.,-4.44089209850063E-15,2.));
#3602=CARTESIAN_POINT('',(53.8790772907711,-13.7075044155173,2.));
#3603=CARTESIAN_POINT('Origin',(52.0976850750763,-11.9261121998225,2.));
#3604=CARTESIAN_POINT('Origin',(43.,-4.44089209850063E-15,2.));
#3605=CARTESIAN_POINT('',(51.3424173626099,5.51399023786371,2.));
#3606=CARTESIAN_POINT('',(51.3424173626099,-5.51399023786373,2.));
#3607=CARTESIAN_POINT('Origin',(53.1391777456807,-7.31075062093448,2.));
#3608=CARTESIAN_POINT('',(53.1391777456807,-7.31075062093448,2.));
#3609=CARTESIAN_POINT('Origin',(43.,-4.44089209850063E-15,2.));
#3610=CARTESIAN_POINT('',(53.1391777456807,7.31075062093447,2.));
#3611=CARTESIAN_POINT('Origin',(51.3424173626099,5.51399023786372,2.));
#3612=CARTESIAN_POINT('Origin',(43.,-4.44089209850063E-15,2.));
#3613=CARTESIAN_POINT('',(47.6545844634088,1.82615733866261,2.));
#3614=CARTESIAN_POINT('',(47.6545844634088,-1.82615733866263,2.));
#3615=CARTESIAN_POINT('Origin',(49.5254756374383,-3.69704851269213,2.));
#3616=CARTESIAN_POINT('',(49.5254756374383,-3.69704851269213,2.));
#3617=CARTESIAN_POINT('Origin',(43.,-4.44089209850063E-15,2.));
#3618=CARTESIAN_POINT('',(49.5254756374383,3.69704851269212,2.));
#3619=CARTESIAN_POINT('Origin',(47.6545844634088,1.82615733866261,2.));
#3620=CARTESIAN_POINT('Origin',(43.,-4.44089209850063E-15,2.));
#3621=CARTESIAN_POINT('',(55.6570343842542,-15.4854615090004,2.));
#3622=CARTESIAN_POINT('',(30.3429656157458,-15.4854615090004,2.));
#3623=CARTESIAN_POINT('Origin',(28.5672895706326,-17.2611375541136,2.));
#3624=CARTESIAN_POINT('',(28.5672895706326,-17.2611375541136,2.));
#3625=CARTESIAN_POINT('Origin',(43.,-4.44089209850063E-15,2.));
#3626=CARTESIAN_POINT('',(57.4327104293674,-17.2611375541136,2.));
#3627=CARTESIAN_POINT('Origin',(55.6570343842542,-15.4854615090004,2.));
#3628=CARTESIAN_POINT('Origin',(43.,-4.44089209850063E-15,2.));
#3629=CARTESIAN_POINT('',(38.3454155365912,-1.82615733866263,2.));
#3630=CARTESIAN_POINT('',(38.3454155365912,1.82615733866261,2.));
#3631=CARTESIAN_POINT('Origin',(36.4745243625617,3.69704851269211,2.));
#3632=CARTESIAN_POINT('',(36.4745243625617,3.69704851269211,2.));
#3633=CARTESIAN_POINT('Origin',(43.,-4.44089209850063E-15,2.));
#3634=CARTESIAN_POINT('',(36.4745243625617,-3.69704851269213,2.));
#3635=CARTESIAN_POINT('Origin',(38.3454155365912,-1.82615733866263,2.));
#3636=CARTESIAN_POINT('Origin',(43.,-4.44089209850063E-15,2.));
#3637=CARTESIAN_POINT('',(27.5145384909996,-12.6570343842542,2.));
#3638=CARTESIAN_POINT('',(27.5145384909996,12.6570343842542,2.));
#3639=CARTESIAN_POINT('Origin',(25.7388624458864,14.4327104293674,2.));
#3640=CARTESIAN_POINT('',(25.7388624458864,14.4327104293674,2.));
#3641=CARTESIAN_POINT('Origin',(43.,-4.44089209850063E-15,2.));
#3642=CARTESIAN_POINT('',(25.7388624458864,-14.4327104293674,2.));
#3643=CARTESIAN_POINT('Origin',(27.5145384909996,-12.6570343842542,2.));
#3644=CARTESIAN_POINT('Origin',(43.,-4.44089209850063E-15,2.));
#3645=CARTESIAN_POINT('',(33.9023149249237,11.9261121998225,2.));
#3646=CARTESIAN_POINT('',(52.0976850750763,11.9261121998225,2.));
#3647=CARTESIAN_POINT('Origin',(53.8790772907711,13.7075044155173,2.));
#3648=CARTESIAN_POINT('',(53.8790772907711,13.7075044155173,2.));
#3649=CARTESIAN_POINT('Origin',(43.,-4.44089209850063E-15,2.));
#3650=CARTESIAN_POINT('',(32.1209227092288,13.7075044155173,2.));
#3651=CARTESIAN_POINT('Origin',(33.9023149249237,11.9261121998225,2.));
#3652=CARTESIAN_POINT('Origin',(43.,-4.44089209850063E-15,2.));
#3653=CARTESIAN_POINT('',(34.6575826373901,-5.51399023786373,2.));
#3654=CARTESIAN_POINT('',(34.6575826373901,5.51399023786372,2.));
#3655=CARTESIAN_POINT('Origin',(32.8608222543193,7.31075062093447,2.));
#3656=CARTESIAN_POINT('',(32.8608222543193,7.31075062093447,2.));
#3657=CARTESIAN_POINT('Origin',(43.,-4.44089209850063E-15,2.));
#3658=CARTESIAN_POINT('',(32.8608222543193,-7.31075062093449,2.));
#3659=CARTESIAN_POINT('Origin',(34.6575826373901,-5.51399023786373,2.));
#3660=CARTESIAN_POINT('Origin',(43.,-4.44089209850063E-15,2.));
#3661=CARTESIAN_POINT('',(48.5139902378637,-8.34241736260991,2.));
#3662=CARTESIAN_POINT('',(37.4860097621363,-8.34241736260992,2.));
#3663=CARTESIAN_POINT('Origin',(35.6892493790655,-10.1391777456807,2.));
#3664=CARTESIAN_POINT('',(35.6892493790655,-10.1391777456807,2.));
#3665=CARTESIAN_POINT('Origin',(43.,-4.44089209850063E-15,2.));
#3666=CARTESIAN_POINT('',(50.3107506209345,-10.1391777456807,2.));
#3667=CARTESIAN_POINT('Origin',(48.5139902378637,-8.34241736260991,2.));
#3668=CARTESIAN_POINT('Origin',(43.,-4.44089209850063E-15,2.));
#3669=CARTESIAN_POINT('',(54.9261121998225,9.09768507507631,2.));
#3670=CARTESIAN_POINT('',(54.9261121998225,-9.09768507507632,2.));
#3671=CARTESIAN_POINT('Origin',(56.7075044155173,-10.8790772907712,2.));
#3672=CARTESIAN_POINT('',(56.7075044155173,-10.8790772907712,2.));
#3673=CARTESIAN_POINT('Origin',(43.,-4.44089209850063E-15,2.));
#3674=CARTESIAN_POINT('',(56.7075044155173,10.8790772907711,2.));
#3675=CARTESIAN_POINT('Origin',(54.9261121998225,9.09768507507631,2.));
#3676=CARTESIAN_POINT('Origin',(43.,-4.44089209850063E-15,2.));
#3677=CARTESIAN_POINT('',(45.5,-4.74705379828746E-15,2.));
#3678=CARTESIAN_POINT('Origin',(43.,-4.44089209850063E-15,2.));
#3679=CARTESIAN_POINT('',(58.4854615090004,12.6570343842542,2.));
#3680=CARTESIAN_POINT('',(58.4854615090004,-12.6570343842542,2.));
#3681=CARTESIAN_POINT('Origin',(60.2611375541136,-14.4327104293674,2.));
#3682=CARTESIAN_POINT('',(60.2611375541136,-14.4327104293674,2.));
#3683=CARTESIAN_POINT('Origin',(43.,-4.44089209850063E-15,2.));
#3684=CARTESIAN_POINT('',(60.2611375541136,14.4327104293674,2.));
#3685=CARTESIAN_POINT('Origin',(58.4854615090004,12.6570343842542,2.));
#3686=CARTESIAN_POINT('Origin',(43.,-4.44089209850063E-15,2.));
#3687=CARTESIAN_POINT('',(44.8261573386626,-4.65458446340881,2.));
#3688=CARTESIAN_POINT('',(41.1738426613374,-4.65458446340882,2.));
#3689=CARTESIAN_POINT('Origin',(39.3029514873079,-6.52547563743833,2.));
#3690=CARTESIAN_POINT('',(39.3029514873079,-6.52547563743833,2.));
#3691=CARTESIAN_POINT('Origin',(43.,-4.44089209850063E-15,2.));
#3692=CARTESIAN_POINT('',(46.6970485126921,-6.52547563743832,2.));
#3693=CARTESIAN_POINT('Origin',(44.8261573386626,-4.65458446340881,2.));
#3694=CARTESIAN_POINT('Origin',(43.,-4.44089209850063E-15,2.));
#3695=CARTESIAN_POINT('',(31.0738878001775,-9.09768507507633,2.));
#3696=CARTESIAN_POINT('',(31.0738878001775,9.09768507507631,2.));
#3697=CARTESIAN_POINT('Origin',(29.2924955844826,10.8790772907711,2.));
#3698=CARTESIAN_POINT('',(29.2924955844826,10.8790772907711,2.));
#3699=CARTESIAN_POINT('Origin',(43.,-4.44089209850063E-15,2.));
#3700=CARTESIAN_POINT('',(29.2924955844827,-10.8790772907712,2.));
#3701=CARTESIAN_POINT('Origin',(31.0738878001775,-9.09768507507633,2.));
#3702=CARTESIAN_POINT('Origin',(43.,-4.44089209850063E-15,2.));
#3703=CARTESIAN_POINT('',(37.4860097621363,8.34241736260991,2.));
#3704=CARTESIAN_POINT('',(48.5139902378637,8.3424173626099,2.));
#3705=CARTESIAN_POINT('Origin',(50.3107506209345,10.1391777456807,2.));
#3706=CARTESIAN_POINT('',(50.3107506209345,10.1391777456807,2.));
#3707=CARTESIAN_POINT('Origin',(43.,-4.44089209850063E-15,2.));
#3708=CARTESIAN_POINT('',(35.6892493790655,10.1391777456807,2.));
#3709=CARTESIAN_POINT('Origin',(37.4860097621363,8.34241736260991,2.));
#3710=CARTESIAN_POINT('Origin',(64.2132034355964,21.2132034355964,1.));
#3711=CARTESIAN_POINT('',(62.6132034355964,21.2132034355964,2.));
#3712=CARTESIAN_POINT('',(61.6132034355964,21.2132034355964,1.));
#3713=CARTESIAN_POINT('Origin',(64.2132034355964,21.2132034355964,2.));
#3714=CARTESIAN_POINT('Origin',(64.2132034355964,21.2132034355964,3.));
#3715=CARTESIAN_POINT('',(62.6132034355964,21.2132034355964,4.));
#3716=CARTESIAN_POINT('Origin',(64.2132034355964,21.2132034355964,4.));
#3717=CARTESIAN_POINT('',(62.6132034355964,21.2132034355964,3.));
#3718=CARTESIAN_POINT('Origin',(21.7867965644036,21.2132034355964,1.));
#3719=CARTESIAN_POINT('',(20.1867965644036,21.2132034355964,2.));
#3720=CARTESIAN_POINT('',(19.1867965644036,21.2132034355964,1.));
#3721=CARTESIAN_POINT('Origin',(21.7867965644036,21.2132034355964,2.));
#3722=CARTESIAN_POINT('Origin',(21.7867965644036,21.2132034355964,3.));
#3723=CARTESIAN_POINT('',(20.1867965644036,21.2132034355964,4.));
#3724=CARTESIAN_POINT('Origin',(21.7867965644036,21.2132034355964,4.));
#3725=CARTESIAN_POINT('',(20.1867965644036,21.2132034355964,3.));
#3726=CARTESIAN_POINT('Origin',(21.7867965644036,-21.2132034355964,1.));
#3727=CARTESIAN_POINT('',(20.1867965644036,-21.2132034355964,2.));
#3728=CARTESIAN_POINT('',(19.1867965644036,-21.2132034355964,1.));
#3729=CARTESIAN_POINT('Origin',(21.7867965644036,-21.2132034355964,2.));
#3730=CARTESIAN_POINT('Origin',(21.7867965644036,-21.2132034355964,3.));
#3731=CARTESIAN_POINT('',(20.1867965644036,-21.2132034355964,4.));
#3732=CARTESIAN_POINT('Origin',(21.7867965644036,-21.2132034355964,4.));
#3733=CARTESIAN_POINT('',(20.1867965644036,-21.2132034355964,3.));
#3734=CARTESIAN_POINT('Origin',(64.2132034355964,-21.2132034355964,1.));
#3735=CARTESIAN_POINT('',(62.6132034355964,-21.2132034355964,2.));
#3736=CARTESIAN_POINT('',(61.6132034355964,-21.2132034355964,1.));
#3737=CARTESIAN_POINT('Origin',(64.2132034355964,-21.2132034355964,2.));
#3738=CARTESIAN_POINT('Origin',(64.2132034355964,-21.2132034355964,3.));
#3739=CARTESIAN_POINT('',(62.6132034355964,-21.2132034355964,4.));
#3740=CARTESIAN_POINT('Origin',(64.2132034355964,-21.2132034355964,4.));
#3741=CARTESIAN_POINT('',(62.6132034355964,-21.2132034355964,3.));
#3742=CARTESIAN_POINT('Origin',(21.7867965644036,-21.2132034355964,3.));
#3743=CARTESIAN_POINT('',(24.2867965644036,-21.2132034355964,4.));
#3744=CARTESIAN_POINT('',(25.2867965644036,-21.2132034355964,3.));
#3745=CARTESIAN_POINT('Origin',(21.7867965644036,-21.2132034355964,4.));
#3746=CARTESIAN_POINT('Origin',(64.2132034355964,-21.2132034355964,3.));
#3747=CARTESIAN_POINT('',(66.7132034355964,-21.2132034355964,4.));
#3748=CARTESIAN_POINT('',(67.7132034355964,-21.2132034355964,3.));
#3749=CARTESIAN_POINT('Origin',(64.2132034355964,-21.2132034355964,4.));
#3750=CARTESIAN_POINT('Origin',(64.2132034355964,21.2132034355964,3.));
#3751=CARTESIAN_POINT('',(66.7132034355964,21.2132034355964,4.));
#3752=CARTESIAN_POINT('',(67.7132034355964,21.2132034355964,3.));
#3753=CARTESIAN_POINT('Origin',(64.2132034355964,21.2132034355964,4.));
#3754=CARTESIAN_POINT('Origin',(21.7867965644036,21.2132034355964,3.));
#3755=CARTESIAN_POINT('',(24.2867965644036,21.2132034355964,4.));
#3756=CARTESIAN_POINT('',(25.2867965644036,21.2132034355964,3.));
#3757=CARTESIAN_POINT('Origin',(21.7867965644036,21.2132034355964,4.));
#3758=CARTESIAN_POINT('Origin',(21.7867965644036,-21.2132034355964,4.));
#3759=CARTESIAN_POINT('Origin',(21.7867965644036,21.2132034355964,4.));
#3760=CARTESIAN_POINT('Origin',(64.2132034355964,-21.2132034355964,4.));
#3761=CARTESIAN_POINT('Origin',(64.2132034355964,21.2132034355964,4.));
#3762=CARTESIAN_POINT('Origin',(0.,4.99999999999999,1.));
#3763=CARTESIAN_POINT('',(-65.6500000000008,32.4999999999992,1.0000000000002));
#3764=CARTESIAN_POINT('Origin',(-64.5000000000008,32.4999999999992,1.0000000000002));
#3765=CARTESIAN_POINT('Origin',(0.,4.99999999999999,1.));
#3766=CARTESIAN_POINT('',(-42.6500000000009,32.4999999999992,1.0000000000002));
#3767=CARTESIAN_POINT('Origin',(-41.5000000000009,32.4999999999992,1.0000000000002));
#3768=CARTESIAN_POINT('Origin',(0.,4.99999999999999,1.));
#3769=CARTESIAN_POINT('',(-65.6500000000008,-25.5000000000008,0.999999999999774));
#3770=CARTESIAN_POINT('Origin',(-64.5000000000008,-25.5000000000008,0.999999999999774));
#3771=CARTESIAN_POINT('Origin',(-41.5000000000009,32.4999999999991,7.00000000000022));
#3772=CARTESIAN_POINT('',(-42.6500000000009,32.4999999999991,7.00000000000022));
#3773=CARTESIAN_POINT('',(-42.6500000000009,32.4999999999991,7.00000000000022));
#3774=CARTESIAN_POINT('Origin',(-41.5000000000009,32.4999999999991,7.00000000000022));
#3775=CARTESIAN_POINT('Origin',(-41.5000000000009,32.4999999999991,7.00000000000022));
#3776=CARTESIAN_POINT('',(-44.5000000000009,32.4999999999991,7.00000000000022));
#3777=CARTESIAN_POINT('',(-44.5000000000009,32.4999999999991,7.00000000000022));
#3778=CARTESIAN_POINT('Origin',(-41.5000000000009,32.4999999999991,7.00000000000022));
#3779=CARTESIAN_POINT('Origin',(-41.5000000000009,32.4999999999991,7.00000000000022));
#3780=CARTESIAN_POINT('Origin',(-64.5000000000008,-25.5000000000008,6.99999999999981));
#3781=CARTESIAN_POINT('',(-65.6500000000008,-25.5000000000008,6.99999999999981));
#3782=CARTESIAN_POINT('',(-65.6500000000008,-25.5000000000008,6.99999999999981));
#3783=CARTESIAN_POINT('Origin',(-64.5000000000008,-25.5000000000008,6.99999999999981));
#3784=CARTESIAN_POINT('Origin',(-64.5000000000008,-25.5000000000008,6.99999999999981));
#3785=CARTESIAN_POINT('',(-67.5000000000008,-25.5000000000008,6.99999999999981));
#3786=CARTESIAN_POINT('',(-67.5000000000008,-25.5000000000008,6.99999999999981));
#3787=CARTESIAN_POINT('Origin',(-64.5000000000008,-25.5000000000008,6.99999999999981));
#3788=CARTESIAN_POINT('Origin',(-64.5000000000008,-25.5000000000008,6.99999999999981));
#3789=CARTESIAN_POINT('Origin',(-64.5000000000008,32.4999999999991,7.00000000000022));
#3790=CARTESIAN_POINT('',(-65.6500000000008,32.4999999999991,7.00000000000022));
#3791=CARTESIAN_POINT('',(-65.6500000000008,32.4999999999991,7.00000000000022));
#3792=CARTESIAN_POINT('Origin',(-64.5000000000008,32.4999999999991,7.00000000000022));
#3793=CARTESIAN_POINT('Origin',(-64.5000000000008,32.4999999999991,7.00000000000022));
#3794=CARTESIAN_POINT('',(-67.5000000000008,32.4999999999991,7.00000000000022));
#3795=CARTESIAN_POINT('',(-67.5000000000008,32.4999999999991,7.00000000000022));
#3796=CARTESIAN_POINT('Origin',(-64.5000000000008,32.4999999999991,7.00000000000022));
#3797=CARTESIAN_POINT('Origin',(-64.5000000000008,32.4999999999991,7.00000000000022));
#3798=CARTESIAN_POINT('Origin',(0.,4.99999999999999,5.));
#3799=CARTESIAN_POINT('',(72.5,-35.,5.));
#3800=CARTESIAN_POINT('',(72.5,45.,5.));
#3801=CARTESIAN_POINT('',(72.5,-35.,5.));
#3802=CARTESIAN_POINT('',(70.,47.5,5.));
#3803=CARTESIAN_POINT('Origin',(70.,45.,5.));
#3804=CARTESIAN_POINT('',(-70.,47.5,5.));
#3805=CARTESIAN_POINT('',(70.,47.5,5.));
#3806=CARTESIAN_POINT('',(-72.5,45.,5.));
#3807=CARTESIAN_POINT('Origin',(-70.,45.,5.));
#3808=CARTESIAN_POINT('',(-72.5,-35.,5.));
#3809=CARTESIAN_POINT('',(-72.5,45.,5.));
#3810=CARTESIAN_POINT('',(-70.,-37.5,5.));
#3811=CARTESIAN_POINT('Origin',(-70.,-35.,5.));
#3812=CARTESIAN_POINT('',(70.,-37.5,5.));
#3813=CARTESIAN_POINT('',(-70.,-37.5,5.));
#3814=CARTESIAN_POINT('Origin',(70.,-35.,5.));
#3815=CARTESIAN_POINT('Origin',(72.5,-35.,0.));
#3816=CARTESIAN_POINT('',(72.5,45.,0.));
#3817=CARTESIAN_POINT('',(72.5,-35.,0.));
#3818=CARTESIAN_POINT('Origin',(70.,-35.,0.));
#3819=CARTESIAN_POINT('',(70.,-37.5,0.));
#3820=CARTESIAN_POINT('Origin',(-70.,-37.5,0.));
#3821=CARTESIAN_POINT('',(-70.,-37.5,0.));
#3822=CARTESIAN_POINT('Origin',(-70.,-35.,0.));
#3823=CARTESIAN_POINT('',(-72.5,-35.,0.));
#3824=CARTESIAN_POINT('Origin',(-72.5,45.,0.));
#3825=CARTESIAN_POINT('',(-72.5,45.,0.));
#3826=CARTESIAN_POINT('Origin',(-70.,45.,0.));
#3827=CARTESIAN_POINT('',(-70.,47.5,0.));
#3828=CARTESIAN_POINT('Origin',(70.,47.5,0.));
#3829=CARTESIAN_POINT('',(70.,47.5,0.));
#3830=CARTESIAN_POINT('Origin',(70.,45.,0.));
#3831=UNCERTAINTY_MEASURE_WITH_UNIT(LENGTH_MEASURE(0.01),#3835,
'DISTANCE_ACCURACY_VALUE',
'Maximum model space distance between geometric entities at asserted c
onnectivities');
#3832=UNCERTAINTY_MEASURE_WITH_UNIT(LENGTH_MEASURE(0.01),#3835,
'DISTANCE_ACCURACY_VALUE',
'Maximum model space distance between geometric entities at asserted c
onnectivities');
#3833=(
GEOMETRIC_REPRESENTATION_CONTEXT(3)
GLOBAL_UNCERTAINTY_ASSIGNED_CONTEXT((#3831))
GLOBAL_UNIT_ASSIGNED_CONTEXT((#3835,#3836,#3837))
REPRESENTATION_CONTEXT('','3D')
);
#3834=(
GEOMETRIC_REPRESENTATION_CONTEXT(3)
GLOBAL_UNCERTAINTY_ASSIGNED_CONTEXT((#3832))
GLOBAL_UNIT_ASSIGNED_CONTEXT((#3835,#3836,#3837))
REPRESENTATION_CONTEXT('','3D')
);
#3835=(
LENGTH_UNIT()
NAMED_UNIT(*)
SI_UNIT(.MILLI.,.METRE.)
);
#3836=(
NAMED_UNIT(*)
PLANE_ANGLE_UNIT()
SI_UNIT($,.RADIAN.)
);
#3837=(
NAMED_UNIT(*)
SI_UNIT($,.STERADIAN.)
SOLID_ANGLE_UNIT()
);
#3838=SHAPE_DEFINITION_REPRESENTATION(#3839,#3840);
#3839=PRODUCT_DEFINITION_SHAPE('',$,#3842);
#3840=SHAPE_REPRESENTATION('',(#2263),#3833);
#3841=PRODUCT_DEFINITION_CONTEXT('part definition',#3846,'design');
#3842=PRODUCT_DEFINITION('Generic Case','Generic Case v4',#3843,#3841);
#3843=PRODUCT_DEFINITION_FORMATION('',$,#3848);
#3844=PRODUCT_RELATED_PRODUCT_CATEGORY('Generic Case v4',
'Generic Case v4',(#3848));
#3845=APPLICATION_PROTOCOL_DEFINITION('international standard',
'automotive_design',2009,#3846);
#3846=APPLICATION_CONTEXT(
'Core Data for Automotive Mechanical Design Process');
#3847=PRODUCT_CONTEXT('part definition',#3846,'mechanical');
#3848=PRODUCT('Generic Case','Generic Case v4',$,(#3847));
#3849=PRESENTATION_STYLE_ASSIGNMENT((#3850));
#3850=SURFACE_STYLE_USAGE(.BOTH.,#3851);
#3851=SURFACE_SIDE_STYLE('',(#3852));
#3852=SURFACE_STYLE_FILL_AREA(#3853);
#3853=FILL_AREA_STYLE('Steel - Satin',(#3854));
#3854=FILL_AREA_STYLE_COLOUR('Steel - Satin',#3855);
#3855=COLOUR_RGB('Steel - Satin',0.627450980392157,0.627450980392157,0.627450980392157);
ENDSEC;
END-ISO-10303-21;
